{"loaded_stories": 10000, "last_line": 10000}
{"loaded_stories": 20000, "last_line": 20000}
{"loaded_stories": 30000, "last_line": 30000}
{"loaded_stories": 40000, "last_line": 40000}
{"loaded_stories": 50000, "last_line": 50000}
{"loaded_stories": 60000, "last_line": 60000}
{"loaded_stories": 70000, "last_line": 70000}
{"loaded_stories": 80000, "last_line": 80000}
{"loaded_stories": 90000, "last_line": 90000}
{"loaded_stories": 100000, "last_line": 100000}
{"loaded_stories": 110000, "last_line": 110000}
{"loaded_stories": 120000, "last_line": 120000}
{"loaded_stories": 130000, "last_line": 130000}
{"loaded_stories": 140000, "last_line": 140000}
{"loaded_stories": 150000, "last_line": 150000}
{"loaded_stories": 160000, "last_line": 160000}
{"loaded_stories": 170000, "last_line": 170000}
{"loaded_stories": 180000, "last_line": 180000}
{"loaded_stories": 190000, "last_line": 190000}
{"loaded_stories": 200000, "last_line": 200000}
{"loaded_stories": 210000, "last_line": 210000}
{"loaded_stories": 220000, "last_line": 220000}
{"loaded_stories": 230000, "last_line": 230000}
{"loaded_stories": 240000, "last_line": 240000}
{"loaded_stories": 250000, "last_line": 250000}
{"loaded_stories": 260000, "last_line": 260000}
{"loaded_stories": 270000, "last_line": 270000}
{"loaded_stories": 280000, "last_line": 280000}
{"loaded_stories": 290000, "last_line": 290000}
{"loaded_stories": 300000, "last_line": 300000}
{"loaded_stories": 310000, "last_line": 310000}
{"loaded_stories": 320000, "last_line": 320000}
{"loaded_stories": 330000, "last_line": 330000}
{"loaded_stories": 340000, "last_line": 340000}
{"loaded_stories": 350000, "last_line": 350000}
{"loaded_stories": 360000, "last_line": 360000}
{"loaded_stories": 370000, "last_line": 370000}
{"loaded_stories": 380000, "last_line": 380000}
{"loaded_stories": 390000, "last_line": 390000}
{"loaded_stories": 400000, "last_line": 400000}
{"loaded_stories": 410000, "last_line": 410000}
{"loaded_stories": 420000, "last_line": 420000}
{"loaded_stories": 430000, "last_line": 430000}
{"loaded_stories": 440000, "last_line": 440000}
{"loaded_stories": 450000, "last_line": 450000}
{"loaded_stories": 460000, "last_line": 460000}
{"loaded_stories": 470000, "last_line": 470000}
{"loaded_stories": 480000, "last_line": 480000}
{"loaded_stories": 490000, "last_line": 490000}
{"loaded_stories": 500000, "last_line": 500000}
{"loaded_stories": 510000, "last_line": 510000}
{"loaded_stories": 520000, "last_line": 520000}
{"loaded_stories": 530000, "last_line": 530000}
{"loaded_stories": 540000, "last_line": 540000}
{"loaded_stories": 550000, "last_line": 550000}
{"loaded_stories": 560000, "last_line": 560000}
{"loaded_stories": 570000, "last_line": 570000}
{"loaded_stories": 580000, "last_line": 580000}
{"loaded_stories": 590000, "last_line": 590000}
{"loaded_stories": 600000, "last_line": 600000}
{"loaded_stories": 610000, "last_line": 610000}
{"loaded_stories": 620000, "last_line": 620000}
{"loaded_stories": 630000, "last_line": 630000}
{"loaded_stories": 640000, "last_line": 640000}
{"loaded_stories": 650000, "last_line": 650000}
{"loaded_stories": 660000, "last_line": 660000}
{"loaded_stories": 670000, "last_line": 670000}
{"loaded_stories": 680000, "last_line": 680000}
{"loaded_stories": 690000, "last_line": 690000}
{"loaded_stories": 700000, "last_line": 700000}
{"loaded_stories": 710000, "last_line": 710000}
{"loaded_stories": 720000, "last_line": 720000}
{"loaded_stories": 730000, "last_line": 730000}
{"loaded_stories": 740000, "last_line": 740000}
{"loaded_stories": 750000, "last_line": 750000}
{"loaded_stories": 760000, "last_line": 760000}
{"loaded_stories": 770000, "last_line": 770000}
{"loaded_stories": 780000, "last_line": 780000}
{"loaded_stories": 790000, "last_line": 790000}
{"loaded_stories": 800000, "last_line": 800000}
{"loaded_stories": 810000, "last_line": 810000}
{"loaded_stories": 820000, "last_line": 820000}
{"loaded_stories": 830000, "last_line": 830000}
{"loaded_stories": 840000, "last_line": 840000}
{"loaded_stories": 850000, "last_line": 850000}
{"loaded_stories": 860000, "last_line": 860000}
{"loaded_stories": 870000, "last_line": 870000}
{"loaded_stories": 880000, "last_line": 880000}
{"loaded_stories": 890000, "last_line": 890000}
{"loaded_stories": 900000, "last_line": 900000}
{"loaded_stories": 910000, "last_line": 910000}
{"loaded_stories": 920000, "last_line": 920000}
{"loaded_stories": 930000, "last_line": 930000}
{"loaded_stories": 940000, "last_line": 940000}
{"loaded_stories": 950000, "last_line": 950000}
{"loaded_stories": 960000, "last_line": 960000}
{"loaded_stories": 970000, "last_line": 970000}
{"loaded_stories": 980000, "last_line": 980000}
{"loaded_stories": 990000, "last_line": 990000}
{"loaded_stories": 1000000, "last_line": 1000000}
{"loaded_stories": 1010000, "last_line": 1010000}
{"loaded_stories": 1020000, "last_line": 1020000}
{"loaded_stories": 1030000, "last_line": 1030000}
{"loaded_stories": 1040000, "last_line": 1040000}
{"loaded_stories": 1050000, "last_line": 1050000}
{"loaded_stories": 1060000, "last_line": 1060000}
{"loaded_stories": 1070000, "last_line": 1070000}
{"loaded_stories": 1080000, "last_line": 1080000}
{"loaded_stories": 1090000, "last_line": 1090000}
{"loaded_stories": 1100000, "last_line": 1100000}
{"loaded_stories": 1110000, "last_line": 1110000}
{"loaded_stories": 1120000, "last_line": 1120000}
{"loaded_stories": 1130000, "last_line": 1130000}
{"loaded_stories": 1140000, "last_line": 1140000}
{"loaded_stories": 1150000, "last_line": 1150000}
{"loaded_stories": 1160000, "last_line": 1160000}
{"loaded_stories": 1170000, "last_line": 1170000}
{"loaded_stories": 1180000, "last_line": 1180000}
{"loaded_stories": 1190000, "last_line": 1190000}
{"loaded_stories": 1200000, "last_line": 1200000}
{"loaded_stories": 1210000, "last_line": 1210000}
{"loaded_stories": 1220000, "last_line": 1220000}
{"loaded_stories": 1230000, "last_line": 1230000}
{"loaded_stories": 1240000, "last_line": 1240000}
{"loaded_stories": 1250000, "last_line": 1250000}
{"loaded_stories": 1260000, "last_line": 1260000}
{"loaded_stories": 1270000, "last_line": 1270000}
{"loaded_stories": 1280000, "last_line": 1280000}
{"loaded_stories": 1290000, "last_line": 1290000}
{"loaded_stories": 1300000, "last_line": 1300000}
{"loaded_stories": 1310000, "last_line": 1310000}
{"loaded_stories": 1320000, "last_line": 1320000}
{"loaded_stories": 1330000, "last_line": 1330000}
{"loaded_stories": 1340000, "last_line": 1340000}
{"loaded_stories": 1350000, "last_line": 1350000}
{"loaded_stories": 1360000, "last_line": 1360000}
{"loaded_stories": 1370000, "last_line": 1370000}
{"loaded_stories": 1380000, "last_line": 1380000}
{"loaded_stories": 1390000, "last_line": 1390000}
{"loaded_stories": 1400000, "last_line": 1400000}
{"loaded_stories": 1410000, "last_line": 1410000}
{"loaded_stories": 1420000, "last_line": 1420000}
{"loaded_stories": 1430000, "last_line": 1430000}
{"loaded_stories": 1440000, "last_line": 1440000}
{"loaded_stories": 1450000, "last_line": 1450000}
{"loaded_stories": 1460000, "last_line": 1460000}
{"loaded_stories": 1470000, "last_line": 1470000}
{"loaded_stories": 1480000, "last_line": 1480000}
{"loaded_stories": 1490000, "last_line": 1490000}
{"loaded_stories": 1500000, "last_line": 1500000}
{"loaded_stories": 1510000, "last_line": 1510000}
{"loaded_stories": 1520000, "last_line": 1520000}
{"loaded_stories": 1530000, "last_line": 1530000}
{"loaded_stories": 1540000, "last_line": 1540000}
{"loaded_stories": 1550000, "last_line": 1550000}
{"loaded_stories": 1560000, "last_line": 1560000}
{"loaded_stories": 1570000, "last_line": 1570000}
{"loaded_stories": 1580000, "last_line": 1580000}
{"loaded_stories": 1590000, "last_line": 1590000}
{"loaded_stories": 1600000, "last_line": 1600000}
{"loaded_stories": 1610000, "last_line": 1610000}
{"loaded_stories": 1620000, "last_line": 1620000}
{"loaded_stories": 1630000, "last_line": 1630000}
{"loaded_stories": 1640000, "last_line": 1640000}
{"loaded_stories": 1650000, "last_line": 1650000}
{"loaded_stories": 1660000, "last_line": 1660000}
{"loaded_stories": 1670000, "last_line": 1670000}
{"loaded_stories": 1680000, "last_line": 1680000}
{"loaded_stories": 1690000, "last_line": 1690000}
{"loaded_stories": 1700000, "last_line": 1700000}
{"loaded_stories": 1710000, "last_line": 1710000}
{"loaded_stories": 1720000, "last_line": 1720000}
{"loaded_stories": 1730000, "last_line": 1730000}
{"loaded_stories": 1740000, "last_line": 1740000}
{"loaded_stories": 1750000, "last_line": 1750000}
{"loaded_stories": 1760000, "last_line": 1760000}
{"loaded_stories": 1770000, "last_line": 1770000}
{"loaded_stories": 1780000, "last_line": 1780000}
{"loaded_stories": 1790000, "last_line": 1790000}
{"loaded_stories": 1800000, "last_line": 1800000}
{"loaded_stories": 1810000, "last_line": 1810000}
{"loaded_stories": 1820000, "last_line": 1820000}
{"loaded_stories": 1830000, "last_line": 1830000}
{"loaded_stories": 1840000, "last_line": 1840000}
{"loaded_stories": 1850000, "last_line": 1850000}
{"loaded_stories": 1860000, "last_line": 1860000}
{"loaded_stories": 1870000, "last_line": 1870000}
{"loaded_stories": 1880000, "last_line": 1880000}
{"loaded_stories": 1890000, "last_line": 1890000}
{"loaded_stories": 1900000, "last_line": 1900000}
{"loaded_stories": 1910000, "last_line": 1910000}
{"loaded_stories": 1920000, "last_line": 1920000}
{"loaded_stories": 1930000, "last_line": 1930000}
{"loaded_stories": 1940000, "last_line": 1940000}
{"loaded_stories": 1950000, "last_line": 1950000}
{"loaded_stories": 1960000, "last_line": 1960000}
{"loaded_stories": 1970000, "last_line": 1970000}
{"loaded_stories": 1980000, "last_line": 1980000}
{"loaded_stories": 1990000, "last_line": 1990000}
{"loaded_stories": 2000000, "last_line": 2000000}
{"loaded_stories": 2010000, "last_line": 2010000}
{"loaded_stories": 2020000, "last_line": 2020000}
{"loaded_stories": 2030000, "last_line": 2030000}
{"loaded_stories": 2040000, "last_line": 2040000}
{"loaded_stories": 2050000, "last_line": 2050000}
{"loaded_stories": 2060000, "last_line": 2060000}
{"loaded_stories": 2070000, "last_line": 2070000}
{"loaded_stories": 2080000, "last_line": 2080000}
{"loaded_stories": 2090000, "last_line": 2090000}
{"loaded_stories": 2100000, "last_line": 2100000}
{"loaded_stories": 2110000, "last_line": 2110000}
{"device": "cuda", "train_stories": 100000, "validation_stories": 10000, "train_characters": 89757434, "validation_characters": 8949557, "stride": 128, "train_sequences": 701229, "validation_sequences": 69918, "batches_per_epoch": 14609, "total_training_batches": 146090}
{"epoch": 1, "batch": 50, "batches_per_epoch": 14609, "loss": 3.541090726852417, "lr": 5.099998525961188e-05}
{"epoch": 1, "batch": 100, "batches_per_epoch": 14609, "loss": 2.6683223247528076, "lr": 0.00010099988323303768}
{"epoch": 1, "batch": 150, "batches_per_epoch": 14609, "loss": 2.4900357723236084, "lr": 0.0001509996072123134}
{"epoch": 1, "batch": 200, "batches_per_epoch": 14609, "loss": 2.3867084980010986, "lr": 0.00020099907048981002}
{"epoch": 1, "batch": 250, "batches_per_epoch": 14609, "loss": 2.320363759994507, "lr": 0.0002509981863584003}
{"epoch": 1, "batch": 300, "batches_per_epoch": 14609, "loss": 2.285992383956909, "lr": 0.0003009968681116259}
{"epoch": 1, "batch": 350, "batches_per_epoch": 14609, "loss": 2.2071807384490967, "lr": 0.00035099502904386464}
{"epoch": 1, "batch": 400, "batches_per_epoch": 14609, "loss": 2.0786619186401367, "lr": 0.00040099258245049747}
{"epoch": 1, "batch": 450, "batches_per_epoch": 14609, "loss": 1.9625784158706665, "lr": 0.00045098944162807526}
{"checkpoint": "/content/GenAI/task1_llm/member_denisha/checkpoints/gpt_from_scratch_latest.pt", "epoch": 1, "batch": 500}
{"epoch": 1, "batch": 500, "batches_per_epoch": 14609, "loss": 1.8156989812850952, "lr": 0.0004999855487769325}
{"epoch": 1, "batch": 550, "batches_per_epoch": 14609, "loss": 1.7644309997558594, "lr": 0.0004999825140554659}
{"epoch": 1, "batch": 600, "batches_per_epoch": 14609, "loss": 1.680416464805603, "lr": 0.0004999791903269969}
{"epoch": 1, "batch": 650, "batches_per_epoch": 14609, "loss": 1.6302270889282227, "lr": 0.000499975577595368}
{"epoch": 1, "batch": 700, "batches_per_epoch": 14609, "loss": 1.5490145683288574, "lr": 0.000499971675864756}
{"epoch": 1, "batch": 750, "batches_per_epoch": 14609, "loss": 1.4521604776382446, "lr": 0.0004999674851396718}
{"epoch": 1, "batch": 800, "batches_per_epoch": 14609, "loss": 1.4972782135009766, "lr": 0.0004999630054249603}
{"epoch": 1, "batch": 850, "batches_per_epoch": 14609, "loss": 1.4337753057479858, "lr": 0.0004999582367258004}
{"epoch": 1, "batch": 900, "batches_per_epoch": 14609, "loss": 1.3889020681381226, "lr": 0.0004999531790477054}
{"epoch": 1, "batch": 950, "batches_per_epoch": 14609, "loss": 1.4065543413162231, "lr": 0.0004999478323965225}
{"checkpoint": "/content/GenAI/task1_llm/member_denisha/checkpoints/gpt_from_scratch_latest.pt", "epoch": 1, "batch": 1000}
{"epoch": 1, "batch": 1000, "batches_per_epoch": 14609, "loss": 1.376125693321228, "lr": 0.0004999421967784329}
{"epoch": 1, "batch": 1050, "batches_per_epoch": 14609, "loss": 1.343520164489746, "lr": 0.0004999362721999521}
{"epoch": 1, "batch": 1100, "batches_per_epoch": 14609, "loss": 1.3571581840515137, "lr": 0.0004999300586679296}
{"epoch": 1, "batch": 1150, "batches_per_epoch": 14609, "loss": 1.3460642099380493, "lr": 0.0004999235561895487}
{"epoch": 1, "batch": 1200, "batches_per_epoch": 14609, "loss": 1.2562602758407593, "lr": 0.0004999167647723273}
{"epoch": 1, "batch": 1250, "batches_per_epoch": 14609, "loss": 1.3173935413360596, "lr": 0.0004999096844241167}
{"epoch": 1, "batch": 1300, "batches_per_epoch": 14609, "loss": 1.3204175233840942, "lr": 0.0004999023151531027}
{"epoch": 1, "batch": 1350, "batches_per_epoch": 14609, "loss": 1.2533396482467651, "lr": 0.000499894656967805}
{"epoch": 1, "batch": 1400, "batches_per_epoch": 14609, "loss": 1.279594898223877, "lr": 0.0004998867098770772}
{"epoch": 1, "batch": 1450, "batches_per_epoch": 14609, "loss": 1.2802578210830688, "lr": 0.0004998784738901071}
{"checkpoint": "/content/GenAI/task1_llm/member_denisha/checkpoints/gpt_from_scratch_latest.pt", "epoch": 1, "batch": 1500}
{"epoch": 1, "batch": 1500, "batches_per_epoch": 14609, "loss": 1.171748161315918, "lr": 0.0004998699490164163}
{"epoch": 1, "batch": 1550, "batches_per_epoch": 14609, "loss": 1.1940959692001343, "lr": 0.0004998611352658607}
{"epoch": 1, "batch": 1600, "batches_per_epoch": 14609, "loss": 1.1990234851837158, "lr": 0.0004998520326486297}
{"epoch": 1, "batch": 1650, "batches_per_epoch": 14609, "loss": 1.146340250968933, "lr": 0.000499842641175247}
{"epoch": 1, "batch": 1700, "batches_per_epoch": 14609, "loss": 1.225095272064209, "lr": 0.0004998329608565703}
{"epoch": 1, "batch": 1750, "batches_per_epoch": 14609, "loss": 1.2008742094039917, "lr": 0.0004998229917037908}
{"epoch": 1, "batch": 1800, "batches_per_epoch": 14609, "loss": 1.2056976556777954, "lr": 0.0004998127337284343}
{"epoch": 1, "batch": 1850, "batches_per_epoch": 14609, "loss": 1.1758661270141602, "lr": 0.0004998021869423597}
{"epoch": 1, "batch": 1900, "batches_per_epoch": 14609, "loss": 1.176486849784851, "lr": 0.0004997913513577608}
{"epoch": 1, "batch": 1950, "batches_per_epoch": 14609, "loss": 1.1117968559265137, "lr": 0.0004997802269871642}
{"checkpoint": "/content/GenAI/task1_llm/member_denisha/checkpoints/gpt_from_scratch_latest.pt", "epoch": 1, "batch": 2000}
{"epoch": 1, "batch": 2000, "batches_per_epoch": 14609, "loss": 1.0976866483688354, "lr": 0.0004997688138434311}
{"epoch": 1, "batch": 2050, "batches_per_epoch": 14609, "loss": 1.1609686613082886, "lr": 0.0004997571119397563}
{"epoch": 1, "batch": 2100, "batches_per_epoch": 14609, "loss": 1.119254469871521, "lr": 0.0004997451212896685}
{"epoch": 1, "batch": 2150, "batches_per_epoch": 14609, "loss": 1.1235281229019165, "lr": 0.0004997328419070302}
{"epoch": 1, "batch": 2200, "batches_per_epoch": 14609, "loss": 1.1375808715820312, "lr": 0.0004997202738060377}
{"epoch": 1, "batch": 2250, "batches_per_epoch": 14609, "loss": 1.0871223211288452, "lr": 0.000499707417001221}
{"epoch": 1, "batch": 2300, "batches_per_epoch": 14609, "loss": 1.0700639486312866, "lr": 0.0004996942715074442}
{"epoch": 1, "batch": 2350, "batches_per_epoch": 14609, "loss": 1.1422653198242188, "lr": 0.0004996808373399047}
{"epoch": 1, "batch": 2400, "batches_per_epoch": 14609, "loss": 1.0977503061294556, "lr": 0.0004996671145141339}
{"epoch": 1, "batch": 2450, "batches_per_epoch": 14609, "loss": 1.122782588005066, "lr": 0.0004996531030459969}
{"checkpoint": "/content/GenAI/task1_llm/member_denisha/checkpoints/gpt_from_scratch_latest.pt", "epoch": 1, "batch": 2500}
{"epoch": 1, "batch": 2500, "batches_per_epoch": 14609, "loss": 1.07352876663208, "lr": 0.0004996388029516926}
{"epoch": 1, "batch": 2550, "batches_per_epoch": 14609, "loss": 1.0912610292434692, "lr": 0.0004996242142477533}
{"epoch": 1, "batch": 2600, "batches_per_epoch": 14609, "loss": 1.0813531875610352, "lr": 0.0004996093369510451}
{"epoch": 1, "batch": 2650, "batches_per_epoch": 14609, "loss": 1.1075668334960938, "lr": 0.000499594171078768}
{"epoch": 1, "batch": 2700, "batches_per_epoch": 14609, "loss": 1.061022400856018, "lr": 0.0004995787166484552}
{"epoch": 1, "batch": 2750, "batches_per_epoch": 14609, "loss": 1.0853464603424072, "lr": 0.0004995629736779739}
{"epoch": 1, "batch": 2800, "batches_per_epoch": 14609, "loss": 1.0423766374588013, "lr": 0.0004995469421855244}
{"epoch": 1, "batch": 2850, "batches_per_epoch": 14609, "loss": 1.0566660165786743, "lr": 0.000499530622189641}
{"epoch": 1, "batch": 2900, "batches_per_epoch": 14609, "loss": 1.0614662170410156, "lr": 0.0004995140137091915}
{"epoch": 1, "batch": 2950, "batches_per_epoch": 14609, "loss": 1.1082853078842163, "lr": 0.000499497116763377}
{"checkpoint": "/content/GenAI/task1_llm/member_denisha/checkpoints/gpt_from_scratch_latest.pt", "epoch": 1, "batch": 3000}
{"epoch": 1, "batch": 3000, "batches_per_epoch": 14609, "loss": 1.057137370109558, "lr": 0.0004994799313717321}
{"epoch": 1, "batch": 3050, "batches_per_epoch": 14609, "loss": 1.026673436164856, "lr": 0.0004994624575541252}
{"epoch": 1, "batch": 3100, "batches_per_epoch": 14609, "loss": 1.0465694665908813, "lr": 0.0004994446953307579}
{"epoch": 1, "batch": 3150, "batches_per_epoch": 14609, "loss": 1.03598153591156, "lr": 0.0004994266447221651}
{"epoch": 1, "batch": 3200, "batches_per_epoch": 14609, "loss": 1.0041159391403198, "lr": 0.0004994083057492153}
{"epoch": 1, "batch": 3250, "batches_per_epoch": 14609, "loss": 1.0504881143569946, "lr": 0.0004993896784331105}
{"epoch": 1, "batch": 3300, "batches_per_epoch": 14609, "loss": 1.0418261289596558, "lr": 0.000499370762795386}
{"epoch": 1, "batch": 3350, "batches_per_epoch": 14609, "loss": 1.0451542139053345, "lr": 0.0004993515588579099}
{"epoch": 1, "batch": 3400, "batches_per_epoch": 14609, "loss": 1.0062756538391113, "lr": 0.0004993320666428845}
{"epoch": 1, "batch": 3450, "batches_per_epoch": 14609, "loss": 1.0406640768051147, "lr": 0.0004993122861728447}
{"checkpoint": "/content/GenAI/task1_llm/member_denisha/checkpoints/gpt_from_scratch_latest.pt", "epoch": 1, "batch": 3500}
{"epoch": 1, "batch": 3500, "batches_per_epoch": 14609, "loss": 1.0132578611373901, "lr": 0.0004992922174706588}
{"epoch": 1, "batch": 3550, "batches_per_epoch": 14609, "loss": 1.0122830867767334, "lr": 0.0004992718605595286}
{"epoch": 1, "batch": 3600, "batches_per_epoch": 14609, "loss": 1.0280576944351196, "lr": 0.0004992512154629887}
{"epoch": 1, "batch": 3650, "batches_per_epoch": 14609, "loss": 0.9888119697570801, "lr": 0.0004992302822049073}
{"epoch": 1, "batch": 3700, "batches_per_epoch": 14609, "loss": 0.9981128573417664, "lr": 0.0004992090608094854}
{"epoch": 1, "batch": 3750, "batches_per_epoch": 14609, "loss": 1.0215121507644653, "lr": 0.0004991875513012573}
{"epoch": 1, "batch": 3800, "batches_per_epoch": 14609, "loss": 1.0397335290908813, "lr": 0.0004991657537050902}
{"epoch": 1, "batch": 3850, "batches_per_epoch": 14609, "loss": 1.0035396814346313, "lr": 0.0004991436680461846}
{"epoch": 1, "batch": 3900, "batches_per_epoch": 14609, "loss": 0.9828567504882812, "lr": 0.000499121294350074}
{"epoch": 1, "batch": 3950, "batches_per_epoch": 14609, "loss": 1.005261778831482, "lr": 0.0004990986326426248}
{"checkpoint": "/content/GenAI/task1_llm/member_denisha/checkpoints/gpt_from_scratch_latest.pt", "epoch": 1, "batch": 4000}
{"epoch": 1, "batch": 4000, "batches_per_epoch": 14609, "loss": 0.9676957726478577, "lr": 0.0004990756829500362}
{"epoch": 1, "batch": 4050, "batches_per_epoch": 14609, "loss": 1.0237586498260498, "lr": 0.0004990524452988407}
{"epoch": 1, "batch": 4100, "batches_per_epoch": 14609, "loss": 0.991838276386261, "lr": 0.0004990289197159037}
{"epoch": 1, "batch": 4150, "batches_per_epoch": 14609, "loss": 0.9817197322845459, "lr": 0.000499005106228423}
{"epoch": 1, "batch": 4200, "batches_per_epoch": 14609, "loss": 1.002065658569336, "lr": 0.0004989810048639299}
{"epoch": 1, "batch": 4250, "batches_per_epoch": 14609, "loss": 1.012774109840393, "lr": 0.0004989566156502881}
{"epoch": 1, "batch": 4300, "batches_per_epoch": 14609, "loss": 0.972445011138916, "lr": 0.0004989319386156939}
{"epoch": 1, "batch": 4350, "batches_per_epoch": 14609, "loss": 1.0169371366500854, "lr": 0.0004989069737886771}
{"epoch": 1, "batch": 4400, "batches_per_epoch": 14609, "loss": 0.9659882187843323, "lr": 0.0004988817211980995}
{"epoch": 1, "batch": 4450, "batches_per_epoch": 14609, "loss": 0.9685900807380676, "lr": 0.000498856180873156}
{"checkpoint": "/content/GenAI/task1_llm/member_denisha/checkpoints/gpt_from_scratch_latest.pt", "epoch": 1, "batch": 4500}
{"epoch": 1, "batch": 4500, "batches_per_epoch": 14609, "loss": 1.0095528364181519, "lr": 0.0004988303528433738}
{"epoch": 1, "batch": 4550, "batches_per_epoch": 14609, "loss": 0.9977626204490662, "lr": 0.0004988042371386129}
{"epoch": 1, "batch": 4600, "batches_per_epoch": 14609, "loss": 0.9930641055107117, "lr": 0.0004987778337890661}
{"epoch": 1, "batch": 4650, "batches_per_epoch": 14609, "loss": 0.9875671863555908, "lr": 0.0004987511428252584}
{"epoch": 1, "batch": 4700, "batches_per_epoch": 14609, "loss": 0.9859513640403748, "lr": 0.0004987241642780475}
{"epoch": 1, "batch": 4750, "batches_per_epoch": 14609, "loss": 0.9517102241516113, "lr": 0.0004986968981786237}
{"epoch": 1, "batch": 4800, "batches_per_epoch": 14609, "loss": 1.0048933029174805, "lr": 0.0004986693445585093}
{"epoch": 1, "batch": 4850, "batches_per_epoch": 14609, "loss": 0.9609851837158203, "lr": 0.0004986415034495595}
{"epoch": 1, "batch": 4900, "batches_per_epoch": 14609, "loss": 0.9669777750968933, "lr": 0.0004986133748839614}
{"epoch": 1, "batch": 4950, "batches_per_epoch": 14609, "loss": 0.9946935772895813, "lr": 0.0004985849588942349}
{"checkpoint": "/content/GenAI/task1_llm/member_denisha/checkpoints/gpt_from_scratch_latest.pt", "epoch": 1, "batch": 5000}
{"epoch": 1, "batch": 5000, "batches_per_epoch": 14609, "loss": 0.9551710486412048, "lr": 0.000498556255513232}
{"epoch": 1, "batch": 5050, "batches_per_epoch": 14609, "loss": 0.9962139129638672, "lr": 0.0004985272647741369}
{"epoch": 1, "batch": 5100, "batches_per_epoch": 14609, "loss": 0.9251933693885803, "lr": 0.0004984979867104659}
{"epoch": 1, "batch": 5150, "batches_per_epoch": 14609, "loss": 0.9682685732841492, "lr": 0.0004984684213560678}
{"epoch": 1, "batch": 5200, "batches_per_epoch": 14609, "loss": 0.9720665812492371, "lr": 0.0004984385687451233}
{"epoch": 1, "batch": 5250, "batches_per_epoch": 14609, "loss": 0.9768659472465515, "lr": 0.0004984084289121453}
{"epoch": 1, "batch": 5300, "batches_per_epoch": 14609, "loss": 0.9548339247703552, "lr": 0.0004983780018919786}
{"epoch": 1, "batch": 5350, "batches_per_epoch": 14609, "loss": 0.9186654090881348, "lr": 0.0004983472877198004}
{"epoch": 1, "batch": 5400, "batches_per_epoch": 14609, "loss": 0.9459940791130066, "lr": 0.0004983162864311193}
{"epoch": 1, "batch": 5450, "batches_per_epoch": 14609, "loss": 0.9946054816246033, "lr": 0.0004982849980617764}
{"checkpoint": "/content/GenAI/task1_llm/member_denisha/checkpoints/gpt_from_scratch_latest.pt", "epoch": 1, "batch": 5500}
{"epoch": 1, "batch": 5500, "batches_per_epoch": 14609, "loss": 0.9510939717292786, "lr": 0.0004982534226479445}
{"epoch": 1, "batch": 5550, "batches_per_epoch": 14609, "loss": 0.9558267593383789, "lr": 0.000498221560226128}
{"epoch": 1, "batch": 5600, "batches_per_epoch": 14609, "loss": 0.9415928721427917, "lr": 0.0004981894108331636}
{"epoch": 1, "batch": 5650, "batches_per_epoch": 14609, "loss": 0.9170527458190918, "lr": 0.0004981569745062192}
{"epoch": 1, "batch": 5700, "batches_per_epoch": 14609, "loss": 1.0092239379882812, "lr": 0.000498124251282795}
{"epoch": 1, "batch": 5750, "batches_per_epoch": 14609, "loss": 0.9191083312034607, "lr": 0.0004980912412007224}
{"epoch": 1, "batch": 5800, "batches_per_epoch": 14609, "loss": 0.8941600918769836, "lr": 0.0004980579442981647}
{"epoch": 1, "batch": 5850, "batches_per_epoch": 14609, "loss": 0.9635465145111084, "lr": 0.0004980243606136169}
{"epoch": 1, "batch": 5900, "batches_per_epoch": 14609, "loss": 0.914494514465332, "lr": 0.0004979904901859051}
{"epoch": 1, "batch": 5950, "batches_per_epoch": 14609, "loss": 0.97613525390625, "lr": 0.0004979563330541876}
{"checkpoint": "/content/GenAI/task1_llm/member_denisha/checkpoints/gpt_from_scratch_latest.pt", "epoch": 1, "batch": 6000}
{"epoch": 1, "batch": 6000, "batches_per_epoch": 14609, "loss": 0.9039778709411621, "lr": 0.0004979218892579533}
{"epoch": 1, "batch": 6050, "batches_per_epoch": 14609, "loss": 0.8920424580574036, "lr": 0.0004978871588370234}
{"epoch": 1, "batch": 6100, "batches_per_epoch": 14609, "loss": 0.9428109526634216, "lr": 0.0004978521418315498}
{"epoch": 1, "batch": 6150, "batches_per_epoch": 14609, "loss": 0.9328508377075195, "lr": 0.000497816838282016}
{"epoch": 1, "batch": 6200, "batches_per_epoch": 14609, "loss": 0.9447514414787292, "lr": 0.0004977812482292367}
{"epoch": 1, "batch": 6250, "batches_per_epoch": 14609, "loss": 0.9478919506072998, "lr": 0.0004977453717143581}
{"epoch": 1, "batch": 6300, "batches_per_epoch": 14609, "loss": 0.9570543169975281, "lr": 0.0004977092087788572}
{"epoch": 1, "batch": 6350, "batches_per_epoch": 14609, "loss": 0.9574632048606873, "lr": 0.0004976727594645423}
{"epoch": 1, "batch": 6400, "batches_per_epoch": 14609, "loss": 0.9514515995979309, "lr": 0.0004976360238135528}
{"epoch": 1, "batch": 6450, "batches_per_epoch": 14609, "loss": 0.9142096638679504, "lr": 0.000497599001868359}
{"checkpoint": "/content/GenAI/task1_llm/member_denisha/checkpoints/gpt_from_scratch_latest.pt", "epoch": 1, "batch": 6500}
{"epoch": 1, "batch": 6500, "batches_per_epoch": 14609, "loss": 0.9144701361656189, "lr": 0.0004975616936717624}
{"epoch": 1, "batch": 6550, "batches_per_epoch": 14609, "loss": 0.8951096534729004, "lr": 0.0004975240992668954}
{"epoch": 1, "batch": 6600, "batches_per_epoch": 14609, "loss": 0.9837656617164612, "lr": 0.0004974862186972211}
{"epoch": 1, "batch": 6650, "batches_per_epoch": 14609, "loss": 0.9633978009223938, "lr": 0.0004974480520065337}
{"epoch": 1, "batch": 6700, "batches_per_epoch": 14609, "loss": 0.9125142097473145, "lr": 0.0004974095992389578}
{"epoch": 1, "batch": 6750, "batches_per_epoch": 14609, "loss": 0.9271489977836609, "lr": 0.0004973708604389493}
{"epoch": 1, "batch": 6800, "batches_per_epoch": 14609, "loss": 0.9210801124572754, "lr": 0.0004973318356512942}
{"epoch": 1, "batch": 6850, "batches_per_epoch": 14609, "loss": 0.9312116503715515, "lr": 0.0004972925249211097}
{"epoch": 1, "batch": 6900, "batches_per_epoch": 14609, "loss": 0.9408023953437805, "lr": 0.000497252928293843}
{"epoch": 1, "batch": 6950, "batches_per_epoch": 14609, "loss": 0.8947405815124512, "lr": 0.0004972130458152722}
{"checkpoint": "/content/GenAI/task1_llm/member_denisha/checkpoints/gpt_from_scratch_latest.pt", "epoch": 1, "batch": 7000}
{"epoch": 1, "batch": 7000, "batches_per_epoch": 14609, "loss": 0.9441859126091003, "lr": 0.0004971728775315058}
{"epoch": 1, "batch": 7050, "batches_per_epoch": 14609, "loss": 0.8669031262397766, "lr": 0.0004971324234889828}
{"epoch": 1, "batch": 7100, "batches_per_epoch": 14609, "loss": 0.9217779040336609, "lr": 0.0004970916837344723}
{"epoch": 1, "batch": 7150, "batches_per_epoch": 14609, "loss": 0.8999771475791931, "lr": 0.000497050658315074}
{"epoch": 1, "batch": 7200, "batches_per_epoch": 14609, "loss": 0.9399086833000183, "lr": 0.0004970093472782178}
{"epoch": 1, "batch": 7250, "batches_per_epoch": 14609, "loss": 1.0006499290466309, "lr": 0.0004969677506716637}
{"epoch": 1, "batch": 7300, "batches_per_epoch": 14609, "loss": 0.8701174855232239, "lr": 0.0004969258685435018}
{"epoch": 1, "batch": 7350, "batches_per_epoch": 14609, "loss": 0.9454547762870789, "lr": 0.0004968837009421527}
{"epoch": 1, "batch": 7400, "batches_per_epoch": 14609, "loss": 0.9518421292304993, "lr": 0.0004968412479163663}
{"epoch": 1, "batch": 7450, "batches_per_epoch": 14609, "loss": 0.9093829989433289, "lr": 0.0004967985095152233}
{"checkpoint": "/content/GenAI/task1_llm/member_denisha/checkpoints/gpt_from_scratch_latest.pt", "epoch": 1, "batch": 7500}
{"epoch": 1, "batch": 7500, "batches_per_epoch": 14609, "loss": 0.9416007995605469, "lr": 0.0004967554857881338}
{"epoch": 1, "batch": 7550, "batches_per_epoch": 14609, "loss": 0.9232733845710754, "lr": 0.0004967121767848378}
{"epoch": 1, "batch": 7600, "batches_per_epoch": 14609, "loss": 0.9089867472648621, "lr": 0.0004966685825554054}
{"epoch": 1, "batch": 7650, "batches_per_epoch": 14609, "loss": 0.9912105202674866, "lr": 0.0004966247031502363}
{"epoch": 1, "batch": 7700, "batches_per_epoch": 14609, "loss": 0.9117107391357422, "lr": 0.0004965805386200596}
{"epoch": 1, "batch": 7750, "batches_per_epoch": 14609, "loss": 0.9325760006904602, "lr": 0.0004965360890159346}
{"epoch": 1, "batch": 7800, "batches_per_epoch": 14609, "loss": 0.9154810905456543, "lr": 0.0004964913543892498}
{"epoch": 1, "batch": 7850, "batches_per_epoch": 14609, "loss": 0.92396479845047, "lr": 0.0004964463347917232}
{"epoch": 1, "batch": 7900, "batches_per_epoch": 14609, "loss": 0.8944932818412781, "lr": 0.0004964010302754025}
{"epoch": 1, "batch": 7950, "batches_per_epoch": 14609, "loss": 0.8921310901641846, "lr": 0.0004963554408926646}
{"checkpoint": "/content/GenAI/task1_llm/member_denisha/checkpoints/gpt_from_scratch_latest.pt", "epoch": 1, "batch": 8000}
{"epoch": 1, "batch": 8000, "batches_per_epoch": 14609, "loss": 0.9040905833244324, "lr": 0.0004963095666962157}
{"epoch": 1, "batch": 8050, "batches_per_epoch": 14609, "loss": 0.948436439037323, "lr": 0.0004962634077390914}
{"epoch": 1, "batch": 8100, "batches_per_epoch": 14609, "loss": 0.9452655911445618, "lr": 0.0004962169640746565}
{"epoch": 1, "batch": 8150, "batches_per_epoch": 14609, "loss": 0.8987300992012024, "lr": 0.000496170235756605}
{"epoch": 1, "batch": 8200, "batches_per_epoch": 14609, "loss": 0.9055829644203186, "lr": 0.00049612322283896}
{"epoch": 1, "batch": 8250, "batches_per_epoch": 14609, "loss": 0.9443264007568359, "lr": 0.0004960759253760732}
{"epoch": 1, "batch": 8300, "batches_per_epoch": 14609, "loss": 0.9086084961891174, "lr": 0.000496028343422626}
{"epoch": 1, "batch": 8350, "batches_per_epoch": 14609, "loss": 0.9210150837898254, "lr": 0.000495980477033628}
{"epoch": 1, "batch": 8400, "batches_per_epoch": 14609, "loss": 0.8978996276855469, "lr": 0.0004959323262644182}
{"epoch": 1, "batch": 8450, "batches_per_epoch": 14609, "loss": 0.9425503611564636, "lr": 0.0004958838911706641}
{"checkpoint": "/content/GenAI/task1_llm/member_denisha/checkpoints/gpt_from_scratch_latest.pt", "epoch": 1, "batch": 8500}
{"epoch": 1, "batch": 8500, "batches_per_epoch": 14609, "loss": 0.9121195673942566, "lr": 0.0004958351718083618}
{"epoch": 1, "batch": 8550, "batches_per_epoch": 14609, "loss": 0.8739476203918457, "lr": 0.0004957861682338363}
{"epoch": 1, "batch": 8600, "batches_per_epoch": 14609, "loss": 0.8981809020042419, "lr": 0.000495736880503741}
{"epoch": 1, "batch": 8650, "batches_per_epoch": 14609, "loss": 0.8901562094688416, "lr": 0.0004956873086750579}
{"epoch": 1, "batch": 8700, "batches_per_epoch": 14609, "loss": 0.8865910172462463, "lr": 0.0004956374528050976}
{"epoch": 1, "batch": 8750, "batches_per_epoch": 14609, "loss": 0.9375619888305664, "lr": 0.0004955873129514987}
{"epoch": 1, "batch": 8800, "batches_per_epoch": 14609, "loss": 0.8796505928039551, "lr": 0.0004955368891722283}
{"epoch": 1, "batch": 8850, "batches_per_epoch": 14609, "loss": 0.8742859959602356, "lr": 0.000495486181525582}
{"epoch": 1, "batch": 8900, "batches_per_epoch": 14609, "loss": 0.9179186820983887, "lr": 0.0004954351900701831}
{"epoch": 1, "batch": 8950, "batches_per_epoch": 14609, "loss": 0.9311698079109192, "lr": 0.0004953839148649835}
{"checkpoint": "/content/GenAI/task1_llm/member_denisha/checkpoints/gpt_from_scratch_latest.pt", "epoch": 1, "batch": 9000}
{"epoch": 1, "batch": 9000, "batches_per_epoch": 14609, "loss": 0.9072120785713196, "lr": 0.0004953323559692629}
{"epoch": 1, "batch": 9050, "batches_per_epoch": 14609, "loss": 0.8998982310295105, "lr": 0.0004952805134426288}
{"epoch": 1, "batch": 9100, "batches_per_epoch": 14609, "loss": 0.8842154145240784, "lr": 0.000495228387345017}
{"epoch": 1, "batch": 9150, "batches_per_epoch": 14609, "loss": 0.88128662109375, "lr": 0.0004951759777366908}
{"epoch": 1, "batch": 9200, "batches_per_epoch": 14609, "loss": 0.873155415058136, "lr": 0.0004951232846782416}
{"epoch": 1, "batch": 9250, "batches_per_epoch": 14609, "loss": 0.9180954098701477, "lr": 0.0004950703082305881}
{"epoch": 1, "batch": 9300, "batches_per_epoch": 14609, "loss": 0.9046518206596375, "lr": 0.000495017048454977}
{"epoch": 1, "batch": 9350, "batches_per_epoch": 14609, "loss": 0.8728365898132324, "lr": 0.0004949635054129823}
{"epoch": 1, "batch": 9400, "batches_per_epoch": 14609, "loss": 0.8878202438354492, "lr": 0.0004949096791665056}
{"epoch": 1, "batch": 9450, "batches_per_epoch": 14609, "loss": 0.9179778695106506, "lr": 0.000494855569777776}
{"checkpoint": "/content/GenAI/task1_llm/member_denisha/checkpoints/gpt_from_scratch_latest.pt", "epoch": 1, "batch": 9500}
{"epoch": 1, "batch": 9500, "batches_per_epoch": 14609, "loss": 0.9179697036743164, "lr": 0.0004948011773093497}
{"epoch": 1, "batch": 9550, "batches_per_epoch": 14609, "loss": 0.8766865730285645, "lr": 0.0004947465018241104}
{"epoch": 1, "batch": 9600, "batches_per_epoch": 14609, "loss": 0.8784484267234802, "lr": 0.000494691543385269}
{"epoch": 1, "batch": 9650, "batches_per_epoch": 14609, "loss": 0.8783904910087585, "lr": 0.0004946363020563632}
{"epoch": 1, "batch": 9700, "batches_per_epoch": 14609, "loss": 0.8967337608337402, "lr": 0.0004945807779012582}
{"epoch": 1, "batch": 9750, "batches_per_epoch": 14609, "loss": 0.8629794716835022, "lr": 0.0004945249709841458}
{"epoch": 1, "batch": 9800, "batches_per_epoch": 14609, "loss": 0.8808301091194153, "lr": 0.0004944688813695451}
{"epoch": 1, "batch": 9850, "batches_per_epoch": 14609, "loss": 0.8535945415496826, "lr": 0.0004944125091223017}
{"epoch": 1, "batch": 9900, "batches_per_epoch": 14609, "loss": 0.8593764305114746, "lr": 0.0004943558543075879}
{"epoch": 1, "batch": 9950, "batches_per_epoch": 14609, "loss": 0.8807833790779114, "lr": 0.000494298916990903}
{"checkpoint": "/content/GenAI/task1_llm/member_denisha/checkpoints/gpt_from_scratch_latest.pt", "epoch": 1, "batch": 10000}
{"epoch": 1, "batch": 10000, "batches_per_epoch": 14609, "loss": 0.8637229800224304, "lr": 0.0004942416972380727}
{"epoch": 1, "batch": 10050, "batches_per_epoch": 14609, "loss": 0.852199137210846, "lr": 0.0004941841951152493}
{"epoch": 1, "batch": 10100, "batches_per_epoch": 14609, "loss": 0.8650422096252441, "lr": 0.0004941264106889115}
{"epoch": 1, "batch": 10150, "batches_per_epoch": 14609, "loss": 0.8956863284111023, "lr": 0.0004940683440258643}
{"epoch": 1, "batch": 10200, "batches_per_epoch": 14609, "loss": 0.903987467288971, "lr": 0.0004940099951932391}
{"epoch": 1, "batch": 10250, "batches_per_epoch": 14609, "loss": 0.8835833668708801, "lr": 0.0004939513642584937}
{"epoch": 1, "batch": 10300, "batches_per_epoch": 14609, "loss": 0.8826883435249329, "lr": 0.0004938924512894116}
{"epoch": 1, "batch": 10350, "batches_per_epoch": 14609, "loss": 0.9065907597541809, "lr": 0.0004938332563541026}
{"epoch": 1, "batch": 10400, "batches_per_epoch": 14609, "loss": 0.8384349942207336, "lr": 0.0004937737795210026}
{"epoch": 1, "batch": 10450, "batches_per_epoch": 14609, "loss": 0.9133772850036621, "lr": 0.0004937140208588735}
{"checkpoint": "/content/GenAI/task1_llm/member_denisha/checkpoints/gpt_from_scratch_latest.pt", "epoch": 1, "batch": 10500}
{"epoch": 1, "batch": 10500, "batches_per_epoch": 14609, "loss": 0.8909936547279358, "lr": 0.0004936539804368024}
{"epoch": 1, "batch": 10550, "batches_per_epoch": 14609, "loss": 0.9104909896850586, "lr": 0.0004935936583242028}
{"epoch": 1, "batch": 10600, "batches_per_epoch": 14609, "loss": 0.8971416354179382, "lr": 0.0004935330545908137}
{"epoch": 1, "batch": 10650, "batches_per_epoch": 14609, "loss": 0.8793838620185852, "lr": 0.0004934721693066994}
{"epoch": 1, "batch": 10700, "batches_per_epoch": 14609, "loss": 0.9110059142112732, "lr": 0.0004934110025422502}
{"epoch": 1, "batch": 10750, "batches_per_epoch": 14609, "loss": 0.8436660766601562, "lr": 0.0004933495543681813}
{"epoch": 1, "batch": 10800, "batches_per_epoch": 14609, "loss": 0.9219037890434265, "lr": 0.0004932878248555335}
{"epoch": 1, "batch": 10850, "batches_per_epoch": 14609, "loss": 0.8543584942817688, "lr": 0.0004932258140756729}
{"epoch": 1, "batch": 10900, "batches_per_epoch": 14609, "loss": 0.8513533473014832, "lr": 0.0004931635221002906}
{"epoch": 1, "batch": 10950, "batches_per_epoch": 14609, "loss": 0.8925426006317139, "lr": 0.0004931009490014031}
{"checkpoint": "/content/GenAI/task1_llm/member_denisha/checkpoints/gpt_from_scratch_latest.pt", "epoch": 1, "batch": 11000}
{"epoch": 1, "batch": 11000, "batches_per_epoch": 14609, "loss": 0.8906550407409668, "lr": 0.0004930380948513516}
{"epoch": 1, "batch": 11050, "batches_per_epoch": 14609, "loss": 0.858862578868866, "lr": 0.0004929749597228024}
{"epoch": 1, "batch": 11100, "batches_per_epoch": 14609, "loss": 0.9116988182067871, "lr": 0.0004929115436887464}
{"epoch": 1, "batch": 11150, "batches_per_epoch": 14609, "loss": 0.8608139157295227, "lr": 0.0004928478468224999}
{"epoch": 1, "batch": 11200, "batches_per_epoch": 14609, "loss": 0.8692302703857422, "lr": 0.0004927838691977027}
{"epoch": 1, "batch": 11250, "batches_per_epoch": 14609, "loss": 0.9270923137664795, "lr": 0.0004927196108883205}
{"epoch": 1, "batch": 11300, "batches_per_epoch": 14609, "loss": 0.883336067199707, "lr": 0.0004926550719686427}
{"epoch": 1, "batch": 11350, "batches_per_epoch": 14609, "loss": 0.851966381072998, "lr": 0.0004925902525132833}
{"epoch": 1, "batch": 11400, "batches_per_epoch": 14609, "loss": 0.8390927910804749, "lr": 0.0004925251525971807}
{"epoch": 1, "batch": 11450, "batches_per_epoch": 14609, "loss": 0.837859570980072, "lr": 0.0004924597722955974}
{"checkpoint": "/content/GenAI/task1_llm/member_denisha/checkpoints/gpt_from_scratch_latest.pt", "epoch": 1, "batch": 11500}
{"epoch": 1, "batch": 11500, "batches_per_epoch": 14609, "loss": 0.8526363372802734, "lr": 0.0004923941116841201}
{"epoch": 1, "batch": 11550, "batches_per_epoch": 14609, "loss": 0.8841116428375244, "lr": 0.0004923281708386597}
{"epoch": 1, "batch": 11600, "batches_per_epoch": 14609, "loss": 0.8859987258911133, "lr": 0.0004922619498354512}
{"epoch": 1, "batch": 11650, "batches_per_epoch": 14609, "loss": 0.9007599353790283, "lr": 0.000492195448751053}
{"epoch": 1, "batch": 11700, "batches_per_epoch": 14609, "loss": 0.9130151867866516, "lr": 0.0004921286676623476}
{"epoch": 1, "batch": 11750, "batches_per_epoch": 14609, "loss": 0.8637490272521973, "lr": 0.0004920616066465415}
{"epoch": 1, "batch": 11800, "batches_per_epoch": 14609, "loss": 0.8816770911216736, "lr": 0.0004919942657811643}
{"epoch": 1, "batch": 11850, "batches_per_epoch": 14609, "loss": 0.8775284290313721, "lr": 0.0004919266451440693}
{"epoch": 1, "batch": 11900, "batches_per_epoch": 14609, "loss": 0.8593819737434387, "lr": 0.0004918587448134334}
{"epoch": 1, "batch": 11950, "batches_per_epoch": 14609, "loss": 0.8152122497558594, "lr": 0.0004917905648677568}
{"checkpoint": "/content/GenAI/task1_llm/member_denisha/checkpoints/gpt_from_scratch_latest.pt", "epoch": 1, "batch": 12000}
{"epoch": 1, "batch": 12000, "batches_per_epoch": 14609, "loss": 0.8597908020019531, "lr": 0.000491722105385863}
{"epoch": 1, "batch": 12050, "batches_per_epoch": 14609, "loss": 0.8895151019096375, "lr": 0.0004916533664468986}
{"epoch": 1, "batch": 12100, "batches_per_epoch": 14609, "loss": 0.8574063181877136, "lr": 0.0004915843481303333}
{"epoch": 1, "batch": 12150, "batches_per_epoch": 14609, "loss": 0.8675322532653809, "lr": 0.0004915150505159596}
{"epoch": 1, "batch": 12200, "batches_per_epoch": 14609, "loss": 0.8773826956748962, "lr": 0.0004914454736838933}
{"epoch": 1, "batch": 12250, "batches_per_epoch": 14609, "loss": 0.8798145651817322, "lr": 0.0004913756177145726}
{"epoch": 1, "batch": 12300, "batches_per_epoch": 14609, "loss": 0.8260212540626526, "lr": 0.0004913054826887589}
{"epoch": 1, "batch": 12350, "batches_per_epoch": 14609, "loss": 0.8687994480133057, "lr": 0.0004912350686875356}
{"epoch": 1, "batch": 12400, "batches_per_epoch": 14609, "loss": 0.8670725226402283, "lr": 0.0004911643757923093}
{"epoch": 1, "batch": 12450, "batches_per_epoch": 14609, "loss": 0.8789452910423279, "lr": 0.0004910934040848083}
{"checkpoint": "/content/GenAI/task1_llm/member_denisha/checkpoints/gpt_from_scratch_latest.pt", "epoch": 1, "batch": 12500}
{"epoch": 1, "batch": 12500, "batches_per_epoch": 14609, "loss": 0.8856897354125977, "lr": 0.0004910221536470839}
{"epoch": 1, "batch": 12550, "batches_per_epoch": 14609, "loss": 0.8296741843223572, "lr": 0.0004909506245615092}
{"epoch": 1, "batch": 12600, "batches_per_epoch": 14609, "loss": 0.8939326405525208, "lr": 0.0004908788169107797}
{"epoch": 1, "batch": 12650, "batches_per_epoch": 14609, "loss": 0.8468716144561768, "lr": 0.0004908067307779129}
{"epoch": 1, "batch": 12700, "batches_per_epoch": 14609, "loss": 0.8708763122558594, "lr": 0.0004907343662462481}
{"epoch": 1, "batch": 12750, "batches_per_epoch": 14609, "loss": 0.847475528717041, "lr": 0.0004906617233994467}
{"epoch": 1, "batch": 12800, "batches_per_epoch": 14609, "loss": 0.8716575503349304, "lr": 0.0004905888023214917}
{"epoch": 1, "batch": 12850, "batches_per_epoch": 14609, "loss": 0.8710298538208008, "lr": 0.0004905156030966877}
{"epoch": 1, "batch": 12900, "batches_per_epoch": 14609, "loss": 0.8639571666717529, "lr": 0.0004904421258096611}
{"epoch": 1, "batch": 12950, "batches_per_epoch": 14609, "loss": 0.8565765023231506, "lr": 0.0004903683705453595}
{"checkpoint": "/content/GenAI/task1_llm/member_denisha/checkpoints/gpt_from_scratch_latest.pt", "epoch": 1, "batch": 13000}
{"epoch": 1, "batch": 13000, "batches_per_epoch": 14609, "loss": 0.8705598711967468, "lr": 0.0004902943373890523}
{"epoch": 1, "batch": 13050, "batches_per_epoch": 14609, "loss": 0.8421615958213806, "lr": 0.0004902200264263295}
{"epoch": 1, "batch": 13100, "batches_per_epoch": 14609, "loss": 0.8805289268493652, "lr": 0.000490145437743103}
{"epoch": 1, "batch": 13150, "batches_per_epoch": 14609, "loss": 0.8930797576904297, "lr": 0.0004900705714256053}
{"epoch": 1, "batch": 13200, "batches_per_epoch": 14609, "loss": 0.8847627639770508, "lr": 0.00048999542756039}
{"epoch": 1, "batch": 13250, "batches_per_epoch": 14609, "loss": 0.8392839431762695, "lr": 0.0004899200062343317}
{"epoch": 1, "batch": 13300, "batches_per_epoch": 14609, "loss": 0.907601535320282, "lr": 0.0004898443075346254}
{"epoch": 1, "batch": 13350, "batches_per_epoch": 14609, "loss": 0.9051005244255066, "lr": 0.0004897683315487874}
{"epoch": 1, "batch": 13400, "batches_per_epoch": 14609, "loss": 0.8435776829719543, "lr": 0.0004896920783646538}
{"epoch": 1, "batch": 13450, "batches_per_epoch": 14609, "loss": 0.8815285563468933, "lr": 0.0004896155480703819}
{"checkpoint": "/content/GenAI/task1_llm/member_denisha/checkpoints/gpt_from_scratch_latest.pt", "epoch": 1, "batch": 13500}
{"epoch": 1, "batch": 13500, "batches_per_epoch": 14609, "loss": 0.8118596076965332, "lr": 0.000489538740754449}
{"epoch": 1, "batch": 13550, "batches_per_epoch": 14609, "loss": 0.8475191593170166, "lr": 0.0004894616565056526}
{"epoch": 1, "batch": 13600, "batches_per_epoch": 14609, "loss": 0.842670738697052, "lr": 0.0004893842954131107}
{"epoch": 1, "batch": 13650, "batches_per_epoch": 14609, "loss": 0.8340837955474854, "lr": 0.0004893066575662609}
{"epoch": 1, "batch": 13700, "batches_per_epoch": 14609, "loss": 0.8777561187744141, "lr": 0.0004892287430548611}
{"epoch": 1, "batch": 13750, "batches_per_epoch": 14609, "loss": 0.8959080576896667, "lr": 0.0004891505519689889}
{"epoch": 1, "batch": 13800, "batches_per_epoch": 14609, "loss": 0.8493149876594543, "lr": 0.0004890720843990419}
{"epoch": 1, "batch": 13850, "batches_per_epoch": 14609, "loss": 0.8607980608940125, "lr": 0.0004889933404357371}
{"epoch": 1, "batch": 13900, "batches_per_epoch": 14609, "loss": 0.8665437698364258, "lr": 0.0004889143201701108}
{"epoch": 1, "batch": 13950, "batches_per_epoch": 14609, "loss": 0.8969511389732361, "lr": 0.0004888350236935194}
{"checkpoint": "/content/GenAI/task1_llm/member_denisha/checkpoints/gpt_from_scratch_latest.pt", "epoch": 1, "batch": 14000}
{"epoch": 1, "batch": 14000, "batches_per_epoch": 14609, "loss": 0.8279900550842285, "lr": 0.0004887554510976381}
{"epoch": 1, "batch": 14050, "batches_per_epoch": 14609, "loss": 0.839926540851593, "lr": 0.0004886756024744615}
{"epoch": 1, "batch": 14100, "batches_per_epoch": 14609, "loss": 0.837304413318634, "lr": 0.0004885954779163033}
{"epoch": 1, "batch": 14150, "batches_per_epoch": 14609, "loss": 0.8299236297607422, "lr": 0.0004885150775157963}
{"epoch": 1, "batch": 14200, "batches_per_epoch": 14609, "loss": 0.9149463772773743, "lr": 0.0004884344013658918}
{"epoch": 1, "batch": 14250, "batches_per_epoch": 14609, "loss": 0.8690094947814941, "lr": 0.0004883534495598607}
{"epoch": 1, "batch": 14300, "batches_per_epoch": 14609, "loss": 0.8257461190223694, "lr": 0.0004882722221912916}
{"epoch": 1, "batch": 14350, "batches_per_epoch": 14609, "loss": 0.8655624985694885, "lr": 0.0004881907193540926}
{"epoch": 1, "batch": 14400, "batches_per_epoch": 14609, "loss": 0.8796889185905457, "lr": 0.0004881089411424896}
{"epoch": 1, "batch": 14450, "batches_per_epoch": 14609, "loss": 0.8549264073371887, "lr": 0.00048802688765102725}
{"checkpoint": "/content/GenAI/task1_llm/member_denisha/checkpoints/gpt_from_scratch_latest.pt", "epoch": 1, "batch": 14500}
{"epoch": 1, "batch": 14500, "batches_per_epoch": 14609, "loss": 0.873199462890625, "lr": 0.00048794455897456827}
{"epoch": 1, "batch": 14550, "batches_per_epoch": 14609, "loss": 0.8552258610725403, "lr": 0.00048786195520829345}
{"epoch": 1, "batch": 14600, "batches_per_epoch": 14609, "loss": 0.8398266434669495, "lr": 0.000487779076447702}
{"epoch": 1, "train_loss": 1.0257129512272851, "val_loss": 0.813554292393991, "val_accuracy": 0.7418309439271719, "grad_norm": 0.28718411922454834, "lr": 0.0004877641290737884}
{"epoch": 2, "batch": 50, "batches_per_epoch": 14609, "loss": 0.8580793738365173, "lr": 0.00048768092594316724}
{"epoch": 2, "batch": 100, "batches_per_epoch": 14609, "loss": 0.8528695702552795, "lr": 0.00048759744802751893}
{"epoch": 2, "batch": 150, "batches_per_epoch": 14609, "loss": 0.811698853969574, "lr": 0.0004875136954233529}
{"epoch": 2, "batch": 200, "batches_per_epoch": 14609, "loss": 0.8609710335731506, "lr": 0.00048742966822749623}
{"epoch": 2, "batch": 250, "batches_per_epoch": 14609, "loss": 0.8593466281890869, "lr": 0.00048734536653709373}
{"epoch": 2, "batch": 300, "batches_per_epoch": 14609, "loss": 0.8529173731803894, "lr": 0.00048726079044960713}
{"epoch": 2, "batch": 350, "batches_per_epoch": 14609, "loss": 0.8672380447387695, "lr": 0.0004871759400628157}
{"epoch": 2, "batch": 400, "batches_per_epoch": 14609, "loss": 0.886295735836029, "lr": 0.00048709081547481563}
{"epoch": 2, "batch": 450, "batches_per_epoch": 14609, "loss": 0.8485989570617676, "lr": 0.0004870054167840203}
{"checkpoint": "/content/GenAI/task1_llm/member_denisha/checkpoints/gpt_from_scratch_latest.pt", "epoch": 2, "batch": 500}
{"epoch": 2, "batch": 500, "batches_per_epoch": 14609, "loss": 0.8584406971931458, "lr": 0.0004869197440891599}
{"epoch": 2, "batch": 550, "batches_per_epoch": 14609, "loss": 0.8663773536682129, "lr": 0.00048683379748928136}
{"epoch": 2, "batch": 600, "batches_per_epoch": 14609, "loss": 0.8538296818733215, "lr": 0.0004867475770837483}
{"epoch": 2, "batch": 650, "batches_per_epoch": 14609, "loss": 0.8508038520812988, "lr": 0.00048666108297224083}
{"epoch": 2, "batch": 700, "batches_per_epoch": 14609, "loss": 0.8458486199378967, "lr": 0.0004865743152547557}
{"epoch": 2, "batch": 750, "batches_per_epoch": 14609, "loss": 0.8794572949409485, "lr": 0.00048648727403160575}
{"epoch": 2, "batch": 800, "batches_per_epoch": 14609, "loss": 0.8328375816345215, "lr": 0.0004863999594034201}
{"epoch": 2, "batch": 850, "batches_per_epoch": 14609, "loss": 0.8400698304176331, "lr": 0.000486312371471144}
{"epoch": 2, "batch": 900, "batches_per_epoch": 14609, "loss": 0.8655567169189453, "lr": 0.00048622451033603867}
{"epoch": 2, "batch": 950, "batches_per_epoch": 14609, "loss": 0.8430541157722473, "lr": 0.0004861363760996811}
{"checkpoint": "/content/GenAI/task1_llm/member_denisha/checkpoints/gpt_from_scratch_latest.pt", "epoch": 2, "batch": 1000}
{"epoch": 2, "batch": 1000, "batches_per_epoch": 14609, "loss": 0.8670160174369812, "lr": 0.0004860479688639641}
{"epoch": 2, "batch": 1050, "batches_per_epoch": 14609, "loss": 0.8372864723205566, "lr": 0.00048595928873109594}
{"epoch": 2, "batch": 1100, "batches_per_epoch": 14609, "loss": 0.8316019177436829, "lr": 0.00048587033580360065}
{"epoch": 2, "batch": 1150, "batches_per_epoch": 14609, "loss": 0.845297634601593, "lr": 0.0004857811101843174}
{"epoch": 2, "batch": 1200, "batches_per_epoch": 14609, "loss": 0.8374529480934143, "lr": 0.0004856916119764009}
{"epoch": 2, "batch": 1250, "batches_per_epoch": 14609, "loss": 0.8269081115722656, "lr": 0.0004856018412833205}
{"epoch": 2, "batch": 1300, "batches_per_epoch": 14609, "loss": 0.8017093539237976, "lr": 0.00048551179820886125}
{"epoch": 2, "batch": 1350, "batches_per_epoch": 14609, "loss": 0.8482521176338196, "lr": 0.0004854214828571225}
{"epoch": 2, "batch": 1400, "batches_per_epoch": 14609, "loss": 0.8345921635627747, "lr": 0.00048533089533251875}
{"epoch": 2, "batch": 1450, "batches_per_epoch": 14609, "loss": 0.8197188377380371, "lr": 0.00048524003573977893}
{"checkpoint": "/content/GenAI/task1_llm/member_denisha/checkpoints/gpt_from_scratch_latest.pt", "epoch": 2, "batch": 1500}
{"epoch": 2, "batch": 1500, "batches_per_epoch": 14609, "loss": 0.880413830280304, "lr": 0.00048514890418394676}
{"epoch": 2, "batch": 1550, "batches_per_epoch": 14609, "loss": 0.8549197316169739, "lr": 0.0004850575007703802}
{"epoch": 2, "batch": 1600, "batches_per_epoch": 14609, "loss": 0.8397912383079529, "lr": 0.00048496582560475146}
{"epoch": 2, "batch": 1650, "batches_per_epoch": 14609, "loss": 0.8078155517578125, "lr": 0.0004848738787930471}
{"epoch": 2, "batch": 1700, "batches_per_epoch": 14609, "loss": 0.845287561416626, "lr": 0.0004847816604415676}
{"epoch": 2, "batch": 1750, "batches_per_epoch": 14609, "loss": 0.8577204346656799, "lr": 0.0004846891706569274}
{"epoch": 2, "batch": 1800, "batches_per_epoch": 14609, "loss": 0.839917004108429, "lr": 0.0004845964095460549}
{"epoch": 2, "batch": 1850, "batches_per_epoch": 14609, "loss": 0.8422260880470276, "lr": 0.0004845033772161919}
{"epoch": 2, "batch": 1900, "batches_per_epoch": 14609, "loss": 0.8374443054199219, "lr": 0.00048441007377489386}
{"epoch": 2, "batch": 1950, "batches_per_epoch": 14609, "loss": 0.8347122669219971, "lr": 0.00048431649933002984}
{"checkpoint": "/content/GenAI/task1_llm/member_denisha/checkpoints/gpt_from_scratch_latest.pt", "epoch": 2, "batch": 2000}
{"epoch": 2, "batch": 2000, "batches_per_epoch": 14609, "loss": 0.8540255427360535, "lr": 0.00048422265398978206}
{"epoch": 2, "batch": 2050, "batches_per_epoch": 14609, "loss": 0.844954788684845, "lr": 0.00048412853786264587}
{"epoch": 2, "batch": 2100, "batches_per_epoch": 14609, "loss": 0.8799471855163574, "lr": 0.00048403415105742985}
{"epoch": 2, "batch": 2150, "batches_per_epoch": 14609, "loss": 0.8494858145713806, "lr": 0.0004839394936832555}
{"epoch": 2, "batch": 2200, "batches_per_epoch": 14609, "loss": 0.8195573687553406, "lr": 0.0004838445658495568}
{"epoch": 2, "batch": 2250, "batches_per_epoch": 14609, "loss": 0.835242509841919, "lr": 0.0004837493676660809}
{"epoch": 2, "batch": 2300, "batches_per_epoch": 14609, "loss": 0.8490357398986816, "lr": 0.0004836538992428871}
{"epoch": 2, "batch": 2350, "batches_per_epoch": 14609, "loss": 0.8416622281074524, "lr": 0.0004835581606903474}
{"epoch": 2, "batch": 2400, "batches_per_epoch": 14609, "loss": 0.8634616732597351, "lr": 0.0004834621521191459}
{"epoch": 2, "batch": 2450, "batches_per_epoch": 14609, "loss": 0.8247768878936768, "lr": 0.0004833658736402791}
{"checkpoint": "/content/GenAI/task1_llm/member_denisha/checkpoints/gpt_from_scratch_latest.pt", "epoch": 2, "batch": 2500}
{"epoch": 2, "batch": 2500, "batches_per_epoch": 14609, "loss": 0.8421289324760437, "lr": 0.00048326932536505525}
{"epoch": 2, "batch": 2550, "batches_per_epoch": 14609, "loss": 0.8337628245353699, "lr": 0.00048317250740509475}
{"epoch": 2, "batch": 2600, "batches_per_epoch": 14609, "loss": 0.8154637217521667, "lr": 0.0004830754198723297}
{"epoch": 2, "batch": 2650, "batches_per_epoch": 14609, "loss": 0.8646093010902405, "lr": 0.0004829780628790038}
{"epoch": 2, "batch": 2700, "batches_per_epoch": 14609, "loss": 0.843019425868988, "lr": 0.0004828804365376724}
{"epoch": 2, "batch": 2750, "batches_per_epoch": 14609, "loss": 0.8655996322631836, "lr": 0.00048278254096120217}
{"epoch": 2, "batch": 2800, "batches_per_epoch": 14609, "loss": 0.8546735644340515, "lr": 0.000482684376262771}
{"epoch": 2, "batch": 2850, "batches_per_epoch": 14609, "loss": 0.843757688999176, "lr": 0.00048258594255586805}
{"epoch": 2, "batch": 2900, "batches_per_epoch": 14609, "loss": 0.8466642498970032, "lr": 0.00048248723995429334}
{"epoch": 2, "batch": 2950, "batches_per_epoch": 14609, "loss": 0.9094540476799011, "lr": 0.00048238826857215783}
{"checkpoint": "/content/GenAI/task1_llm/member_denisha/checkpoints/gpt_from_scratch_latest.pt", "epoch": 2, "batch": 3000}
{"epoch": 2, "batch": 3000, "batches_per_epoch": 14609, "loss": 0.814475953578949, "lr": 0.00048228902852388324}
{"epoch": 2, "batch": 3050, "batches_per_epoch": 14609, "loss": 0.8543779253959656, "lr": 0.0004821895199242019}
{"epoch": 2, "batch": 3100, "batches_per_epoch": 14609, "loss": 0.8406142592430115, "lr": 0.0004820897428881565}
{"epoch": 2, "batch": 3150, "batches_per_epoch": 14609, "loss": 0.8726785778999329, "lr": 0.0004819896975311002}
{"epoch": 2, "batch": 3200, "batches_per_epoch": 14609, "loss": 0.8429247736930847, "lr": 0.0004818893839686963}
{"epoch": 2, "batch": 3250, "batches_per_epoch": 14609, "loss": 0.8404431343078613, "lr": 0.0004817888023169183}
{"epoch": 2, "batch": 3300, "batches_per_epoch": 14609, "loss": 0.7928665280342102, "lr": 0.0004816879526920494}
{"epoch": 2, "batch": 3350, "batches_per_epoch": 14609, "loss": 0.8772902488708496, "lr": 0.0004815868352106828}
{"epoch": 2, "batch": 3400, "batches_per_epoch": 14609, "loss": 0.8166804313659668, "lr": 0.0004814854499897214}
{"epoch": 2, "batch": 3450, "batches_per_epoch": 14609, "loss": 0.8323097825050354, "lr": 0.00048138379714637744}
{"checkpoint": "/content/GenAI/task1_llm/member_denisha/checkpoints/gpt_from_scratch_latest.pt", "epoch": 2, "batch": 3500}
{"epoch": 2, "batch": 3500, "batches_per_epoch": 14609, "loss": 0.8587098717689514, "lr": 0.0004812818767981727}
{"epoch": 2, "batch": 3550, "batches_per_epoch": 14609, "loss": 0.7889353632926941, "lr": 0.0004811796890629382}
{"epoch": 2, "batch": 3600, "batches_per_epoch": 14609, "loss": 0.8140993714332581, "lr": 0.0004810772340588141}
{"epoch": 2, "batch": 3650, "batches_per_epoch": 14609, "loss": 0.8048262596130371, "lr": 0.0004809745119042496}
{"epoch": 2, "batch": 3700, "batches_per_epoch": 14609, "loss": 0.8409278988838196, "lr": 0.00048087152271800263}
{"epoch": 2, "batch": 3750, "batches_per_epoch": 14609, "loss": 0.8340141177177429, "lr": 0.00048076826661913987}
{"epoch": 2, "batch": 3800, "batches_per_epoch": 14609, "loss": 0.8304862380027771, "lr": 0.0004806647437270366}
{"epoch": 2, "batch": 3850, "batches_per_epoch": 14609, "loss": 0.8615582585334778, "lr": 0.0004805609541613767}
{"epoch": 2, "batch": 3900, "batches_per_epoch": 14609, "loss": 0.86256343126297, "lr": 0.000480456898042152}
{"epoch": 2, "batch": 3950, "batches_per_epoch": 14609, "loss": 0.7996370792388916, "lr": 0.00048035257548966295}
{"checkpoint": "/content/GenAI/task1_llm/member_denisha/checkpoints/gpt_from_scratch_latest.pt", "epoch": 2, "batch": 4000}
{"epoch": 2, "batch": 4000, "batches_per_epoch": 14609, "loss": 0.8793973326683044, "lr": 0.00048024798662451754}
{"epoch": 2, "batch": 4050, "batches_per_epoch": 14609, "loss": 0.8627803921699524, "lr": 0.000480143131567632}
{"epoch": 2, "batch": 4100, "batches_per_epoch": 14609, "loss": 0.8706802725791931, "lr": 0.00048003801044023024}
{"epoch": 2, "batch": 4150, "batches_per_epoch": 14609, "loss": 0.8209643363952637, "lr": 0.0004799326233638436}
{"epoch": 2, "batch": 4200, "batches_per_epoch": 14609, "loss": 0.8716856837272644, "lr": 0.0004798269704603111}
{"epoch": 2, "batch": 4250, "batches_per_epoch": 14609, "loss": 0.8703848719596863, "lr": 0.00047972105185177896}
{"epoch": 2, "batch": 4300, "batches_per_epoch": 14609, "loss": 0.8770567774772644, "lr": 0.0004796148676607006}
{"epoch": 2, "batch": 4350, "batches_per_epoch": 14609, "loss": 0.8473932147026062, "lr": 0.00047950841800983667}
{"epoch": 2, "batch": 4400, "batches_per_epoch": 14609, "loss": 0.8043181300163269, "lr": 0.0004794017030222544}
{"epoch": 2, "batch": 4450, "batches_per_epoch": 14609, "loss": 0.813800036907196, "lr": 0.0004792947228213279}
{"checkpoint": "/content/GenAI/task1_llm/member_denisha/checkpoints/gpt_from_scratch_latest.pt", "epoch": 2, "batch": 4500}
{"epoch": 2, "batch": 4500, "batches_per_epoch": 14609, "loss": 0.8254599571228027, "lr": 0.000479187477530738}
{"epoch": 2, "batch": 4550, "batches_per_epoch": 14609, "loss": 0.8144996762275696, "lr": 0.000479079967274472}
{"epoch": 2, "batch": 4600, "batches_per_epoch": 14609, "loss": 0.7706918120384216, "lr": 0.0004789721921768233}
{"epoch": 2, "batch": 4650, "batches_per_epoch": 14609, "loss": 0.7714055180549622, "lr": 0.00047886415236239176}
{"epoch": 2, "batch": 4700, "batches_per_epoch": 14609, "loss": 0.8064374923706055, "lr": 0.0004787558479560832}
{"epoch": 2, "batch": 4750, "batches_per_epoch": 14609, "loss": 0.8404799103736877, "lr": 0.00047864727908310923}
{"epoch": 2, "batch": 4800, "batches_per_epoch": 14609, "loss": 0.8317009806632996, "lr": 0.0004785384458689873}
{"epoch": 2, "batch": 4850, "batches_per_epoch": 14609, "loss": 0.8153999447822571, "lr": 0.00047842934843954045}
{"epoch": 2, "batch": 4900, "batches_per_epoch": 14609, "loss": 0.8237605690956116, "lr": 0.00047831998692089716}
{"epoch": 2, "batch": 4950, "batches_per_epoch": 14609, "loss": 0.8126973509788513, "lr": 0.00047821036143949136}
{"checkpoint": "/content/GenAI/task1_llm/member_denisha/checkpoints/gpt_from_scratch_latest.pt", "epoch": 2, "batch": 5000}
{"epoch": 2, "batch": 5000, "batches_per_epoch": 14609, "loss": 0.8445436358451843, "lr": 0.000478100472122062}
{"epoch": 2, "batch": 5050, "batches_per_epoch": 14609, "loss": 0.848578155040741, "lr": 0.0004779903190956529}
{"epoch": 2, "batch": 5100, "batches_per_epoch": 14609, "loss": 0.8196336627006531, "lr": 0.00047787990248761324}
{"epoch": 2, "batch": 5150, "batches_per_epoch": 14609, "loss": 0.8259417414665222, "lr": 0.00047776922242559656}
{"epoch": 2, "batch": 5200, "batches_per_epoch": 14609, "loss": 0.8709130883216858, "lr": 0.00047765827903756096}
{"epoch": 2, "batch": 5250, "batches_per_epoch": 14609, "loss": 0.8300383687019348, "lr": 0.00047754707245176907}
{"epoch": 2, "batch": 5300, "batches_per_epoch": 14609, "loss": 0.7903375625610352, "lr": 0.000477435602796788}
{"epoch": 2, "batch": 5350, "batches_per_epoch": 14609, "loss": 0.8352462649345398, "lr": 0.0004773238702014886}
{"epoch": 2, "batch": 5400, "batches_per_epoch": 14609, "loss": 0.7926569581031799, "lr": 0.00047721187479504604}
{"epoch": 2, "batch": 5450, "batches_per_epoch": 14609, "loss": 0.8331145644187927, "lr": 0.00047709961670693913}
{"checkpoint": "/content/GenAI/task1_llm/member_denisha/checkpoints/gpt_from_scratch_latest.pt", "epoch": 2, "batch": 5500}
{"epoch": 2, "batch": 5500, "batches_per_epoch": 14609, "loss": 0.8038861155509949, "lr": 0.00047698709606695046}
{"epoch": 2, "batch": 5550, "batches_per_epoch": 14609, "loss": 0.8499188423156738, "lr": 0.0004768743130051661}
{"epoch": 2, "batch": 5600, "batches_per_epoch": 14609, "loss": 0.7901191711425781, "lr": 0.00047676126765197575}
{"epoch": 2, "batch": 5650, "batches_per_epoch": 14609, "loss": 0.8169795870780945, "lr": 0.0004766479601380719}
{"epoch": 2, "batch": 5700, "batches_per_epoch": 14609, "loss": 0.8177071213722229, "lr": 0.0004765343905944505}
{"epoch": 2, "batch": 5750, "batches_per_epoch": 14609, "loss": 0.8268384337425232, "lr": 0.0004764205591524102}
{"epoch": 2, "batch": 5800, "batches_per_epoch": 14609, "loss": 0.7823634147644043, "lr": 0.00047630646594355264}
{"epoch": 2, "batch": 5850, "batches_per_epoch": 14609, "loss": 0.8127773404121399, "lr": 0.000476192111099782}
{"epoch": 2, "batch": 5900, "batches_per_epoch": 14609, "loss": 0.7788285613059998, "lr": 0.00047607749475330494}
{"epoch": 2, "batch": 5950, "batches_per_epoch": 14609, "loss": 0.8294312953948975, "lr": 0.00047596261703663036}
{"checkpoint": "/content/GenAI/task1_llm/member_denisha/checkpoints/gpt_from_scratch_latest.pt", "epoch": 2, "batch": 6000}
{"epoch": 2, "batch": 6000, "batches_per_epoch": 14609, "loss": 0.8130359649658203, "lr": 0.00047584747808256935}
{"epoch": 2, "batch": 6050, "batches_per_epoch": 14609, "loss": 0.842171847820282, "lr": 0.0004757320780242352}
{"epoch": 2, "batch": 6100, "batches_per_epoch": 14609, "loss": 0.7961077690124512, "lr": 0.000475616416995043}
{"epoch": 2, "batch": 6150, "batches_per_epoch": 14609, "loss": 0.7948453426361084, "lr": 0.0004755004951287093}
{"epoch": 2, "batch": 6200, "batches_per_epoch": 14609, "loss": 0.8310331702232361, "lr": 0.00047538431255925254}
{"epoch": 2, "batch": 6250, "batches_per_epoch": 14609, "loss": 0.7987656593322754, "lr": 0.0004752678694209923}
{"epoch": 2, "batch": 6300, "batches_per_epoch": 14609, "loss": 0.816639244556427, "lr": 0.0004751511658485497}
{"epoch": 2, "batch": 6350, "batches_per_epoch": 14609, "loss": 0.7825021743774414, "lr": 0.00047503420197684664}
{"epoch": 2, "batch": 6400, "batches_per_epoch": 14609, "loss": 0.8235831260681152, "lr": 0.0004749169779411061}
{"epoch": 2, "batch": 6450, "batches_per_epoch": 14609, "loss": 0.7950543761253357, "lr": 0.00047479949387685183}
{"checkpoint": "/content/GenAI/task1_llm/member_denisha/checkpoints/gpt_from_scratch_latest.pt", "epoch": 2, "batch": 6500}
{"epoch": 2, "batch": 6500, "batches_per_epoch": 14609, "loss": 0.8568384051322937, "lr": 0.0004746817499199083}
{"epoch": 2, "batch": 6550, "batches_per_epoch": 14609, "loss": 0.8467835783958435, "lr": 0.0004745637462064002}
{"epoch": 2, "batch": 6600, "batches_per_epoch": 14609, "loss": 0.8245630264282227, "lr": 0.0004744454828727528}
{"epoch": 2, "batch": 6650, "batches_per_epoch": 14609, "loss": 0.8298825621604919, "lr": 0.0004743269600556913}
{"epoch": 2, "batch": 6700, "batches_per_epoch": 14609, "loss": 0.8110358119010925, "lr": 0.000474208177892241}
{"epoch": 2, "batch": 6750, "batches_per_epoch": 14609, "loss": 0.842876136302948, "lr": 0.00047408913651972697}
{"epoch": 2, "batch": 6800, "batches_per_epoch": 14609, "loss": 0.8142487406730652, "lr": 0.00047396983607577407}
{"epoch": 2, "batch": 6850, "batches_per_epoch": 14609, "loss": 0.7987448573112488, "lr": 0.0004738502766983066}
{"epoch": 2, "batch": 6900, "batches_per_epoch": 14609, "loss": 0.835089921951294, "lr": 0.0004737304585255482}
{"epoch": 2, "batch": 6950, "batches_per_epoch": 14609, "loss": 0.8086698651313782, "lr": 0.00047361038169602165}
{"checkpoint": "/content/GenAI/task1_llm/member_denisha/checkpoints/gpt_from_scratch_latest.pt", "epoch": 2, "batch": 7000}
{"epoch": 2, "batch": 7000, "batches_per_epoch": 14609, "loss": 0.848950207233429, "lr": 0.000473490046348549}
{"epoch": 2, "batch": 7050, "batches_per_epoch": 14609, "loss": 0.8283211588859558, "lr": 0.00047336945262225084}
{"epoch": 2, "batch": 7100, "batches_per_epoch": 14609, "loss": 0.8187761902809143, "lr": 0.0004732486006565468}
{"epoch": 2, "batch": 7150, "batches_per_epoch": 14609, "loss": 0.8599095940589905, "lr": 0.0004731274905911548}
{"epoch": 2, "batch": 7200, "batches_per_epoch": 14609, "loss": 0.8302803039550781, "lr": 0.0004730061225660912}
{"epoch": 2, "batch": 7250, "batches_per_epoch": 14609, "loss": 0.8149212002754211, "lr": 0.00047288449672167087}
{"epoch": 2, "batch": 7300, "batches_per_epoch": 14609, "loss": 0.8713105320930481, "lr": 0.0004727626131985064}
{"epoch": 2, "batch": 7350, "batches_per_epoch": 14609, "loss": 0.8221330642700195, "lr": 0.00047264047213750837}
{"epoch": 2, "batch": 7400, "batches_per_epoch": 14609, "loss": 0.810213029384613, "lr": 0.0004725180736798852}
{"epoch": 2, "batch": 7450, "batches_per_epoch": 14609, "loss": 0.7713775038719177, "lr": 0.0004723954179671428}
{"checkpoint": "/content/GenAI/task1_llm/member_denisha/checkpoints/gpt_from_scratch_latest.pt", "epoch": 2, "batch": 7500}
{"epoch": 2, "batch": 7500, "batches_per_epoch": 14609, "loss": 0.8132120966911316, "lr": 0.00047227250514108454}
{"epoch": 2, "batch": 7550, "batches_per_epoch": 14609, "loss": 0.8379648327827454, "lr": 0.0004721493353438111}
{"epoch": 2, "batch": 7600, "batches_per_epoch": 14609, "loss": 0.8141722083091736, "lr": 0.0004720259087177201}
{"epoch": 2, "batch": 7650, "batches_per_epoch": 14609, "loss": 0.8485656380653381, "lr": 0.0004719022254055061}
{"epoch": 2, "batch": 7700, "batches_per_epoch": 14609, "loss": 0.8103046417236328, "lr": 0.0004717782855501607}
{"epoch": 2, "batch": 7750, "batches_per_epoch": 14609, "loss": 0.8378089070320129, "lr": 0.00047165408929497154}
{"epoch": 2, "batch": 7800, "batches_per_epoch": 14609, "loss": 0.8660433888435364, "lr": 0.00047152963678352325}
{"epoch": 2, "batch": 7850, "batches_per_epoch": 14609, "loss": 0.8243160247802734, "lr": 0.00047140492815969643}
{"epoch": 2, "batch": 7900, "batches_per_epoch": 14609, "loss": 0.8191466331481934, "lr": 0.0004712799635676678}
{"epoch": 2, "batch": 7950, "batches_per_epoch": 14609, "loss": 0.8327305316925049, "lr": 0.00047115474315191007}
{"checkpoint": "/content/GenAI/task1_llm/member_denisha/checkpoints/gpt_from_scratch_latest.pt", "epoch": 2, "batch": 8000}
{"epoch": 2, "batch": 8000, "batches_per_epoch": 14609, "loss": 0.8311660885810852, "lr": 0.0004710292670571916}
{"epoch": 2, "batch": 8050, "batches_per_epoch": 14609, "loss": 0.7781751155853271, "lr": 0.00047090353542857653}
{"epoch": 2, "batch": 8100, "batches_per_epoch": 14609, "loss": 0.7919090390205383, "lr": 0.00047077754841142426}
{"epoch": 2, "batch": 8150, "batches_per_epoch": 14609, "loss": 0.7824355959892273, "lr": 0.00047065130615138944}
{"epoch": 2, "batch": 8200, "batches_per_epoch": 14609, "loss": 0.7988832592964172, "lr": 0.00047052480879442195}
{"epoch": 2, "batch": 8250, "batches_per_epoch": 14609, "loss": 0.7614720463752747, "lr": 0.00047039805648676645}
{"epoch": 2, "batch": 8300, "batches_per_epoch": 14609, "loss": 0.785374641418457, "lr": 0.0004702710493749625}
{"epoch": 2, "batch": 8350, "batches_per_epoch": 14609, "loss": 0.8211949467658997, "lr": 0.000470143787605844}
{"epoch": 2, "batch": 8400, "batches_per_epoch": 14609, "loss": 0.8078258633613586, "lr": 0.00047001627132653944}
{"epoch": 2, "batch": 8450, "batches_per_epoch": 14609, "loss": 0.8108325004577637, "lr": 0.00046988850068447165}
{"checkpoint": "/content/GenAI/task1_llm/member_denisha/checkpoints/gpt_from_scratch_latest.pt", "epoch": 2, "batch": 8500}
{"epoch": 2, "batch": 8500, "batches_per_epoch": 14609, "loss": 0.8614945411682129, "lr": 0.0004697604758273573}
{"epoch": 2, "batch": 8550, "batches_per_epoch": 14609, "loss": 0.8468656539916992, "lr": 0.00046963219690320706}
{"epoch": 2, "batch": 8600, "batches_per_epoch": 14609, "loss": 0.8655366897583008, "lr": 0.0004695036640603254}
{"epoch": 2, "batch": 8650, "batches_per_epoch": 14609, "loss": 0.8026630282402039, "lr": 0.0004693748774473102}
{"epoch": 2, "batch": 8700, "batches_per_epoch": 14609, "loss": 0.8125192523002625, "lr": 0.0004692458372130529}
{"epoch": 2, "batch": 8750, "batches_per_epoch": 14609, "loss": 0.8195163607597351, "lr": 0.00046911654350673793}
{"epoch": 2, "batch": 8800, "batches_per_epoch": 14609, "loss": 0.8123790621757507, "lr": 0.000468986996477843}
{"epoch": 2, "batch": 8850, "batches_per_epoch": 14609, "loss": 0.8156707882881165, "lr": 0.0004688571962761386}
{"epoch": 2, "batch": 8900, "batches_per_epoch": 14609, "loss": 0.807579755783081, "lr": 0.0004687271430516878}
{"epoch": 2, "batch": 8950, "batches_per_epoch": 14609, "loss": 0.8094544410705566, "lr": 0.0004685968369548463}
{"checkpoint": "/content/GenAI/task1_llm/member_denisha/checkpoints/gpt_from_scratch_latest.pt", "epoch": 2, "batch": 9000}
{"epoch": 2, "batch": 9000, "batches_per_epoch": 14609, "loss": 0.8406358361244202, "lr": 0.0004684662781362622}
{"epoch": 2, "batch": 9050, "batches_per_epoch": 14609, "loss": 0.8606649041175842, "lr": 0.00046833546674687564}
{"epoch": 2, "batch": 9100, "batches_per_epoch": 14609, "loss": 0.8458507061004639, "lr": 0.0004682044029379189}
{"epoch": 2, "batch": 9150, "batches_per_epoch": 14609, "loss": 0.7908642888069153, "lr": 0.00046807308686091587}
{"epoch": 2, "batch": 9200, "batches_per_epoch": 14609, "loss": 0.829237699508667, "lr": 0.0004679415186676824}
{"epoch": 2, "batch": 9250, "batches_per_epoch": 14609, "loss": 0.8723552823066711, "lr": 0.00046780969851032556}
{"epoch": 2, "batch": 9300, "batches_per_epoch": 14609, "loss": 0.7894291281700134, "lr": 0.00046767762654124386}
{"epoch": 2, "batch": 9350, "batches_per_epoch": 14609, "loss": 0.7982375621795654, "lr": 0.0004675453029131268}
{"epoch": 2, "batch": 9400, "batches_per_epoch": 14609, "loss": 0.8257284760475159, "lr": 0.00046741272777895494}
{"epoch": 2, "batch": 9450, "batches_per_epoch": 14609, "loss": 0.7925584316253662, "lr": 0.00046727990129199955}
{"checkpoint": "/content/GenAI/task1_llm/member_denisha/checkpoints/gpt_from_scratch_latest.pt", "epoch": 2, "batch": 9500}
{"epoch": 2, "batch": 9500, "batches_per_epoch": 14609, "loss": 0.8121963143348694, "lr": 0.00046714682360582253}
{"epoch": 2, "batch": 9550, "batches_per_epoch": 14609, "loss": 0.8420292735099792, "lr": 0.00046701349487427617}
{"epoch": 2, "batch": 9600, "batches_per_epoch": 14609, "loss": 0.7649655938148499, "lr": 0.000466879915251503}
{"epoch": 2, "batch": 9650, "batches_per_epoch": 14609, "loss": 0.792640209197998, "lr": 0.0004667460848919356}
{"epoch": 2, "batch": 9700, "batches_per_epoch": 14609, "loss": 0.812060534954071, "lr": 0.00046661200395029645}
{"epoch": 2, "batch": 9750, "batches_per_epoch": 14609, "loss": 0.8063837885856628, "lr": 0.00046647767258159776}
{"epoch": 2, "batch": 9800, "batches_per_epoch": 14609, "loss": 0.7965531349182129, "lr": 0.0004663430909411411}
{"epoch": 2, "batch": 9850, "batches_per_epoch": 14609, "loss": 0.7918125987052917, "lr": 0.0004662082591845176}
{"epoch": 2, "batch": 9900, "batches_per_epoch": 14609, "loss": 0.8105805516242981, "lr": 0.00046607317746760735}
{"epoch": 2, "batch": 9950, "batches_per_epoch": 14609, "loss": 0.8135392665863037, "lr": 0.00046593784594657964}
{"checkpoint": "/content/GenAI/task1_llm/member_denisha/checkpoints/gpt_from_scratch_latest.pt", "epoch": 2, "batch": 10000}
{"epoch": 2, "batch": 10000, "batches_per_epoch": 14609, "loss": 0.8175317645072937, "lr": 0.00046580226477789234}
{"epoch": 2, "batch": 10050, "batches_per_epoch": 14609, "loss": 0.8186991810798645, "lr": 0.00046566643411829215}
{"epoch": 2, "batch": 10100, "batches_per_epoch": 14609, "loss": 0.8236992955207825, "lr": 0.0004655303541248139}
{"epoch": 2, "batch": 10150, "batches_per_epoch": 14609, "loss": 0.8283467888832092, "lr": 0.00046539402495478124}
{"epoch": 2, "batch": 10200, "batches_per_epoch": 14609, "loss": 0.8370386958122253, "lr": 0.0004652574467658052}
{"epoch": 2, "batch": 10250, "batches_per_epoch": 14609, "loss": 0.827652633190155, "lr": 0.0004651206197157851}
{"epoch": 2, "batch": 10300, "batches_per_epoch": 14609, "loss": 0.8211001753807068, "lr": 0.000464983543962908}
{"epoch": 2, "batch": 10350, "batches_per_epoch": 14609, "loss": 0.8233126997947693, "lr": 0.00046484621966564834}
{"epoch": 2, "batch": 10400, "batches_per_epoch": 14609, "loss": 0.8181541562080383, "lr": 0.00046470864698276796}
{"epoch": 2, "batch": 10450, "batches_per_epoch": 14609, "loss": 0.7927579879760742, "lr": 0.0004645708260733158}
{"checkpoint": "/content/GenAI/task1_llm/member_denisha/checkpoints/gpt_from_scratch_latest.pt", "epoch": 2, "batch": 10500}
{"epoch": 2, "batch": 10500, "batches_per_epoch": 14609, "loss": 0.8198404312133789, "lr": 0.00046443275709662804}
{"epoch": 2, "batch": 10550, "batches_per_epoch": 14609, "loss": 0.83705073595047, "lr": 0.00046429444021232717}
{"epoch": 2, "batch": 10600, "batches_per_epoch": 14609, "loss": 0.7970266342163086, "lr": 0.0004641558755803228}
{"epoch": 2, "batch": 10650, "batches_per_epoch": 14609, "loss": 0.7993577122688293, "lr": 0.00046401706336081063}
{"epoch": 2, "batch": 10700, "batches_per_epoch": 14609, "loss": 0.7790266871452332, "lr": 0.00046387800371427263}
{"epoch": 2, "batch": 10750, "batches_per_epoch": 14609, "loss": 0.7595462799072266, "lr": 0.0004637386968014771}
{"epoch": 2, "batch": 10800, "batches_per_epoch": 14609, "loss": 0.8042802810668945, "lr": 0.0004635991427834777}
{"epoch": 2, "batch": 10850, "batches_per_epoch": 14609, "loss": 0.8071233630180359, "lr": 0.0004634593418216143}
{"epoch": 2, "batch": 10900, "batches_per_epoch": 14609, "loss": 0.7725045084953308, "lr": 0.000463319294077512}
{"epoch": 2, "batch": 10950, "batches_per_epoch": 14609, "loss": 0.794499397277832, "lr": 0.0004631789997130812}
{"checkpoint": "/content/GenAI/task1_llm/member_denisha/checkpoints/gpt_from_scratch_latest.pt", "epoch": 2, "batch": 11000}
{"epoch": 2, "batch": 11000, "batches_per_epoch": 14609, "loss": 0.8123578429222107, "lr": 0.0004630384588905174}
{"epoch": 2, "batch": 11050, "batches_per_epoch": 14609, "loss": 0.8190813064575195, "lr": 0.00046289767177230123}
{"epoch": 2, "batch": 11100, "batches_per_epoch": 14609, "loss": 0.8233904838562012, "lr": 0.00046275663852119787}
{"epoch": 2, "batch": 11150, "batches_per_epoch": 14609, "loss": 0.7869804501533508, "lr": 0.000462615359300257}
{"epoch": 2, "batch": 11200, "batches_per_epoch": 14609, "loss": 0.8589999079704285, "lr": 0.00046247383427281297}
{"epoch": 2, "batch": 11250, "batches_per_epoch": 14609, "loss": 0.8379039168357849, "lr": 0.00046233206360248393}
{"epoch": 2, "batch": 11300, "batches_per_epoch": 14609, "loss": 0.8080522418022156, "lr": 0.0004621900474531724}
{"epoch": 2, "batch": 11350, "batches_per_epoch": 14609, "loss": 0.795438289642334, "lr": 0.0004620477859890644}
{"epoch": 2, "batch": 11400, "batches_per_epoch": 14609, "loss": 0.8265774846076965, "lr": 0.00046190527937462963}
{"epoch": 2, "batch": 11450, "batches_per_epoch": 14609, "loss": 0.8279098868370056, "lr": 0.00046176252777462137}
{"checkpoint": "/content/GenAI/task1_llm/member_denisha/checkpoints/gpt_from_scratch_latest.pt", "epoch": 2, "batch": 11500}
{"epoch": 2, "batch": 11500, "batches_per_epoch": 14609, "loss": 0.8100359439849854, "lr": 0.00046161953135407584}
{"epoch": 2, "batch": 11550, "batches_per_epoch": 14609, "loss": 0.8387808799743652, "lr": 0.0004614762902783127}
{"epoch": 2, "batch": 11600, "batches_per_epoch": 14609, "loss": 0.7926281094551086, "lr": 0.00046133280471293405}
{"epoch": 2, "batch": 11650, "batches_per_epoch": 14609, "loss": 0.7846369743347168, "lr": 0.0004611890748238249}
{"epoch": 2, "batch": 11700, "batches_per_epoch": 14609, "loss": 0.7641744613647461, "lr": 0.0004610451007771526}
{"epoch": 2, "batch": 11750, "batches_per_epoch": 14609, "loss": 0.7934651374816895, "lr": 0.00046090088273936694}
{"epoch": 2, "batch": 11800, "batches_per_epoch": 14609, "loss": 0.807124137878418, "lr": 0.0004607564208771995}
{"epoch": 2, "batch": 11850, "batches_per_epoch": 14609, "loss": 0.7953222393989563, "lr": 0.0004606117153576641}
{"epoch": 2, "batch": 11900, "batches_per_epoch": 14609, "loss": 0.769770085811615, "lr": 0.0004604667663480559}
{"epoch": 2, "batch": 11950, "batches_per_epoch": 14609, "loss": 0.8037590980529785, "lr": 0.0004603215740159519}
{"checkpoint": "/content/GenAI/task1_llm/member_denisha/checkpoints/gpt_from_scratch_latest.pt", "epoch": 2, "batch": 12000}
{"epoch": 2, "batch": 12000, "batches_per_epoch": 14609, "loss": 0.7932639718055725, "lr": 0.00046017613852921004}
{"epoch": 2, "batch": 12050, "batches_per_epoch": 14609, "loss": 0.8228573799133301, "lr": 0.0004600304600559698}
{"epoch": 2, "batch": 12100, "batches_per_epoch": 14609, "loss": 0.8085033297538757, "lr": 0.00045988453876465125}
{"epoch": 2, "batch": 12150, "batches_per_epoch": 14609, "loss": 0.8428279757499695, "lr": 0.0004597383748239553}
{"epoch": 2, "batch": 12200, "batches_per_epoch": 14609, "loss": 0.8311750292778015, "lr": 0.00045959196840286335}
{"epoch": 2, "batch": 12250, "batches_per_epoch": 14609, "loss": 0.8077544569969177, "lr": 0.0004594453196706372}
{"epoch": 2, "batch": 12300, "batches_per_epoch": 14609, "loss": 0.7937754988670349, "lr": 0.0004592984287968187}
{"epoch": 2, "batch": 12350, "batches_per_epoch": 14609, "loss": 0.838893711566925, "lr": 0.0004591512959512297}
{"epoch": 2, "batch": 12400, "batches_per_epoch": 14609, "loss": 0.7760365605354309, "lr": 0.00045900392130397195}
{"epoch": 2, "batch": 12450, "batches_per_epoch": 14609, "loss": 0.7833151817321777, "lr": 0.0004588563050254263}
{"checkpoint": "/content/GenAI/task1_llm/member_denisha/checkpoints/gpt_from_scratch_latest.pt", "epoch": 2, "batch": 12500}
{"epoch": 2, "batch": 12500, "batches_per_epoch": 14609, "loss": 0.841719925403595, "lr": 0.0004587084472862535}
{"epoch": 2, "batch": 12550, "batches_per_epoch": 14609, "loss": 0.8235116004943848, "lr": 0.0004585603482573931}
{"epoch": 2, "batch": 12600, "batches_per_epoch": 14609, "loss": 0.8148133158683777, "lr": 0.0004584120081100636}
{"epoch": 2, "batch": 12650, "batches_per_epoch": 14609, "loss": 0.8117661476135254, "lr": 0.0004582634270157625}
{"epoch": 2, "batch": 12700, "batches_per_epoch": 14609, "loss": 0.8035203814506531, "lr": 0.0004581146051462657}
{"epoch": 2, "batch": 12750, "batches_per_epoch": 14609, "loss": 0.7985067963600159, "lr": 0.00045796554267362745}
{"epoch": 2, "batch": 12800, "batches_per_epoch": 14609, "loss": 0.8010690808296204, "lr": 0.00045781623977018016}
{"epoch": 2, "batch": 12850, "batches_per_epoch": 14609, "loss": 0.7957651019096375, "lr": 0.0004576666966085343}
{"epoch": 2, "batch": 12900, "batches_per_epoch": 14609, "loss": 0.8370761871337891, "lr": 0.00045751691336157804}
{"epoch": 2, "batch": 12950, "batches_per_epoch": 14609, "loss": 0.7891073226928711, "lr": 0.00045736689020247707}
{"checkpoint": "/content/GenAI/task1_llm/member_denisha/checkpoints/gpt_from_scratch_latest.pt", "epoch": 2, "batch": 13000}
{"epoch": 2, "batch": 13000, "batches_per_epoch": 14609, "loss": 0.8123190999031067, "lr": 0.00045721662730467455}
{"epoch": 2, "batch": 13050, "batches_per_epoch": 14609, "loss": 0.7919918894767761, "lr": 0.0004570661248418908}
{"epoch": 2, "batch": 13100, "batches_per_epoch": 14609, "loss": 0.8019745945930481, "lr": 0.00045691538298812284}
{"epoch": 2, "batch": 13150, "batches_per_epoch": 14609, "loss": 0.8038951754570007, "lr": 0.000456764401917645}
{"epoch": 2, "batch": 13200, "batches_per_epoch": 14609, "loss": 0.7694942355155945, "lr": 0.00045661318180500755}
{"epoch": 2, "batch": 13250, "batches_per_epoch": 14609, "loss": 0.8109450936317444, "lr": 0.00045646172282503753}
{"epoch": 2, "batch": 13300, "batches_per_epoch": 14609, "loss": 0.8445884585380554, "lr": 0.0004563100251528379}
{"epoch": 2, "batch": 13350, "batches_per_epoch": 14609, "loss": 0.8691344261169434, "lr": 0.00045615808896378785}
{"epoch": 2, "batch": 13400, "batches_per_epoch": 14609, "loss": 0.7927120327949524, "lr": 0.000456005914433542}
{"epoch": 2, "batch": 13450, "batches_per_epoch": 14609, "loss": 0.787183940410614, "lr": 0.00045585350173803083}
{"checkpoint": "/content/GenAI/task1_llm/member_denisha/checkpoints/gpt_from_scratch_latest.pt", "epoch": 2, "batch": 13500}
{"epoch": 2, "batch": 13500, "batches_per_epoch": 14609, "loss": 0.8460046648979187, "lr": 0.0004557008510534599}
{"epoch": 2, "batch": 13550, "batches_per_epoch": 14609, "loss": 0.81353759765625, "lr": 0.00045554796255631004}
{"epoch": 2, "batch": 13600, "batches_per_epoch": 14609, "loss": 0.7653326988220215, "lr": 0.00045539483642333703}
{"epoch": 2, "batch": 13650, "batches_per_epoch": 14609, "loss": 0.7529452443122864, "lr": 0.00045524147283157126}
{"epoch": 2, "batch": 13700, "batches_per_epoch": 14609, "loss": 0.8319075703620911, "lr": 0.0004550878719583178}
{"epoch": 2, "batch": 13750, "batches_per_epoch": 14609, "loss": 0.7940964698791504, "lr": 0.0004549340339811561}
{"epoch": 2, "batch": 13800, "batches_per_epoch": 14609, "loss": 0.8111804127693176, "lr": 0.00045477995907793934}
{"epoch": 2, "batch": 13850, "batches_per_epoch": 14609, "loss": 0.7847335934638977, "lr": 0.0004546256474267951}
{"epoch": 2, "batch": 13900, "batches_per_epoch": 14609, "loss": 0.8051910400390625, "lr": 0.00045447109920612446}
{"epoch": 2, "batch": 13950, "batches_per_epoch": 14609, "loss": 0.8160674571990967, "lr": 0.00045431631459460185}
{"checkpoint": "/content/GenAI/task1_llm/member_denisha/checkpoints/gpt_from_scratch_latest.pt", "epoch": 2, "batch": 14000}
{"epoch": 2, "batch": 14000, "batches_per_epoch": 14609, "loss": 0.8093473315238953, "lr": 0.00045416129377117526}
{"epoch": 2, "batch": 14050, "batches_per_epoch": 14609, "loss": 0.7817420959472656, "lr": 0.0004540060369150656}
{"epoch": 2, "batch": 14100, "batches_per_epoch": 14609, "loss": 0.8175466656684875, "lr": 0.00045385054420576655}
{"epoch": 2, "batch": 14150, "batches_per_epoch": 14609, "loss": 0.8060346245765686, "lr": 0.00045369481582304484}
{"epoch": 2, "batch": 14200, "batches_per_epoch": 14609, "loss": 0.7754834294319153, "lr": 0.00045353885194693934}
{"epoch": 2, "batch": 14250, "batches_per_epoch": 14609, "loss": 0.7812293171882629, "lr": 0.0004533826527577612}
{"epoch": 2, "batch": 14300, "batches_per_epoch": 14609, "loss": 0.8122056126594543, "lr": 0.0004532262184360938}
{"epoch": 2, "batch": 14350, "batches_per_epoch": 14609, "loss": 0.7640669941902161, "lr": 0.0004530695491627922}
{"epoch": 2, "batch": 14400, "batches_per_epoch": 14609, "loss": 0.8199043273925781, "lr": 0.0004529126451189831}
{"epoch": 2, "batch": 14450, "batches_per_epoch": 14609, "loss": 0.7888184189796448, "lr": 0.00045275550648606473}
{"checkpoint": "/content/GenAI/task1_llm/member_denisha/checkpoints/gpt_from_scratch_latest.pt", "epoch": 2, "batch": 14500}
{"epoch": 2, "batch": 14500, "batches_per_epoch": 14609, "loss": 0.790534496307373, "lr": 0.00045259813344570644}
{"epoch": 2, "batch": 14550, "batches_per_epoch": 14609, "loss": 0.8011906147003174, "lr": 0.0004524405261798485}
{"epoch": 2, "batch": 14600, "batches_per_epoch": 14609, "loss": 0.7760480046272278, "lr": 0.00045228268487070223}
{"epoch": 2, "train_loss": 0.8222862655919504, "val_loss": 0.7592012509147384, "val_accuracy": 0.7587468534569066, "grad_norm": 0.26168006658554077, "lr": 0.0004522542485937369}
{"epoch": 3, "batch": 50, "batches_per_epoch": 14609, "loss": 0.7924561500549316, "lr": 0.0004520961313482391}
{"epoch": 3, "batch": 100, "batches_per_epoch": 14609, "loss": 0.8092517256736755, "lr": 0.00045193778045761094}
{"epoch": 3, "batch": 150, "batches_per_epoch": 14609, "loss": 0.8081824779510498, "lr": 0.00045177919610492307}
{"epoch": 3, "batch": 200, "batches_per_epoch": 14609, "loss": 0.8125502467155457, "lr": 0.0004516203784735163}
{"epoch": 3, "batch": 250, "batches_per_epoch": 14609, "loss": 0.8306698203086853, "lr": 0.0004514613277470013}
{"epoch": 3, "batch": 300, "batches_per_epoch": 14609, "loss": 0.7405185103416443, "lr": 0.0004513020441092578}
{"epoch": 3, "batch": 350, "batches_per_epoch": 14609, "loss": 0.7712159156799316, "lr": 0.00045114252774443515}
{"epoch": 3, "batch": 400, "batches_per_epoch": 14609, "loss": 0.7516584396362305, "lr": 0.0004509827788369516}
{"epoch": 3, "batch": 450, "batches_per_epoch": 14609, "loss": 0.8223021030426025, "lr": 0.00045082279757149423}
{"checkpoint": "/content/GenAI/task1_llm/member_denisha/checkpoints/gpt_from_scratch_latest.pt", "epoch": 3, "batch": 500}
{"epoch": 3, "batch": 500, "batches_per_epoch": 14609, "loss": 0.793624222278595, "lr": 0.00045066258413301887}
{"epoch": 3, "batch": 550, "batches_per_epoch": 14609, "loss": 0.7646650671958923, "lr": 0.00045050213870674973}
{"epoch": 3, "batch": 600, "batches_per_epoch": 14609, "loss": 0.776716411113739, "lr": 0.000450341461478179}
{"epoch": 3, "batch": 650, "batches_per_epoch": 14609, "loss": 0.804815948009491, "lr": 0.00045018055263306735}
{"epoch": 3, "batch": 700, "batches_per_epoch": 14609, "loss": 0.7978032231330872, "lr": 0.00045001941235744264}
{"epoch": 3, "batch": 750, "batches_per_epoch": 14609, "loss": 0.8181207776069641, "lr": 0.00044985804083760075}
{"epoch": 3, "batch": 800, "batches_per_epoch": 14609, "loss": 0.8049042820930481, "lr": 0.00044969643826010467}
{"epoch": 3, "batch": 850, "batches_per_epoch": 14609, "loss": 0.7934414744377136, "lr": 0.0004495346048117845}
{"epoch": 3, "batch": 900, "batches_per_epoch": 14609, "loss": 0.8093965649604797, "lr": 0.00044937254067973744}
{"epoch": 3, "batch": 950, "batches_per_epoch": 14609, "loss": 0.8173872828483582, "lr": 0.0004492102460513272}
{"checkpoint": "/content/GenAI/task1_llm/member_denisha/checkpoints/gpt_from_scratch_latest.pt", "epoch": 3, "batch": 1000}
{"epoch": 3, "batch": 1000, "batches_per_epoch": 14609, "loss": 0.8130521774291992, "lr": 0.00044904772111418415}
{"epoch": 3, "batch": 1050, "batches_per_epoch": 14609, "loss": 0.7507912516593933, "lr": 0.0004488849660562047}
{"epoch": 3, "batch": 1100, "batches_per_epoch": 14609, "loss": 0.7722956538200378, "lr": 0.0004487219810655513}
{"epoch": 3, "batch": 1150, "batches_per_epoch": 14609, "loss": 0.7413492202758789, "lr": 0.00044855876633065263}
{"epoch": 3, "batch": 1200, "batches_per_epoch": 14609, "loss": 0.8105276226997375, "lr": 0.0004483953220402025}
{"epoch": 3, "batch": 1250, "batches_per_epoch": 14609, "loss": 0.8462904095649719, "lr": 0.0004482316483831604}
{"epoch": 3, "batch": 1300, "batches_per_epoch": 14609, "loss": 0.8116683959960938, "lr": 0.00044806774554875085}
{"epoch": 3, "batch": 1350, "batches_per_epoch": 14609, "loss": 0.7565478682518005, "lr": 0.0004479036137264633}
{"epoch": 3, "batch": 1400, "batches_per_epoch": 14609, "loss": 0.7826115489006042, "lr": 0.0004477392531060521}
{"epoch": 3, "batch": 1450, "batches_per_epoch": 14609, "loss": 0.7668153643608093, "lr": 0.00044757466387753607}
{"checkpoint": "/content/GenAI/task1_llm/member_denisha/checkpoints/gpt_from_scratch_latest.pt", "epoch": 3, "batch": 1500}
{"epoch": 3, "batch": 1500, "batches_per_epoch": 14609, "loss": 0.8444755673408508, "lr": 0.0004474098462311982}
{"epoch": 3, "batch": 1550, "batches_per_epoch": 14609, "loss": 0.7197144627571106, "lr": 0.0004472448003575856}
{"epoch": 3, "batch": 1600, "batches_per_epoch": 14609, "loss": 0.7633991837501526, "lr": 0.0004470795264475093}
{"epoch": 3, "batch": 1650, "batches_per_epoch": 14609, "loss": 0.8028927445411682, "lr": 0.000446914024692044}
{"epoch": 3, "batch": 1700, "batches_per_epoch": 14609, "loss": 0.8026349544525146, "lr": 0.00044674829528252766}
{"epoch": 3, "batch": 1750, "batches_per_epoch": 14609, "loss": 0.7673481106758118, "lr": 0.0004465823384105615}
{"epoch": 3, "batch": 1800, "batches_per_epoch": 14609, "loss": 0.7765433192253113, "lr": 0.00044641615426800987}
{"epoch": 3, "batch": 1850, "batches_per_epoch": 14609, "loss": 0.808519184589386, "lr": 0.0004462497430469996}
{"epoch": 3, "batch": 1900, "batches_per_epoch": 14609, "loss": 0.7900223135948181, "lr": 0.0004460831049399202}
{"epoch": 3, "batch": 1950, "batches_per_epoch": 14609, "loss": 0.8121111392974854, "lr": 0.00044591624013942357}
{"checkpoint": "/content/GenAI/task1_llm/member_denisha/checkpoints/gpt_from_scratch_latest.pt", "epoch": 3, "batch": 2000}
{"epoch": 3, "batch": 2000, "batches_per_epoch": 14609, "loss": 0.806459903717041, "lr": 0.0004457491488384234}
{"epoch": 3, "batch": 2050, "batches_per_epoch": 14609, "loss": 0.8030900359153748, "lr": 0.0004455818312300957}
{"epoch": 3, "batch": 2100, "batches_per_epoch": 14609, "loss": 0.7868148684501648, "lr": 0.0004454142875078776}
{"epoch": 3, "batch": 2150, "batches_per_epoch": 14609, "loss": 0.7854097485542297, "lr": 0.0004452465178654679}
{"epoch": 3, "batch": 2200, "batches_per_epoch": 14609, "loss": 0.8026507496833801, "lr": 0.0004450785224968266}
{"epoch": 3, "batch": 2250, "batches_per_epoch": 14609, "loss": 0.8212075233459473, "lr": 0.00044491030159617476}
{"epoch": 3, "batch": 2300, "batches_per_epoch": 14609, "loss": 0.7804276347160339, "lr": 0.0004447418553579938}
{"epoch": 3, "batch": 2350, "batches_per_epoch": 14609, "loss": 0.8219043612480164, "lr": 0.0004445731839770263}
{"epoch": 3, "batch": 2400, "batches_per_epoch": 14609, "loss": 0.7990838885307312, "lr": 0.00044440428764827436}
{"epoch": 3, "batch": 2450, "batches_per_epoch": 14609, "loss": 0.7817344665527344, "lr": 0.0004442351665670007}
{"checkpoint": "/content/GenAI/task1_llm/member_denisha/checkpoints/gpt_from_scratch_latest.pt", "epoch": 3, "batch": 2500}
{"epoch": 3, "batch": 2500, "batches_per_epoch": 14609, "loss": 0.7513381838798523, "lr": 0.0004440658209287277}
{"epoch": 3, "batch": 2550, "batches_per_epoch": 14609, "loss": 0.8475338816642761, "lr": 0.0004438962509292373}
{"epoch": 3, "batch": 2600, "batches_per_epoch": 14609, "loss": 0.8032829165458679, "lr": 0.00044372645676457096}
{"epoch": 3, "batch": 2650, "batches_per_epoch": 14609, "loss": 0.7891745567321777, "lr": 0.00044355643863102913}
{"epoch": 3, "batch": 2700, "batches_per_epoch": 14609, "loss": 0.7585420608520508, "lr": 0.00044338619672517135}
{"epoch": 3, "batch": 2750, "batches_per_epoch": 14609, "loss": 0.8063468933105469, "lr": 0.0004432157312438158}
{"epoch": 3, "batch": 2800, "batches_per_epoch": 14609, "loss": 0.7836959958076477, "lr": 0.0004430450423840391}
{"epoch": 3, "batch": 2850, "batches_per_epoch": 14609, "loss": 0.7707180976867676, "lr": 0.00044287413034317614}
{"epoch": 3, "batch": 2900, "batches_per_epoch": 14609, "loss": 0.8038974404335022, "lr": 0.0004427029953188199}
{"epoch": 3, "batch": 2950, "batches_per_epoch": 14609, "loss": 0.7794089317321777, "lr": 0.000442531637508821}
{"checkpoint": "/content/GenAI/task1_llm/member_denisha/checkpoints/gpt_from_scratch_latest.pt", "epoch": 3, "batch": 3000}
{"epoch": 3, "batch": 3000, "batches_per_epoch": 14609, "loss": 0.8130688071250916, "lr": 0.0004423600571112878}
{"epoch": 3, "batch": 3050, "batches_per_epoch": 14609, "loss": 0.7898209691047668, "lr": 0.00044218825432458596}
{"epoch": 3, "batch": 3100, "batches_per_epoch": 14609, "loss": 0.7820904850959778, "lr": 0.0004420162293473382}
{"epoch": 3, "batch": 3150, "batches_per_epoch": 14609, "loss": 0.8016981482505798, "lr": 0.00044184398237842403}
{"epoch": 3, "batch": 3200, "batches_per_epoch": 14609, "loss": 0.7829272150993347, "lr": 0.00044167151361697976}
{"epoch": 3, "batch": 3250, "batches_per_epoch": 14609, "loss": 0.7585893273353577, "lr": 0.0004414988232623981}
{"epoch": 3, "batch": 3300, "batches_per_epoch": 14609, "loss": 0.7419821619987488, "lr": 0.0004413259115143278}
{"epoch": 3, "batch": 3350, "batches_per_epoch": 14609, "loss": 0.7448053359985352, "lr": 0.00044115277857267367}
{"epoch": 3, "batch": 3400, "batches_per_epoch": 14609, "loss": 0.7676766514778137, "lr": 0.00044097942463759633}
{"epoch": 3, "batch": 3450, "batches_per_epoch": 14609, "loss": 0.7860060334205627, "lr": 0.0004408058499095118}
{"checkpoint": "/content/GenAI/task1_llm/member_denisha/checkpoints/gpt_from_scratch_latest.pt", "epoch": 3, "batch": 3500}
{"epoch": 3, "batch": 3500, "batches_per_epoch": 14609, "loss": 0.8147096633911133, "lr": 0.00044063205458909127}
{"epoch": 3, "batch": 3550, "batches_per_epoch": 14609, "loss": 0.7546687722206116, "lr": 0.00044045803887726113}
{"epoch": 3, "batch": 3600, "batches_per_epoch": 14609, "loss": 0.7962058186531067, "lr": 0.0004402838029752024}
{"epoch": 3, "batch": 3650, "batches_per_epoch": 14609, "loss": 0.7741957306861877, "lr": 0.0004401093470843509}
{"epoch": 3, "batch": 3700, "batches_per_epoch": 14609, "loss": 0.7959397435188293, "lr": 0.0004399346714063965}
{"epoch": 3, "batch": 3750, "batches_per_epoch": 14609, "loss": 0.7592461705207825, "lr": 0.0004397597761432834}
{"epoch": 3, "batch": 3800, "batches_per_epoch": 14609, "loss": 0.7805235981941223, "lr": 0.0004395846614972094}
{"epoch": 3, "batch": 3850, "batches_per_epoch": 14609, "loss": 0.7732651829719543, "lr": 0.0004394093276706263}
{"epoch": 3, "batch": 3900, "batches_per_epoch": 14609, "loss": 0.7980802655220032, "lr": 0.000439233774866239}
{"epoch": 3, "batch": 3950, "batches_per_epoch": 14609, "loss": 0.7887431979179382, "lr": 0.00043905800328700563}
{"checkpoint": "/content/GenAI/task1_llm/member_denisha/checkpoints/gpt_from_scratch_latest.pt", "epoch": 3, "batch": 4000}
{"epoch": 3, "batch": 4000, "batches_per_epoch": 14609, "loss": 0.7809782028198242, "lr": 0.0004388820131361373}
{"epoch": 3, "batch": 4050, "batches_per_epoch": 14609, "loss": 0.8185908198356628, "lr": 0.0004387058046170978}
{"epoch": 3, "batch": 4100, "batches_per_epoch": 14609, "loss": 0.7824354767799377, "lr": 0.00043852937793360336}
{"epoch": 3, "batch": 4150, "batches_per_epoch": 14609, "loss": 0.8239771723747253, "lr": 0.00043835273328962236}
{"epoch": 3, "batch": 4200, "batches_per_epoch": 14609, "loss": 0.8018364310264587, "lr": 0.0004381758708893754}
{"epoch": 3, "batch": 4250, "batches_per_epoch": 14609, "loss": 0.7736231684684753, "lr": 0.0004379987909373344}
{"epoch": 3, "batch": 4300, "batches_per_epoch": 14609, "loss": 0.7861364483833313, "lr": 0.0004378214936382234}
{"epoch": 3, "batch": 4350, "batches_per_epoch": 14609, "loss": 0.7805130481719971, "lr": 0.00043764397919701713}
{"epoch": 3, "batch": 4400, "batches_per_epoch": 14609, "loss": 0.7723417282104492, "lr": 0.0004374662478189417}
{"epoch": 3, "batch": 4450, "batches_per_epoch": 14609, "loss": 0.7883999347686768, "lr": 0.0004372882997094739}
{"checkpoint": "/content/GenAI/task1_llm/member_denisha/checkpoints/gpt_from_scratch_latest.pt", "epoch": 3, "batch": 4500}
{"epoch": 3, "batch": 4500, "batches_per_epoch": 14609, "loss": 0.7994592785835266, "lr": 0.0004371101350743413}
{"epoch": 3, "batch": 4550, "batches_per_epoch": 14609, "loss": 0.7897811532020569, "lr": 0.0004369317541195213}
{"epoch": 3, "batch": 4600, "batches_per_epoch": 14609, "loss": 0.7760629057884216, "lr": 0.0004367531570512419}
{"epoch": 3, "batch": 4650, "batches_per_epoch": 14609, "loss": 0.7947095036506653, "lr": 0.0004365743440759807}
{"epoch": 3, "batch": 4700, "batches_per_epoch": 14609, "loss": 0.796499490737915, "lr": 0.0004363953154004651}
{"epoch": 3, "batch": 4750, "batches_per_epoch": 14609, "loss": 0.7853654026985168, "lr": 0.0004362160712316715}
{"epoch": 3, "batch": 4800, "batches_per_epoch": 14609, "loss": 0.7448166012763977, "lr": 0.00043603661177682586}
{"epoch": 3, "batch": 4850, "batches_per_epoch": 14609, "loss": 0.7587251663208008, "lr": 0.0004358569372434028}
{"epoch": 3, "batch": 4900, "batches_per_epoch": 14609, "loss": 0.7742107510566711, "lr": 0.00043567704783912566}
{"epoch": 3, "batch": 4950, "batches_per_epoch": 14609, "loss": 0.7785027623176575, "lr": 0.000435496943771966}
{"checkpoint": "/content/GenAI/task1_llm/member_denisha/checkpoints/gpt_from_scratch_latest.pt", "epoch": 3, "batch": 5000}
{"epoch": 3, "batch": 5000, "batches_per_epoch": 14609, "loss": 0.798895537853241, "lr": 0.000435316625250144}
{"epoch": 3, "batch": 5050, "batches_per_epoch": 14609, "loss": 0.7841026186943054, "lr": 0.0004351360924821274}
{"epoch": 3, "batch": 5100, "batches_per_epoch": 14609, "loss": 0.8061122894287109, "lr": 0.0004349553456766317}
{"epoch": 3, "batch": 5150, "batches_per_epoch": 14609, "loss": 0.7956402897834778, "lr": 0.0004347743850426199}
{"epoch": 3, "batch": 5200, "batches_per_epoch": 14609, "loss": 0.7446481585502625, "lr": 0.00043459321078930213}
{"epoch": 3, "batch": 5250, "batches_per_epoch": 14609, "loss": 0.824055016040802, "lr": 0.0004344118231261357}
{"epoch": 3, "batch": 5300, "batches_per_epoch": 14609, "loss": 0.8114867210388184, "lr": 0.0004342302222628244}
{"epoch": 3, "batch": 5350, "batches_per_epoch": 14609, "loss": 0.7569562792778015, "lr": 0.0004340484084093186}
{"epoch": 3, "batch": 5400, "batches_per_epoch": 14609, "loss": 0.7737334370613098, "lr": 0.00043386638177581483}
{"epoch": 3, "batch": 5450, "batches_per_epoch": 14609, "loss": 0.8254308104515076, "lr": 0.0004336841425727559}
{"checkpoint": "/content/GenAI/task1_llm/member_denisha/checkpoints/gpt_from_scratch_latest.pt", "epoch": 3, "batch": 5500}
{"epoch": 3, "batch": 5500, "batches_per_epoch": 14609, "loss": 0.8087803721427917, "lr": 0.00043350169101083}
{"epoch": 3, "batch": 5550, "batches_per_epoch": 14609, "loss": 0.8554534316062927, "lr": 0.0004333190273009711}
{"epoch": 3, "batch": 5600, "batches_per_epoch": 14609, "loss": 0.7845949530601501, "lr": 0.0004331361516543583}
{"epoch": 3, "batch": 5650, "batches_per_epoch": 14609, "loss": 0.7834165096282959, "lr": 0.0004329530642824158}
{"epoch": 3, "batch": 5700, "batches_per_epoch": 14609, "loss": 0.7691579461097717, "lr": 0.00043276976539681234}
{"epoch": 3, "batch": 5750, "batches_per_epoch": 14609, "loss": 0.7738083004951477, "lr": 0.00043258625520946163}
{"epoch": 3, "batch": 5800, "batches_per_epoch": 14609, "loss": 0.7543838620185852, "lr": 0.0004324025339325213}
{"epoch": 3, "batch": 5850, "batches_per_epoch": 14609, "loss": 0.8026776909828186, "lr": 0.00043221860177839323}
{"epoch": 3, "batch": 5900, "batches_per_epoch": 14609, "loss": 0.7927587628364563, "lr": 0.0004320344589597229}
{"epoch": 3, "batch": 5950, "batches_per_epoch": 14609, "loss": 0.7926722168922424, "lr": 0.0004318501056893995}
{"checkpoint": "/content/GenAI/task1_llm/member_denisha/checkpoints/gpt_from_scratch_latest.pt", "epoch": 3, "batch": 6000}
{"epoch": 3, "batch": 6000, "batches_per_epoch": 14609, "loss": 0.7631135582923889, "lr": 0.00043166554218055563}
{"epoch": 3, "batch": 6050, "batches_per_epoch": 14609, "loss": 0.7929375767707825, "lr": 0.0004314807686465666}
{"epoch": 3, "batch": 6100, "batches_per_epoch": 14609, "loss": 0.763059675693512, "lr": 0.00043129578530105075}
{"epoch": 3, "batch": 6150, "batches_per_epoch": 14609, "loss": 0.769690990447998, "lr": 0.0004311105923578691}
{"epoch": 3, "batch": 6200, "batches_per_epoch": 14609, "loss": 0.799389660358429, "lr": 0.0004309251900311247}
{"epoch": 3, "batch": 6250, "batches_per_epoch": 14609, "loss": 0.798755943775177, "lr": 0.00043073957853516294}
{"epoch": 3, "batch": 6300, "batches_per_epoch": 14609, "loss": 0.8275288939476013, "lr": 0.0004305537580845709}
{"epoch": 3, "batch": 6350, "batches_per_epoch": 14609, "loss": 0.8001669049263, "lr": 0.0004303677288941772}
{"epoch": 3, "batch": 6400, "batches_per_epoch": 14609, "loss": 0.7531329989433289, "lr": 0.0004301814911790518}
{"epoch": 3, "batch": 6450, "batches_per_epoch": 14609, "loss": 0.7865111231803894, "lr": 0.0004299950451545059}
{"checkpoint": "/content/GenAI/task1_llm/member_denisha/checkpoints/gpt_from_scratch_latest.pt", "epoch": 3, "batch": 6500}
{"epoch": 3, "batch": 6500, "batches_per_epoch": 14609, "loss": 0.8100056648254395, "lr": 0.00042980839103609137}
{"epoch": 3, "batch": 6550, "batches_per_epoch": 14609, "loss": 0.8161296248435974, "lr": 0.00042962152903960063}
{"epoch": 3, "batch": 6600, "batches_per_epoch": 14609, "loss": 0.7919973731040955, "lr": 0.0004294344593810666}
{"epoch": 3, "batch": 6650, "batches_per_epoch": 14609, "loss": 0.7934084534645081, "lr": 0.000429247182276762}
{"epoch": 3, "batch": 6700, "batches_per_epoch": 14609, "loss": 0.7807844281196594, "lr": 0.0004290596979431997}
{"epoch": 3, "batch": 6750, "batches_per_epoch": 14609, "loss": 0.7697413563728333, "lr": 0.000428872006597132}
{"epoch": 3, "batch": 6800, "batches_per_epoch": 14609, "loss": 0.7542848587036133, "lr": 0.0004286841084555504}
{"epoch": 3, "batch": 6850, "batches_per_epoch": 14609, "loss": 0.7640992999076843, "lr": 0.0004284960037356857}
{"epoch": 3, "batch": 6900, "batches_per_epoch": 14609, "loss": 0.812015950679779, "lr": 0.00042830769265500746}
{"epoch": 3, "batch": 6950, "batches_per_epoch": 14609, "loss": 0.7463808059692383, "lr": 0.00042811917543122377}
{"checkpoint": "/content/GenAI/task1_llm/member_denisha/checkpoints/gpt_from_scratch_latest.pt", "epoch": 3, "batch": 7000}
{"epoch": 3, "batch": 7000, "batches_per_epoch": 14609, "loss": 0.8032869696617126, "lr": 0.000427930452282281}
{"epoch": 3, "batch": 7050, "batches_per_epoch": 14609, "loss": 0.7789449691772461, "lr": 0.00042774152342636376}
{"epoch": 3, "batch": 7100, "batches_per_epoch": 14609, "loss": 0.8105055689811707, "lr": 0.0004275523890818943}
{"epoch": 3, "batch": 7150, "batches_per_epoch": 14609, "loss": 0.7809655070304871, "lr": 0.00042736304946753255}
{"epoch": 3, "batch": 7200, "batches_per_epoch": 14609, "loss": 0.7657797336578369, "lr": 0.00042717350480217574}
{"epoch": 3, "batch": 7250, "batches_per_epoch": 14609, "loss": 0.7727155089378357, "lr": 0.00042698375530495815}
{"epoch": 3, "batch": 7300, "batches_per_epoch": 14609, "loss": 0.8148220181465149, "lr": 0.0004267938011952507}
{"epoch": 3, "batch": 7350, "batches_per_epoch": 14609, "loss": 0.8206543922424316, "lr": 0.00042660364269266114}
{"epoch": 3, "batch": 7400, "batches_per_epoch": 14609, "loss": 0.7722994685173035, "lr": 0.0004264132800170335}
{"epoch": 3, "batch": 7450, "batches_per_epoch": 14609, "loss": 0.8082402348518372, "lr": 0.00042622271338844757}
{"checkpoint": "/content/GenAI/task1_llm/member_denisha/checkpoints/gpt_from_scratch_latest.pt", "epoch": 3, "batch": 7500}
{"epoch": 3, "batch": 7500, "batches_per_epoch": 14609, "loss": 0.7715508341789246, "lr": 0.00042603194302721925}
{"epoch": 3, "batch": 7550, "batches_per_epoch": 14609, "loss": 0.8002894520759583, "lr": 0.0004258409691538998}
{"epoch": 3, "batch": 7600, "batches_per_epoch": 14609, "loss": 0.8025269508361816, "lr": 0.0004256497919892758}
{"epoch": 3, "batch": 7650, "batches_per_epoch": 14609, "loss": 0.779315173625946, "lr": 0.00042545841175436897}
{"epoch": 3, "batch": 7700, "batches_per_epoch": 14609, "loss": 0.7687413096427917, "lr": 0.0004252668286704355}
{"epoch": 3, "batch": 7750, "batches_per_epoch": 14609, "loss": 0.7958481907844543, "lr": 0.00042507504295896637}
{"epoch": 3, "batch": 7800, "batches_per_epoch": 14609, "loss": 0.7596786618232727, "lr": 0.0004248830548416869}
{"epoch": 3, "batch": 7850, "batches_per_epoch": 14609, "loss": 0.8072199821472168, "lr": 0.00042469086454055604}
{"epoch": 3, "batch": 7900, "batches_per_epoch": 14609, "loss": 0.8291265368461609, "lr": 0.00042449847227776685}
{"epoch": 3, "batch": 7950, "batches_per_epoch": 14609, "loss": 0.7577740550041199, "lr": 0.0004243058782757456}
{"checkpoint": "/content/GenAI/task1_llm/member_denisha/checkpoints/gpt_from_scratch_latest.pt", "epoch": 3, "batch": 8000}
{"epoch": 3, "batch": 8000, "batches_per_epoch": 14609, "loss": 0.7719747424125671, "lr": 0.000424113082757152}
{"epoch": 3, "batch": 8050, "batches_per_epoch": 14609, "loss": 0.8147403597831726, "lr": 0.00042392008594487876}
{"epoch": 3, "batch": 8100, "batches_per_epoch": 14609, "loss": 0.8160163760185242, "lr": 0.00042372688806205095}
{"epoch": 3, "batch": 8150, "batches_per_epoch": 14609, "loss": 0.8082368969917297, "lr": 0.00042353348933202664}
{"epoch": 3, "batch": 8200, "batches_per_epoch": 14609, "loss": 0.7964482307434082, "lr": 0.0004233398899783957}
{"epoch": 3, "batch": 8250, "batches_per_epoch": 14609, "loss": 0.7653670310974121, "lr": 0.00042314609022497994}
{"epoch": 3, "batch": 8300, "batches_per_epoch": 14609, "loss": 0.7761337161064148, "lr": 0.00042295209029583313}
{"epoch": 3, "batch": 8350, "batches_per_epoch": 14609, "loss": 0.7320759892463684, "lr": 0.00042275789041524024}
{"epoch": 3, "batch": 8400, "batches_per_epoch": 14609, "loss": 0.778155505657196, "lr": 0.00042256349080771753}
{"epoch": 3, "batch": 8450, "batches_per_epoch": 14609, "loss": 0.7803232669830322, "lr": 0.00042236889169801215}
{"checkpoint": "/content/GenAI/task1_llm/member_denisha/checkpoints/gpt_from_scratch_latest.pt", "epoch": 3, "batch": 8500}
{"epoch": 3, "batch": 8500, "batches_per_epoch": 14609, "loss": 0.7369653582572937, "lr": 0.00042217409331110167}
{"epoch": 3, "batch": 8550, "batches_per_epoch": 14609, "loss": 0.7780365943908691, "lr": 0.0004219790958721944}
{"epoch": 3, "batch": 8600, "batches_per_epoch": 14609, "loss": 0.7946629524230957, "lr": 0.0004217838996067286}
{"epoch": 3, "batch": 8650, "batches_per_epoch": 14609, "loss": 0.8146143555641174, "lr": 0.00042158850474037225}
{"epoch": 3, "batch": 8700, "batches_per_epoch": 14609, "loss": 0.7729091644287109, "lr": 0.00042139291149902327}
{"epoch": 3, "batch": 8750, "batches_per_epoch": 14609, "loss": 0.7274534106254578, "lr": 0.0004211971201088087}
{"epoch": 3, "batch": 8800, "batches_per_epoch": 14609, "loss": 0.7701393961906433, "lr": 0.0004210011307960846}
{"epoch": 3, "batch": 8850, "batches_per_epoch": 14609, "loss": 0.7927122712135315, "lr": 0.00042080494378743605}
{"epoch": 3, "batch": 8900, "batches_per_epoch": 14609, "loss": 0.780916690826416, "lr": 0.00042060855930967664}
{"epoch": 3, "batch": 8950, "batches_per_epoch": 14609, "loss": 0.80204838514328, "lr": 0.0004204119775898481}
{"checkpoint": "/content/GenAI/task1_llm/member_denisha/checkpoints/gpt_from_scratch_latest.pt", "epoch": 3, "batch": 9000}
{"epoch": 3, "batch": 9000, "batches_per_epoch": 14609, "loss": 0.7989161610603333, "lr": 0.0004202151988552203}
{"epoch": 3, "batch": 9050, "batches_per_epoch": 14609, "loss": 0.7819117903709412, "lr": 0.00042001822333329096}
{"epoch": 3, "batch": 9100, "batches_per_epoch": 14609, "loss": 0.7594954371452332, "lr": 0.00041982105125178517}
{"epoch": 3, "batch": 9150, "batches_per_epoch": 14609, "loss": 0.7508177757263184, "lr": 0.00041962368283865535}
{"epoch": 3, "batch": 9200, "batches_per_epoch": 14609, "loss": 0.7828510403633118, "lr": 0.0004194261183220809}
{"epoch": 3, "batch": 9250, "batches_per_epoch": 14609, "loss": 0.7688515782356262, "lr": 0.0004192283579304678}
{"epoch": 3, "batch": 9300, "batches_per_epoch": 14609, "loss": 0.7926602363586426, "lr": 0.00041903040189244866}
{"epoch": 3, "batch": 9350, "batches_per_epoch": 14609, "loss": 0.7557079195976257, "lr": 0.00041883225043688234}
{"epoch": 3, "batch": 9400, "batches_per_epoch": 14609, "loss": 0.7698052525520325, "lr": 0.0004186339037928533}
{"epoch": 3, "batch": 9450, "batches_per_epoch": 14609, "loss": 0.780467689037323, "lr": 0.00041843536218967185}
{"checkpoint": "/content/GenAI/task1_llm/member_denisha/checkpoints/gpt_from_scratch_latest.pt", "epoch": 3, "batch": 9500}
{"epoch": 3, "batch": 9500, "batches_per_epoch": 14609, "loss": 0.7891247868537903, "lr": 0.0004182366258568739}
{"epoch": 3, "batch": 9550, "batches_per_epoch": 14609, "loss": 0.8027846217155457, "lr": 0.0004180376950242201}
{"epoch": 3, "batch": 9600, "batches_per_epoch": 14609, "loss": 0.8017035126686096, "lr": 0.00041783856992169634}
{"epoch": 3, "batch": 9650, "batches_per_epoch": 14609, "loss": 0.7692362666130066, "lr": 0.0004176392507795126}
{"epoch": 3, "batch": 9700, "batches_per_epoch": 14609, "loss": 0.7864577174186707, "lr": 0.00041743973782810387}
{"epoch": 3, "batch": 9750, "batches_per_epoch": 14609, "loss": 0.7803134918212891, "lr": 0.0004172400312981286}
{"epoch": 3, "batch": 9800, "batches_per_epoch": 14609, "loss": 0.7988178133964539, "lr": 0.0004170401314204694}
{"epoch": 3, "batch": 9850, "batches_per_epoch": 14609, "loss": 0.7834301590919495, "lr": 0.00041684003842623217}
{"epoch": 3, "batch": 9900, "batches_per_epoch": 14609, "loss": 0.7897038459777832, "lr": 0.00041663975254674633}
{"epoch": 3, "batch": 9950, "batches_per_epoch": 14609, "loss": 0.7818753123283386, "lr": 0.00041643927401356407}
{"checkpoint": "/content/GenAI/task1_llm/member_denisha/checkpoints/gpt_from_scratch_latest.pt", "epoch": 3, "batch": 10000}
{"epoch": 3, "batch": 10000, "batches_per_epoch": 14609, "loss": 0.7332716584205627, "lr": 0.0004162386030584605}
{"epoch": 3, "batch": 10050, "batches_per_epoch": 14609, "loss": 0.8069596290588379, "lr": 0.00041603773991343295}
{"epoch": 3, "batch": 10100, "batches_per_epoch": 14609, "loss": 0.8115449547767639, "lr": 0.00041583668481070125}
{"epoch": 3, "batch": 10150, "batches_per_epoch": 14609, "loss": 0.769862949848175, "lr": 0.00041563543798270693}
{"epoch": 3, "batch": 10200, "batches_per_epoch": 14609, "loss": 0.810024082660675, "lr": 0.00041543399966211317}
{"epoch": 3, "batch": 10250, "batches_per_epoch": 14609, "loss": 0.7170166969299316, "lr": 0.0004152323700818046}
{"epoch": 3, "batch": 10300, "batches_per_epoch": 14609, "loss": 0.7611336708068848, "lr": 0.00041503054947488697}
{"epoch": 3, "batch": 10350, "batches_per_epoch": 14609, "loss": 0.7963661551475525, "lr": 0.00041482853807468697}
{"epoch": 3, "batch": 10400, "batches_per_epoch": 14609, "loss": 0.8017656207084656, "lr": 0.0004146263361147517}
{"epoch": 3, "batch": 10450, "batches_per_epoch": 14609, "loss": 0.7560904622077942, "lr": 0.00041442394382884865}
{"checkpoint": "/content/GenAI/task1_llm/member_denisha/checkpoints/gpt_from_scratch_latest.pt", "epoch": 3, "batch": 10500}
{"epoch": 3, "batch": 10500, "batches_per_epoch": 14609, "loss": 0.7862708568572998, "lr": 0.00041422136145096534}
{"epoch": 3, "batch": 10550, "batches_per_epoch": 14609, "loss": 0.764209508895874, "lr": 0.00041401858921530897}
{"epoch": 3, "batch": 10600, "batches_per_epoch": 14609, "loss": 0.7468555569648743, "lr": 0.0004138156273563065}
{"epoch": 3, "batch": 10650, "batches_per_epoch": 14609, "loss": 0.7895209193229675, "lr": 0.0004136124761086039}
{"epoch": 3, "batch": 10700, "batches_per_epoch": 14609, "loss": 0.7801375985145569, "lr": 0.00041340913570706597}
{"epoch": 3, "batch": 10750, "batches_per_epoch": 14609, "loss": 0.7784576416015625, "lr": 0.0004132056063867764}
{"epoch": 3, "batch": 10800, "batches_per_epoch": 14609, "loss": 0.8107147216796875, "lr": 0.0004130018883830373}
{"epoch": 3, "batch": 10850, "batches_per_epoch": 14609, "loss": 0.7847511172294617, "lr": 0.00041279798193136896}
{"epoch": 3, "batch": 10900, "batches_per_epoch": 14609, "loss": 0.7799213528633118, "lr": 0.0004125938872675093}
{"epoch": 3, "batch": 10950, "batches_per_epoch": 14609, "loss": 0.771449089050293, "lr": 0.00041238960462741393}
{"checkpoint": "/content/GenAI/task1_llm/member_denisha/checkpoints/gpt_from_scratch_latest.pt", "epoch": 3, "batch": 11000}
{"epoch": 3, "batch": 11000, "batches_per_epoch": 14609, "loss": 0.7570790648460388, "lr": 0.000412185134247256}
{"epoch": 3, "batch": 11050, "batches_per_epoch": 14609, "loss": 0.8259177207946777, "lr": 0.0004119804763634253}
{"epoch": 3, "batch": 11100, "batches_per_epoch": 14609, "loss": 0.7645254135131836, "lr": 0.0004117756312125289}
{"epoch": 3, "batch": 11150, "batches_per_epoch": 14609, "loss": 0.8063182234764099, "lr": 0.0004115705990313898}
{"epoch": 3, "batch": 11200, "batches_per_epoch": 14609, "loss": 0.7660499215126038, "lr": 0.0004113653800570478}
{"epoch": 3, "batch": 11250, "batches_per_epoch": 14609, "loss": 0.7671036124229431, "lr": 0.0004111599745267582}
{"epoch": 3, "batch": 11300, "batches_per_epoch": 14609, "loss": 0.7949375510215759, "lr": 0.00041095438267799216}
{"epoch": 3, "batch": 11350, "batches_per_epoch": 14609, "loss": 0.7711536288261414, "lr": 0.00041074860474843634}
{"epoch": 3, "batch": 11400, "batches_per_epoch": 14609, "loss": 0.7836646437644958, "lr": 0.00041054264097599235}
{"epoch": 3, "batch": 11450, "batches_per_epoch": 14609, "loss": 0.7599303126335144, "lr": 0.00041033649159877685}
{"checkpoint": "/content/GenAI/task1_llm/member_denisha/checkpoints/gpt_from_scratch_latest.pt", "epoch": 3, "batch": 11500}
{"epoch": 3, "batch": 11500, "batches_per_epoch": 14609, "loss": 0.7814993262290955, "lr": 0.0004101301568551208}
{"epoch": 3, "batch": 11550, "batches_per_epoch": 14609, "loss": 0.7776439785957336, "lr": 0.00040992363698356965}
{"epoch": 3, "batch": 11600, "batches_per_epoch": 14609, "loss": 0.7900566458702087, "lr": 0.000409716932222883}
{"epoch": 3, "batch": 11650, "batches_per_epoch": 14609, "loss": 0.7479106783866882, "lr": 0.00040951004281203384}
{"epoch": 3, "batch": 11700, "batches_per_epoch": 14609, "loss": 0.807948648929596, "lr": 0.00040930296899020915}
{"epoch": 3, "batch": 11750, "batches_per_epoch": 14609, "loss": 0.8020965456962585, "lr": 0.0004090957109968085}
{"epoch": 3, "batch": 11800, "batches_per_epoch": 14609, "loss": 0.8090009689331055, "lr": 0.00040888826907144497}
{"epoch": 3, "batch": 11850, "batches_per_epoch": 14609, "loss": 0.7706844210624695, "lr": 0.00040868064345394374}
{"epoch": 3, "batch": 11900, "batches_per_epoch": 14609, "loss": 0.7460936903953552, "lr": 0.0004084728343843428}
{"epoch": 3, "batch": 11950, "batches_per_epoch": 14609, "loss": 0.7898507118225098, "lr": 0.00040826484210289206}
{"checkpoint": "/content/GenAI/task1_llm/member_denisha/checkpoints/gpt_from_scratch_latest.pt", "epoch": 3, "batch": 12000}
{"epoch": 3, "batch": 12000, "batches_per_epoch": 14609, "loss": 0.7704384326934814, "lr": 0.00040805666685005316}
{"epoch": 3, "batch": 12050, "batches_per_epoch": 14609, "loss": 0.7917628288269043, "lr": 0.0004078483088664995}
{"epoch": 3, "batch": 12100, "batches_per_epoch": 14609, "loss": 0.7709044814109802, "lr": 0.00040763976839311547}
{"epoch": 3, "batch": 12150, "batches_per_epoch": 14609, "loss": 0.7693055272102356, "lr": 0.0004074310456709965}
{"epoch": 3, "batch": 12200, "batches_per_epoch": 14609, "loss": 0.7570105195045471, "lr": 0.00040722214094144894}
{"epoch": 3, "batch": 12250, "batches_per_epoch": 14609, "loss": 0.7883023619651794, "lr": 0.0004070130544459893}
{"epoch": 3, "batch": 12300, "batches_per_epoch": 14609, "loss": 0.7763379216194153, "lr": 0.00040680378642634436}
{"epoch": 3, "batch": 12350, "batches_per_epoch": 14609, "loss": 0.7832793593406677, "lr": 0.0004065943371244508}
{"epoch": 3, "batch": 12400, "batches_per_epoch": 14609, "loss": 0.8076521754264832, "lr": 0.00040638470678245464}
{"epoch": 3, "batch": 12450, "batches_per_epoch": 14609, "loss": 0.8247354626655579, "lr": 0.0004061748956427116}
{"checkpoint": "/content/GenAI/task1_llm/member_denisha/checkpoints/gpt_from_scratch_latest.pt", "epoch": 3, "batch": 12500}
{"epoch": 3, "batch": 12500, "batches_per_epoch": 14609, "loss": 0.7372524738311768, "lr": 0.00040596490394778607}
{"epoch": 3, "batch": 12550, "batches_per_epoch": 14609, "loss": 0.7893597483634949, "lr": 0.0004057547319404513}
{"epoch": 3, "batch": 12600, "batches_per_epoch": 14609, "loss": 0.7809049487113953, "lr": 0.0004055443798636891}
{"epoch": 3, "batch": 12650, "batches_per_epoch": 14609, "loss": 0.7489630579948425, "lr": 0.0004053338479606892}
{"epoch": 3, "batch": 12700, "batches_per_epoch": 14609, "loss": 0.7678961157798767, "lr": 0.0004051231364748496}
{"epoch": 3, "batch": 12750, "batches_per_epoch": 14609, "loss": 0.8007879257202148, "lr": 0.00040491224564977564}
{"epoch": 3, "batch": 12800, "batches_per_epoch": 14609, "loss": 0.7734742164611816, "lr": 0.0004047011757292801}
{"epoch": 3, "batch": 12850, "batches_per_epoch": 14609, "loss": 0.7882912755012512, "lr": 0.0004044899269573827}
{"epoch": 3, "batch": 12900, "batches_per_epoch": 14609, "loss": 0.7924765944480896, "lr": 0.0004042784995783101}
{"epoch": 3, "batch": 12950, "batches_per_epoch": 14609, "loss": 0.7823788523674011, "lr": 0.0004040668938364953}
{"checkpoint": "/content/GenAI/task1_llm/member_denisha/checkpoints/gpt_from_scratch_latest.pt", "epoch": 3, "batch": 13000}
{"epoch": 3, "batch": 13000, "batches_per_epoch": 14609, "loss": 0.7672429084777832, "lr": 0.0004038551099765777}
{"epoch": 3, "batch": 13050, "batches_per_epoch": 14609, "loss": 0.7657764554023743, "lr": 0.00040364314824340244}
{"epoch": 3, "batch": 13100, "batches_per_epoch": 14609, "loss": 0.7910118699073792, "lr": 0.0004034310088820203}
{"epoch": 3, "batch": 13150, "batches_per_epoch": 14609, "loss": 0.7947559952735901, "lr": 0.0004032186921376875}
{"epoch": 3, "batch": 13200, "batches_per_epoch": 14609, "loss": 0.7638618350028992, "lr": 0.0004030061982558653}
{"epoch": 3, "batch": 13250, "batches_per_epoch": 14609, "loss": 0.7414396405220032, "lr": 0.0004027935274822199}
{"epoch": 3, "batch": 13300, "batches_per_epoch": 14609, "loss": 0.7601328492164612, "lr": 0.0004025806800626217}
{"epoch": 3, "batch": 13350, "batches_per_epoch": 14609, "loss": 0.8026140332221985, "lr": 0.00040236765624314554}
{"epoch": 3, "batch": 13400, "batches_per_epoch": 14609, "loss": 0.7626245617866516, "lr": 0.0004021544562700702}
{"epoch": 3, "batch": 13450, "batches_per_epoch": 14609, "loss": 0.7895350456237793, "lr": 0.000401941080389878}
{"checkpoint": "/content/GenAI/task1_llm/member_denisha/checkpoints/gpt_from_scratch_latest.pt", "epoch": 3, "batch": 13500}
{"epoch": 3, "batch": 13500, "batches_per_epoch": 14609, "loss": 0.7716290354728699, "lr": 0.0004017275288492547}
{"epoch": 3, "batch": 13550, "batches_per_epoch": 14609, "loss": 0.7866924405097961, "lr": 0.0004015138018950891}
{"epoch": 3, "batch": 13600, "batches_per_epoch": 14609, "loss": 0.7601190209388733, "lr": 0.0004012998997744729}
{"epoch": 3, "batch": 13650, "batches_per_epoch": 14609, "loss": 0.7801671028137207, "lr": 0.00040108582273470027}
{"epoch": 3, "batch": 13700, "batches_per_epoch": 14609, "loss": 0.7750691771507263, "lr": 0.0004008715710232674}
{"epoch": 3, "batch": 13750, "batches_per_epoch": 14609, "loss": 0.7686664462089539, "lr": 0.0004006571448878728}
{"epoch": 3, "batch": 13800, "batches_per_epoch": 14609, "loss": 0.796184241771698, "lr": 0.0004004425445764163}
{"epoch": 3, "batch": 13850, "batches_per_epoch": 14609, "loss": 0.7926230430603027, "lr": 0.0004002277703369993}
{"epoch": 3, "batch": 13900, "batches_per_epoch": 14609, "loss": 0.732620894908905, "lr": 0.0004000128224179241}
{"epoch": 3, "batch": 13950, "batches_per_epoch": 14609, "loss": 0.7800986170768738, "lr": 0.000399797701067694}
{"checkpoint": "/content/GenAI/task1_llm/member_denisha/checkpoints/gpt_from_scratch_latest.pt", "epoch": 3, "batch": 14000}
{"epoch": 3, "batch": 14000, "batches_per_epoch": 14609, "loss": 0.7921202182769775, "lr": 0.0003995824065350126}
{"epoch": 3, "batch": 14050, "batches_per_epoch": 14609, "loss": 0.781740665435791, "lr": 0.00039936693906878395}
{"epoch": 3, "batch": 14100, "batches_per_epoch": 14609, "loss": 0.7849721312522888, "lr": 0.00039915129891811177}
{"epoch": 3, "batch": 14150, "batches_per_epoch": 14609, "loss": 0.7840225696563721, "lr": 0.00039893548633229963}
{"epoch": 3, "batch": 14200, "batches_per_epoch": 14609, "loss": 0.7952668070793152, "lr": 0.0003987195015608504}
{"epoch": 3, "batch": 14250, "batches_per_epoch": 14609, "loss": 0.7935873866081238, "lr": 0.00039850334485346585}
{"epoch": 3, "batch": 14300, "batches_per_epoch": 14609, "loss": 0.743172824382782, "lr": 0.00039828701646004686}
{"epoch": 3, "batch": 14350, "batches_per_epoch": 14609, "loss": 0.7856826186180115, "lr": 0.0003980705166306925}
{"epoch": 3, "batch": 14400, "batches_per_epoch": 14609, "loss": 0.7800255417823792, "lr": 0.0003978538456157001}
{"epoch": 3, "batch": 14450, "batches_per_epoch": 14609, "loss": 0.7866166234016418, "lr": 0.000397637003665565}
{"checkpoint": "/content/GenAI/task1_llm/member_denisha/checkpoints/gpt_from_scratch_latest.pt", "epoch": 3, "batch": 14500}
{"epoch": 3, "batch": 14500, "batches_per_epoch": 14609, "loss": 0.760383129119873, "lr": 0.00039741999103098014}
{"epoch": 3, "batch": 14550, "batches_per_epoch": 14609, "loss": 0.749515950679779, "lr": 0.00039720280796283567}
{"epoch": 3, "batch": 14600, "batches_per_epoch": 14609, "loss": 0.7725310325622559, "lr": 0.0003969854547122189}
{"epoch": 3, "train_loss": 0.7837308645289213, "val_loss": 0.735316912406485, "val_accuracy": 0.7660320616650934, "grad_norm": 0.23220567405223846, "lr": 0.0003969463130731183}
{"epoch": 4, "batch": 50, "batches_per_epoch": 14609, "loss": 0.7615322470664978, "lr": 0.00039672875933040086}
{"epoch": 4, "batch": 100, "batches_per_epoch": 14609, "loss": 0.7771636843681335, "lr": 0.000396511035953263}
{"epoch": 4, "batch": 150, "batches_per_epoch": 14609, "loss": 0.7548072934150696, "lr": 0.00039629314319341663}
{"epoch": 4, "batch": 200, "batches_per_epoch": 14609, "loss": 0.7779280543327332, "lr": 0.00039607508130276944}
{"epoch": 4, "batch": 250, "batches_per_epoch": 14609, "loss": 0.7686786651611328, "lr": 0.0003958568505334247}
{"epoch": 4, "batch": 300, "batches_per_epoch": 14609, "loss": 0.7713587880134583, "lr": 0.00039563845113768105}
{"epoch": 4, "batch": 350, "batches_per_epoch": 14609, "loss": 0.747765064239502, "lr": 0.00039541988336803187}
{"epoch": 4, "batch": 400, "batches_per_epoch": 14609, "loss": 0.7287359237670898, "lr": 0.0003952011474771653}
{"epoch": 4, "batch": 450, "batches_per_epoch": 14609, "loss": 0.7094985842704773, "lr": 0.000394982243717964}
{"checkpoint": "/content/GenAI/task1_llm/member_denisha/checkpoints/gpt_from_scratch_latest.pt", "epoch": 4, "batch": 500}
{"epoch": 4, "batch": 500, "batches_per_epoch": 14609, "loss": 0.7803924679756165, "lr": 0.00039476317234350434}
{"epoch": 4, "batch": 550, "batches_per_epoch": 14609, "loss": 0.7630091309547424, "lr": 0.00039454393360705676}
{"epoch": 4, "batch": 600, "batches_per_epoch": 14609, "loss": 0.7577685713768005, "lr": 0.0003943245277620851}
{"epoch": 4, "batch": 650, "batches_per_epoch": 14609, "loss": 0.753873884677887, "lr": 0.0003941049550622464}
{"epoch": 4, "batch": 700, "batches_per_epoch": 14609, "loss": 0.8020877242088318, "lr": 0.0003938852157613907}
{"epoch": 4, "batch": 750, "batches_per_epoch": 14609, "loss": 0.7753796577453613, "lr": 0.00039366531011356045}
{"epoch": 4, "batch": 800, "batches_per_epoch": 14609, "loss": 0.7264590859413147, "lr": 0.00039344523837299053}
{"epoch": 4, "batch": 850, "batches_per_epoch": 14609, "loss": 0.7687317728996277, "lr": 0.00039322500079410787}
{"epoch": 4, "batch": 900, "batches_per_epoch": 14609, "loss": 0.7265310883522034, "lr": 0.0003930045976315311}
{"epoch": 4, "batch": 950, "batches_per_epoch": 14609, "loss": 0.7852433323860168, "lr": 0.0003927840291400702}
{"checkpoint": "/content/GenAI/task1_llm/member_denisha/checkpoints/gpt_from_scratch_latest.pt", "epoch": 4, "batch": 1000}
{"epoch": 4, "batch": 1000, "batches_per_epoch": 14609, "loss": 0.7881205677986145, "lr": 0.0003925632955747264}
{"epoch": 4, "batch": 1050, "batches_per_epoch": 14609, "loss": 0.7584977149963379, "lr": 0.00039234239719069175}
{"epoch": 4, "batch": 1100, "batches_per_epoch": 14609, "loss": 0.7510688900947571, "lr": 0.0003921213342433488}
{"epoch": 4, "batch": 1150, "batches_per_epoch": 14609, "loss": 0.7737617492675781, "lr": 0.0003919001069882704}
{"epoch": 4, "batch": 1200, "batches_per_epoch": 14609, "loss": 0.7470012307167053, "lr": 0.0003916787156812194}
{"epoch": 4, "batch": 1250, "batches_per_epoch": 14609, "loss": 0.7733274102210999, "lr": 0.00039145716057814817}
{"epoch": 4, "batch": 1300, "batches_per_epoch": 14609, "loss": 0.7982587814331055, "lr": 0.0003912354419351985}
{"epoch": 4, "batch": 1350, "batches_per_epoch": 14609, "loss": 0.7776937484741211, "lr": 0.00039101356000870136}
{"epoch": 4, "batch": 1400, "batches_per_epoch": 14609, "loss": 0.7748563885688782, "lr": 0.0003907915150551764}
{"epoch": 4, "batch": 1450, "batches_per_epoch": 14609, "loss": 0.7123420834541321, "lr": 0.0003905693073313319}
{"checkpoint": "/content/GenAI/task1_llm/member_denisha/checkpoints/gpt_from_scratch_latest.pt", "epoch": 4, "batch": 1500}
{"epoch": 4, "batch": 1500, "batches_per_epoch": 14609, "loss": 0.7771266102790833, "lr": 0.0003903469370940639}
{"epoch": 4, "batch": 1550, "batches_per_epoch": 14609, "loss": 0.7951247096061707, "lr": 0.00039012440460045665}
{"epoch": 4, "batch": 1600, "batches_per_epoch": 14609, "loss": 0.763608455657959, "lr": 0.00038990171010778215}
{"epoch": 4, "batch": 1650, "batches_per_epoch": 14609, "loss": 0.7978035807609558, "lr": 0.0003896788538734993}
{"epoch": 4, "batch": 1700, "batches_per_epoch": 14609, "loss": 0.7862041592597961, "lr": 0.00038945583615525433}
{"epoch": 4, "batch": 1750, "batches_per_epoch": 14609, "loss": 0.7627081871032715, "lr": 0.0003892326572108798}
{"epoch": 4, "batch": 1800, "batches_per_epoch": 14609, "loss": 0.7646915316581726, "lr": 0.000389009317298395}
{"epoch": 4, "batch": 1850, "batches_per_epoch": 14609, "loss": 0.7794976234436035, "lr": 0.0003887858166760051}
{"epoch": 4, "batch": 1900, "batches_per_epoch": 14609, "loss": 0.7827761173248291, "lr": 0.0003885621556021013}
{"epoch": 4, "batch": 1950, "batches_per_epoch": 14609, "loss": 0.7695267796516418, "lr": 0.00038833833433526}
{"checkpoint": "/content/GenAI/task1_llm/member_denisha/checkpoints/gpt_from_scratch_latest.pt", "epoch": 4, "batch": 2000}
{"epoch": 4, "batch": 2000, "batches_per_epoch": 14609, "loss": 0.7543120384216309, "lr": 0.00038811435313424304}
{"epoch": 4, "batch": 2050, "batches_per_epoch": 14609, "loss": 0.7808742523193359, "lr": 0.00038789021225799704}
{"epoch": 4, "batch": 2100, "batches_per_epoch": 14609, "loss": 0.758505642414093, "lr": 0.00038766591196565315}
{"epoch": 4, "batch": 2150, "batches_per_epoch": 14609, "loss": 0.7625204920768738, "lr": 0.00038744145251652716}
{"epoch": 4, "batch": 2200, "batches_per_epoch": 14609, "loss": 0.7663893103599548, "lr": 0.0003872168341701184}
{"epoch": 4, "batch": 2250, "batches_per_epoch": 14609, "loss": 0.7471194267272949, "lr": 0.0003869920571861104}
{"epoch": 4, "batch": 2300, "batches_per_epoch": 14609, "loss": 0.7343366742134094, "lr": 0.0003867671218243696}
{"epoch": 4, "batch": 2350, "batches_per_epoch": 14609, "loss": 0.7546250224113464, "lr": 0.0003865420283449458}
{"epoch": 4, "batch": 2400, "batches_per_epoch": 14609, "loss": 0.7417693138122559, "lr": 0.00038631677700807154}
{"epoch": 4, "batch": 2450, "batches_per_epoch": 14609, "loss": 0.7245693802833557, "lr": 0.000386091368074162}
{"checkpoint": "/content/GenAI/task1_llm/member_denisha/checkpoints/gpt_from_scratch_latest.pt", "epoch": 4, "batch": 2500}
{"epoch": 4, "batch": 2500, "batches_per_epoch": 14609, "loss": 0.7408709526062012, "lr": 0.00038586580180381447}
{"epoch": 4, "batch": 2550, "batches_per_epoch": 14609, "loss": 0.7372996807098389, "lr": 0.00038564007845780804}
{"epoch": 4, "batch": 2600, "batches_per_epoch": 14609, "loss": 0.7652694582939148, "lr": 0.00038541419829710345}
{"epoch": 4, "batch": 2650, "batches_per_epoch": 14609, "loss": 0.7670096755027771, "lr": 0.0003851881615828427}
{"epoch": 4, "batch": 2700, "batches_per_epoch": 14609, "loss": 0.7778778076171875, "lr": 0.000384961968576349}
{"epoch": 4, "batch": 2750, "batches_per_epoch": 14609, "loss": 0.785966694355011, "lr": 0.00038473561953912604}
{"epoch": 4, "batch": 2800, "batches_per_epoch": 14609, "loss": 0.7491858005523682, "lr": 0.00038450911473285787}
{"epoch": 4, "batch": 2850, "batches_per_epoch": 14609, "loss": 0.7597871422767639, "lr": 0.0003842824544194088}
{"epoch": 4, "batch": 2900, "batches_per_epoch": 14609, "loss": 0.7849271893501282, "lr": 0.00038405563886082287}
{"epoch": 4, "batch": 2950, "batches_per_epoch": 14609, "loss": 0.7899076342582703, "lr": 0.00038382866831932334}
{"checkpoint": "/content/GenAI/task1_llm/member_denisha/checkpoints/gpt_from_scratch_latest.pt", "epoch": 4, "batch": 3000}
{"epoch": 4, "batch": 3000, "batches_per_epoch": 14609, "loss": 0.7922863364219666, "lr": 0.00038360154305731316}
{"epoch": 4, "batch": 3050, "batches_per_epoch": 14609, "loss": 0.7876255512237549, "lr": 0.0003833742633373736}
{"epoch": 4, "batch": 3100, "batches_per_epoch": 14609, "loss": 0.7689814567565918, "lr": 0.00038314682942226487}
{"epoch": 4, "batch": 3150, "batches_per_epoch": 14609, "loss": 0.777662992477417, "lr": 0.00038291924157492544}
{"epoch": 4, "batch": 3200, "batches_per_epoch": 14609, "loss": 0.7810007929801941, "lr": 0.0003826915000584714}
{"epoch": 4, "batch": 3250, "batches_per_epoch": 14609, "loss": 0.7621746063232422, "lr": 0.000382463605136197}
{"epoch": 4, "batch": 3300, "batches_per_epoch": 14609, "loss": 0.7958874702453613, "lr": 0.00038223555707157336}
{"epoch": 4, "batch": 3350, "batches_per_epoch": 14609, "loss": 0.7685232162475586, "lr": 0.000382007356128249}
{"epoch": 4, "batch": 3400, "batches_per_epoch": 14609, "loss": 0.7876836657524109, "lr": 0.00038177900257004905}
{"epoch": 4, "batch": 3450, "batches_per_epoch": 14609, "loss": 0.7704486846923828, "lr": 0.000381550496660975}
{"checkpoint": "/content/GenAI/task1_llm/member_denisha/checkpoints/gpt_from_scratch_latest.pt", "epoch": 4, "batch": 3500}
{"epoch": 4, "batch": 3500, "batches_per_epoch": 14609, "loss": 0.780205249786377, "lr": 0.0003813218386652047}
{"epoch": 4, "batch": 3550, "batches_per_epoch": 14609, "loss": 0.7362561821937561, "lr": 0.0003810930288470916}
{"epoch": 4, "batch": 3600, "batches_per_epoch": 14609, "loss": 0.7839908003807068, "lr": 0.00038086406747116463}
{"epoch": 4, "batch": 3650, "batches_per_epoch": 14609, "loss": 0.7322909832000732, "lr": 0.0003806349548021284}
{"epoch": 4, "batch": 3700, "batches_per_epoch": 14609, "loss": 0.7757187485694885, "lr": 0.00038040569110486176}
{"epoch": 4, "batch": 3750, "batches_per_epoch": 14609, "loss": 0.7422666549682617, "lr": 0.00038017627664441866}
{"epoch": 4, "batch": 3800, "batches_per_epoch": 14609, "loss": 0.7624457478523254, "lr": 0.0003799467116860273}
{"epoch": 4, "batch": 3850, "batches_per_epoch": 14609, "loss": 0.7512244582176208, "lr": 0.00037971699649508956}
{"epoch": 4, "batch": 3900, "batches_per_epoch": 14609, "loss": 0.7680037617683411, "lr": 0.0003794871313371813}
{"epoch": 4, "batch": 3950, "batches_per_epoch": 14609, "loss": 0.7512044906616211, "lr": 0.00037925711647805163}
{"checkpoint": "/content/GenAI/task1_llm/member_denisha/checkpoints/gpt_from_scratch_latest.pt", "epoch": 4, "batch": 4000}
{"epoch": 4, "batch": 4000, "batches_per_epoch": 14609, "loss": 0.8092935681343079, "lr": 0.00037902695218362283}
{"epoch": 4, "batch": 4050, "batches_per_epoch": 14609, "loss": 0.8087170720100403, "lr": 0.0003787966387199899}
{"epoch": 4, "batch": 4100, "batches_per_epoch": 14609, "loss": 0.7393717765808105, "lr": 0.00037856617635342014}
{"epoch": 4, "batch": 4150, "batches_per_epoch": 14609, "loss": 0.73177170753479, "lr": 0.00037833556535035327}
{"epoch": 4, "batch": 4200, "batches_per_epoch": 14609, "loss": 0.7744784951210022, "lr": 0.0003781048059774007}
{"epoch": 4, "batch": 4250, "batches_per_epoch": 14609, "loss": 0.7717272639274597, "lr": 0.00037787389850134546}
{"epoch": 4, "batch": 4300, "batches_per_epoch": 14609, "loss": 0.7130206227302551, "lr": 0.00037764284318914153}
{"epoch": 4, "batch": 4350, "batches_per_epoch": 14609, "loss": 0.7653716206550598, "lr": 0.00037741164030791413}
{"epoch": 4, "batch": 4400, "batches_per_epoch": 14609, "loss": 0.7725208401679993, "lr": 0.0003771802901249589}
{"epoch": 4, "batch": 4450, "batches_per_epoch": 14609, "loss": 0.7728235125541687, "lr": 0.00037694879290774196}
{"checkpoint": "/content/GenAI/task1_llm/member_denisha/checkpoints/gpt_from_scratch_latest.pt", "epoch": 4, "batch": 4500}
{"epoch": 4, "batch": 4500, "batches_per_epoch": 14609, "loss": 0.775098979473114, "lr": 0.0003767171489238992}
{"epoch": 4, "batch": 4550, "batches_per_epoch": 14609, "loss": 0.7715218663215637, "lr": 0.0003764853584412363}
{"epoch": 4, "batch": 4600, "batches_per_epoch": 14609, "loss": 0.7602105140686035, "lr": 0.00037625342172772837}
{"epoch": 4, "batch": 4650, "batches_per_epoch": 14609, "loss": 0.7535440325737, "lr": 0.0003760213390515194}
{"epoch": 4, "batch": 4700, "batches_per_epoch": 14609, "loss": 0.7549254298210144, "lr": 0.00037578911068092223}
{"epoch": 4, "batch": 4750, "batches_per_epoch": 14609, "loss": 0.779547393321991, "lr": 0.00037555673688441816}
{"epoch": 4, "batch": 4800, "batches_per_epoch": 14609, "loss": 0.7907180786132812, "lr": 0.0003753242179306566}
{"epoch": 4, "batch": 4850, "batches_per_epoch": 14609, "loss": 0.8192761540412903, "lr": 0.00037509155408845484}
{"epoch": 4, "batch": 4900, "batches_per_epoch": 14609, "loss": 0.7535756230354309, "lr": 0.00037485874562679755}
{"epoch": 4, "batch": 4950, "batches_per_epoch": 14609, "loss": 0.8048171997070312, "lr": 0.00037462579281483674}
{"checkpoint": "/content/GenAI/task1_llm/member_denisha/checkpoints/gpt_from_scratch_latest.pt", "epoch": 4, "batch": 5000}
{"epoch": 4, "batch": 5000, "batches_per_epoch": 14609, "loss": 0.7657926678657532, "lr": 0.000374392695921891}
{"epoch": 4, "batch": 5050, "batches_per_epoch": 14609, "loss": 0.7570350170135498, "lr": 0.0003741594552174459}
{"epoch": 4, "batch": 5100, "batches_per_epoch": 14609, "loss": 0.7531152367591858, "lr": 0.0003739260709711532}
{"epoch": 4, "batch": 5150, "batches_per_epoch": 14609, "loss": 0.7607921957969666, "lr": 0.0003736925434528302}
{"epoch": 4, "batch": 5200, "batches_per_epoch": 14609, "loss": 0.802776575088501, "lr": 0.0003734588729324604}
{"epoch": 4, "batch": 5250, "batches_per_epoch": 14609, "loss": 0.7842297554016113, "lr": 0.00037322505968019214}
{"epoch": 4, "batch": 5300, "batches_per_epoch": 14609, "loss": 0.7387983798980713, "lr": 0.0003729911039663391}
{"epoch": 4, "batch": 5350, "batches_per_epoch": 14609, "loss": 0.7624099254608154, "lr": 0.00037275700606137973}
{"epoch": 4, "batch": 5400, "batches_per_epoch": 14609, "loss": 0.8024942874908447, "lr": 0.0003725227662359564}
{"epoch": 4, "batch": 5450, "batches_per_epoch": 14609, "loss": 0.7741012573242188, "lr": 0.000372288384760876}
{"checkpoint": "/content/GenAI/task1_llm/member_denisha/checkpoints/gpt_from_scratch_latest.pt", "epoch": 4, "batch": 5500}
{"epoch": 4, "batch": 5500, "batches_per_epoch": 14609, "loss": 0.8013840317726135, "lr": 0.000372053861907109}
{"epoch": 4, "batch": 5550, "batches_per_epoch": 14609, "loss": 0.7542724609375, "lr": 0.00037181919794578933}
{"epoch": 4, "batch": 5600, "batches_per_epoch": 14609, "loss": 0.7989259362220764, "lr": 0.0003715843931482142}
{"epoch": 4, "batch": 5650, "batches_per_epoch": 14609, "loss": 0.7871735692024231, "lr": 0.00037134944778584333}
{"epoch": 4, "batch": 5700, "batches_per_epoch": 14609, "loss": 0.7832450866699219, "lr": 0.0003711143621302993}
{"epoch": 4, "batch": 5750, "batches_per_epoch": 14609, "loss": 0.7243573069572449, "lr": 0.00037087913645336663}
{"epoch": 4, "batch": 5800, "batches_per_epoch": 14609, "loss": 0.7573702931404114, "lr": 0.00037064377102699185}
{"epoch": 4, "batch": 5850, "batches_per_epoch": 14609, "loss": 0.7544598579406738, "lr": 0.00037040826612328305}
{"epoch": 4, "batch": 5900, "batches_per_epoch": 14609, "loss": 0.8134227395057678, "lr": 0.0003701726220145094}
{"epoch": 4, "batch": 5950, "batches_per_epoch": 14609, "loss": 0.7826667428016663, "lr": 0.00036993683897310135}
{"checkpoint": "/content/GenAI/task1_llm/member_denisha/checkpoints/gpt_from_scratch_latest.pt", "epoch": 4, "batch": 6000}
{"epoch": 4, "batch": 6000, "batches_per_epoch": 14609, "loss": 0.760493814945221, "lr": 0.0003697009172716496}
{"epoch": 4, "batch": 6050, "batches_per_epoch": 14609, "loss": 0.764332115650177, "lr": 0.0003694648571829054}
{"epoch": 4, "batch": 6100, "batches_per_epoch": 14609, "loss": 0.7561750411987305, "lr": 0.00036922865897977985}
{"epoch": 4, "batch": 6150, "batches_per_epoch": 14609, "loss": 0.7312593460083008, "lr": 0.0003689923229353439}
{"epoch": 4, "batch": 6200, "batches_per_epoch": 14609, "loss": 0.730912983417511, "lr": 0.0003687558493228277}
{"epoch": 4, "batch": 6250, "batches_per_epoch": 14609, "loss": 0.7829973101615906, "lr": 0.0003685192384156204}
{"epoch": 4, "batch": 6300, "batches_per_epoch": 14609, "loss": 0.7826685309410095, "lr": 0.00036828249048727004}
{"epoch": 4, "batch": 6350, "batches_per_epoch": 14609, "loss": 0.7730137705802917, "lr": 0.000368045605811483}
{"epoch": 4, "batch": 6400, "batches_per_epoch": 14609, "loss": 0.7669761180877686, "lr": 0.0003678085846621238}
{"epoch": 4, "batch": 6450, "batches_per_epoch": 14609, "loss": 0.7825480103492737, "lr": 0.0003675714273132147}
{"checkpoint": "/content/GenAI/task1_llm/member_denisha/checkpoints/gpt_from_scratch_latest.pt", "epoch": 4, "batch": 6500}
{"epoch": 4, "batch": 6500, "batches_per_epoch": 14609, "loss": 0.7738826870918274, "lr": 0.00036733413403893526}
{"epoch": 4, "batch": 6550, "batches_per_epoch": 14609, "loss": 0.7820513248443604, "lr": 0.00036709670511362246}
{"epoch": 4, "batch": 6600, "batches_per_epoch": 14609, "loss": 0.8090338706970215, "lr": 0.00036685914081177}
{"epoch": 4, "batch": 6650, "batches_per_epoch": 14609, "loss": 0.7781795859336853, "lr": 0.00036662144140802805}
{"epoch": 4, "batch": 6700, "batches_per_epoch": 14609, "loss": 0.7649218440055847, "lr": 0.00036638360717720296}
{"epoch": 4, "batch": 6750, "batches_per_epoch": 14609, "loss": 0.7692500948905945, "lr": 0.00036614563839425707}
{"epoch": 4, "batch": 6800, "batches_per_epoch": 14609, "loss": 0.7211149334907532, "lr": 0.0003659075353343082}
{"epoch": 4, "batch": 6850, "batches_per_epoch": 14609, "loss": 0.7168681025505066, "lr": 0.0003656692982726293}
{"epoch": 4, "batch": 6900, "batches_per_epoch": 14609, "loss": 0.763070285320282, "lr": 0.0003654309274846486}
{"epoch": 4, "batch": 6950, "batches_per_epoch": 14609, "loss": 0.7725531458854675, "lr": 0.00036519242324594824}
{"checkpoint": "/content/GenAI/task1_llm/member_denisha/checkpoints/gpt_from_scratch_latest.pt", "epoch": 4, "batch": 7000}
{"epoch": 4, "batch": 7000, "batches_per_epoch": 14609, "loss": 0.7394132018089294, "lr": 0.00036495378583226547}
{"epoch": 4, "batch": 7050, "batches_per_epoch": 14609, "loss": 0.719174861907959, "lr": 0.00036471501551949107}
{"epoch": 4, "batch": 7100, "batches_per_epoch": 14609, "loss": 0.7486322522163391, "lr": 0.00036447611258366935}
{"epoch": 4, "batch": 7150, "batches_per_epoch": 14609, "loss": 0.762172520160675, "lr": 0.00036423707730099834}
{"epoch": 4, "batch": 7200, "batches_per_epoch": 14609, "loss": 0.7260861396789551, "lr": 0.00036399790994782864}
{"epoch": 4, "batch": 7250, "batches_per_epoch": 14609, "loss": 0.7783827781677246, "lr": 0.0003637586108006638}
{"epoch": 4, "batch": 7300, "batches_per_epoch": 14609, "loss": 0.779656708240509, "lr": 0.0003635191801361598}
{"epoch": 4, "batch": 7350, "batches_per_epoch": 14609, "loss": 0.7765811085700989, "lr": 0.00036327961823112443}
{"epoch": 4, "batch": 7400, "batches_per_epoch": 14609, "loss": 0.7894689440727234, "lr": 0.0003630399253625174}
{"epoch": 4, "batch": 7450, "batches_per_epoch": 14609, "loss": 0.7344180941581726, "lr": 0.0003628001018074498}
{"checkpoint": "/content/GenAI/task1_llm/member_denisha/checkpoints/gpt_from_scratch_latest.pt", "epoch": 4, "batch": 7500}
{"epoch": 4, "batch": 7500, "batches_per_epoch": 14609, "loss": 0.7372147440910339, "lr": 0.00036256014784318366}
{"epoch": 4, "batch": 7550, "batches_per_epoch": 14609, "loss": 0.7823265194892883, "lr": 0.00036232006374713194}
{"epoch": 4, "batch": 7600, "batches_per_epoch": 14609, "loss": 0.7800666689872742, "lr": 0.000362079849796858}
{"epoch": 4, "batch": 7650, "batches_per_epoch": 14609, "loss": 0.7711612582206726, "lr": 0.0003618395062700753}
{"epoch": 4, "batch": 7700, "batches_per_epoch": 14609, "loss": 0.7508797645568848, "lr": 0.00036159903344464716}
{"epoch": 4, "batch": 7750, "batches_per_epoch": 14609, "loss": 0.7406966090202332, "lr": 0.00036135843159858634}
{"epoch": 4, "batch": 7800, "batches_per_epoch": 14609, "loss": 0.7813034653663635, "lr": 0.00036111770101005474}
{"epoch": 4, "batch": 7850, "batches_per_epoch": 14609, "loss": 0.7577503323554993, "lr": 0.00036087684195736314}
{"epoch": 4, "batch": 7900, "batches_per_epoch": 14609, "loss": 0.7649690508842468, "lr": 0.00036063585471897083}
{"epoch": 4, "batch": 7950, "batches_per_epoch": 14609, "loss": 0.7594601511955261, "lr": 0.00036039473957348534}
{"checkpoint": "/content/GenAI/task1_llm/member_denisha/checkpoints/gpt_from_scratch_latest.pt", "epoch": 4, "batch": 8000}
{"epoch": 4, "batch": 8000, "batches_per_epoch": 14609, "loss": 0.7821642756462097, "lr": 0.0003601534967996619}
{"epoch": 4, "batch": 8050, "batches_per_epoch": 14609, "loss": 0.7238776087760925, "lr": 0.00035991212667640357}
{"epoch": 4, "batch": 8100, "batches_per_epoch": 14609, "loss": 0.7664745450019836, "lr": 0.0003596706294827604}
{"epoch": 4, "batch": 8150, "batches_per_epoch": 14609, "loss": 0.7593275904655457, "lr": 0.00035942900549792945}
{"epoch": 4, "batch": 8200, "batches_per_epoch": 14609, "loss": 0.7335281372070312, "lr": 0.0003591872550012544}
{"epoch": 4, "batch": 8250, "batches_per_epoch": 14609, "loss": 0.7774454951286316, "lr": 0.0003589453782722251}
{"epoch": 4, "batch": 8300, "batches_per_epoch": 14609, "loss": 0.7225660681724548, "lr": 0.0003587033755904774}
{"epoch": 4, "batch": 8350, "batches_per_epoch": 14609, "loss": 0.7371153831481934, "lr": 0.0003584612472357927}
{"epoch": 4, "batch": 8400, "batches_per_epoch": 14609, "loss": 0.7972787022590637, "lr": 0.0003582189934880978}
{"epoch": 4, "batch": 8450, "batches_per_epoch": 14609, "loss": 0.7191748023033142, "lr": 0.00035797661462746446}
{"checkpoint": "/content/GenAI/task1_llm/member_denisha/checkpoints/gpt_from_scratch_latest.pt", "epoch": 4, "batch": 8500}
{"epoch": 4, "batch": 8500, "batches_per_epoch": 14609, "loss": 0.7676787376403809, "lr": 0.0003577341109341089}
{"epoch": 4, "batch": 8550, "batches_per_epoch": 14609, "loss": 0.7713972926139832, "lr": 0.00035749148268839184}
{"epoch": 4, "batch": 8600, "batches_per_epoch": 14609, "loss": 0.7625773549079895, "lr": 0.00035724873017081786}
{"epoch": 4, "batch": 8650, "batches_per_epoch": 14609, "loss": 0.7772919535636902, "lr": 0.0003570058536620355}
{"epoch": 4, "batch": 8700, "batches_per_epoch": 14609, "loss": 0.7353475093841553, "lr": 0.0003567628534428364}
{"epoch": 4, "batch": 8750, "batches_per_epoch": 14609, "loss": 0.7252610325813293, "lr": 0.0003565197297941552}
{"epoch": 4, "batch": 8800, "batches_per_epoch": 14609, "loss": 0.7504363059997559, "lr": 0.0003562764829970692}
{"epoch": 4, "batch": 8850, "batches_per_epoch": 14609, "loss": 0.7761431336402893, "lr": 0.0003560331133327984}
{"epoch": 4, "batch": 8900, "batches_per_epoch": 14609, "loss": 0.7598099708557129, "lr": 0.00035578962108270454}
{"epoch": 4, "batch": 8950, "batches_per_epoch": 14609, "loss": 0.7582100033760071, "lr": 0.0003555460065282911}
{"checkpoint": "/content/GenAI/task1_llm/member_denisha/checkpoints/gpt_from_scratch_latest.pt", "epoch": 4, "batch": 9000}
{"epoch": 4, "batch": 9000, "batches_per_epoch": 14609, "loss": 0.7816435694694519, "lr": 0.00035530226995120315}
{"epoch": 4, "batch": 9050, "batches_per_epoch": 14609, "loss": 0.7723564505577087, "lr": 0.00035505841163322653}
{"epoch": 4, "batch": 9100, "batches_per_epoch": 14609, "loss": 0.7843122482299805, "lr": 0.00035481443185628826}
{"epoch": 4, "batch": 9150, "batches_per_epoch": 14609, "loss": 0.7542667984962463, "lr": 0.0003545703309024553}
{"epoch": 4, "batch": 9200, "batches_per_epoch": 14609, "loss": 0.7966213226318359, "lr": 0.000354326109053935}
{"epoch": 4, "batch": 9250, "batches_per_epoch": 14609, "loss": 0.7744849324226379, "lr": 0.00035408176659307457}
{"epoch": 4, "batch": 9300, "batches_per_epoch": 14609, "loss": 0.7916902899742126, "lr": 0.0003538373038023602}
{"epoch": 4, "batch": 9350, "batches_per_epoch": 14609, "loss": 0.7791547775268555, "lr": 0.00035359272096441763}
{"epoch": 4, "batch": 9400, "batches_per_epoch": 14609, "loss": 0.710222065448761, "lr": 0.0003533480183620113}
{"epoch": 4, "batch": 9450, "batches_per_epoch": 14609, "loss": 0.7607409954071045, "lr": 0.000353103196278044}
{"checkpoint": "/content/GenAI/task1_llm/member_denisha/checkpoints/gpt_from_scratch_latest.pt", "epoch": 4, "batch": 9500}
{"epoch": 4, "batch": 9500, "batches_per_epoch": 14609, "loss": 0.7663416862487793, "lr": 0.0003528582549955568}
{"epoch": 4, "batch": 9550, "batches_per_epoch": 14609, "loss": 0.7270689010620117, "lr": 0.00035261319479772834}
{"epoch": 4, "batch": 9600, "batches_per_epoch": 14609, "loss": 0.7693704962730408, "lr": 0.00035236801596787506}
{"epoch": 4, "batch": 9650, "batches_per_epoch": 14609, "loss": 0.7817087173461914, "lr": 0.0003521227187894501}
{"epoch": 4, "batch": 9700, "batches_per_epoch": 14609, "loss": 0.7535104155540466, "lr": 0.0003518773035460441}
{"epoch": 4, "batch": 9750, "batches_per_epoch": 14609, "loss": 0.777765691280365, "lr": 0.0003516317705213835}
{"epoch": 4, "batch": 9800, "batches_per_epoch": 14609, "loss": 0.766503095626831, "lr": 0.00035138611999933135}
{"epoch": 4, "batch": 9850, "batches_per_epoch": 14609, "loss": 0.7150993347167969, "lr": 0.0003511403522638863}
{"epoch": 4, "batch": 9900, "batches_per_epoch": 14609, "loss": 0.7687229514122009, "lr": 0.00035089446759918266}
{"epoch": 4, "batch": 9950, "batches_per_epoch": 14609, "loss": 0.7014523148536682, "lr": 0.0003506484662894899}
{"checkpoint": "/content/GenAI/task1_llm/member_denisha/checkpoints/gpt_from_scratch_latest.pt", "epoch": 4, "batch": 10000}
{"epoch": 4, "batch": 10000, "batches_per_epoch": 14609, "loss": 0.7580519318580627, "lr": 0.00035040234861921226}
{"epoch": 4, "batch": 10050, "batches_per_epoch": 14609, "loss": 0.7626673579216003, "lr": 0.0003501561148728886}
{"epoch": 4, "batch": 10100, "batches_per_epoch": 14609, "loss": 0.8044474124908447, "lr": 0.00034990976533519195}
{"epoch": 4, "batch": 10150, "batches_per_epoch": 14609, "loss": 0.76703280210495, "lr": 0.00034966330029092917}
{"epoch": 4, "batch": 10200, "batches_per_epoch": 14609, "loss": 0.723578929901123, "lr": 0.0003494167200250407}
{"epoch": 4, "batch": 10250, "batches_per_epoch": 14609, "loss": 0.7628157734870911, "lr": 0.00034917002482260013}
{"epoch": 4, "batch": 10300, "batches_per_epoch": 14609, "loss": 0.7539229393005371, "lr": 0.000348923214968814}
{"epoch": 4, "batch": 10350, "batches_per_epoch": 14609, "loss": 0.7719127535820007, "lr": 0.00034867629074902145}
{"epoch": 4, "batch": 10400, "batches_per_epoch": 14609, "loss": 0.7402915358543396, "lr": 0.0003484292524486936}
{"epoch": 4, "batch": 10450, "batches_per_epoch": 14609, "loss": 0.7396185994148254, "lr": 0.0003481821003534338}
{"checkpoint": "/content/GenAI/task1_llm/member_denisha/checkpoints/gpt_from_scratch_latest.pt", "epoch": 4, "batch": 10500}
{"epoch": 4, "batch": 10500, "batches_per_epoch": 14609, "loss": 0.7625997066497803, "lr": 0.0003479348347489766}
{"epoch": 4, "batch": 10550, "batches_per_epoch": 14609, "loss": 0.7576071619987488, "lr": 0.0003476874559211881}
{"epoch": 4, "batch": 10600, "batches_per_epoch": 14609, "loss": 0.7526187300682068, "lr": 0.0003474399641560651}
{"epoch": 4, "batch": 10650, "batches_per_epoch": 14609, "loss": 0.7899982929229736, "lr": 0.000347192359739735}
{"epoch": 4, "batch": 10700, "batches_per_epoch": 14609, "loss": 0.7488923072814941, "lr": 0.0003469446429584556}
{"epoch": 4, "batch": 10750, "batches_per_epoch": 14609, "loss": 0.7949299812316895, "lr": 0.0003466968140986142}
{"epoch": 4, "batch": 10800, "batches_per_epoch": 14609, "loss": 0.7843382358551025, "lr": 0.0003464488734467282}
{"epoch": 4, "batch": 10850, "batches_per_epoch": 14609, "loss": 0.808688223361969, "lr": 0.0003462008212894439}
{"epoch": 4, "batch": 10900, "batches_per_epoch": 14609, "loss": 0.7457440495491028, "lr": 0.0003459526579135366}
{"epoch": 4, "batch": 10950, "batches_per_epoch": 14609, "loss": 0.7448645234107971, "lr": 0.0003457043836059102}
{"checkpoint": "/content/GenAI/task1_llm/member_denisha/checkpoints/gpt_from_scratch_latest.pt", "epoch": 4, "batch": 11000}
{"epoch": 4, "batch": 11000, "batches_per_epoch": 14609, "loss": 0.7691628336906433, "lr": 0.00034545599865359666}
{"epoch": 4, "batch": 11050, "batches_per_epoch": 14609, "loss": 0.7126600742340088, "lr": 0.00034520750334375637}
{"epoch": 4, "batch": 11100, "batches_per_epoch": 14609, "loss": 0.7760462760925293, "lr": 0.00034495889796367664}
{"epoch": 4, "batch": 11150, "batches_per_epoch": 14609, "loss": 0.774921715259552, "lr": 0.00034471018280077243}
{"epoch": 4, "batch": 11200, "batches_per_epoch": 14609, "loss": 0.7517163157463074, "lr": 0.00034446135814258575}
{"epoch": 4, "batch": 11250, "batches_per_epoch": 14609, "loss": 0.7966406345367432, "lr": 0.00034421242427678465}
{"epoch": 4, "batch": 11300, "batches_per_epoch": 14609, "loss": 0.7972353100776672, "lr": 0.0003439633814911642}
{"epoch": 4, "batch": 11350, "batches_per_epoch": 14609, "loss": 0.7974462509155273, "lr": 0.00034371423007364455}
{"epoch": 4, "batch": 11400, "batches_per_epoch": 14609, "loss": 0.7269070744514465, "lr": 0.00034346497031227213}
{"epoch": 4, "batch": 11450, "batches_per_epoch": 14609, "loss": 0.7302031517028809, "lr": 0.00034321560249521833}
{"checkpoint": "/content/GenAI/task1_llm/member_denisha/checkpoints/gpt_from_scratch_latest.pt", "epoch": 4, "batch": 11500}
{"epoch": 4, "batch": 11500, "batches_per_epoch": 14609, "loss": 0.7631208896636963, "lr": 0.0003429661269107794}
{"epoch": 4, "batch": 11550, "batches_per_epoch": 14609, "loss": 0.7473528385162354, "lr": 0.0003427165438473764}
{"epoch": 4, "batch": 11600, "batches_per_epoch": 14609, "loss": 0.7372679710388184, "lr": 0.0003424668535935544}
{"epoch": 4, "batch": 11650, "batches_per_epoch": 14609, "loss": 0.728234589099884, "lr": 0.00034221705643798256}
{"epoch": 4, "batch": 11700, "batches_per_epoch": 14609, "loss": 0.7444655299186707, "lr": 0.00034196715266945367}
{"epoch": 4, "batch": 11750, "batches_per_epoch": 14609, "loss": 0.7670097351074219, "lr": 0.0003417171425768836}
{"epoch": 4, "batch": 11800, "batches_per_epoch": 14609, "loss": 0.7604573369026184, "lr": 0.00034146702644931125}
{"epoch": 4, "batch": 11850, "batches_per_epoch": 14609, "loss": 0.7881746888160706, "lr": 0.0003412168045758981}
{"epoch": 4, "batch": 11900, "batches_per_epoch": 14609, "loss": 0.7139711380004883, "lr": 0.0003409664772459279}
{"epoch": 4, "batch": 11950, "batches_per_epoch": 14609, "loss": 0.7865330576896667, "lr": 0.0003407160447488063}
{"checkpoint": "/content/GenAI/task1_llm/member_denisha/checkpoints/gpt_from_scratch_latest.pt", "epoch": 4, "batch": 12000}
{"epoch": 4, "batch": 12000, "batches_per_epoch": 14609, "loss": 0.7598793506622314, "lr": 0.00034046550737406044}
{"epoch": 4, "batch": 12050, "batches_per_epoch": 14609, "loss": 0.7487895488739014, "lr": 0.0003402148654113389}
{"epoch": 4, "batch": 12100, "batches_per_epoch": 14609, "loss": 0.7283380627632141, "lr": 0.0003399641191504112}
{"epoch": 4, "batch": 12150, "batches_per_epoch": 14609, "loss": 0.7401148676872253, "lr": 0.00033971326888116707}
{"epoch": 4, "batch": 12200, "batches_per_epoch": 14609, "loss": 0.7291613221168518, "lr": 0.0003394623148936168}
{"epoch": 4, "batch": 12250, "batches_per_epoch": 14609, "loss": 0.7839325070381165, "lr": 0.0003392112574778905}
{"epoch": 4, "batch": 12300, "batches_per_epoch": 14609, "loss": 0.7809750437736511, "lr": 0.000338960096924238}
{"epoch": 4, "batch": 12350, "batches_per_epoch": 14609, "loss": 0.737235963344574, "lr": 0.0003387088335230282}
{"epoch": 4, "batch": 12400, "batches_per_epoch": 14609, "loss": 0.7956493496894836, "lr": 0.0003384574675647489}
{"epoch": 4, "batch": 12450, "batches_per_epoch": 14609, "loss": 0.764935314655304, "lr": 0.0003382059993400066}
{"checkpoint": "/content/GenAI/task1_llm/member_denisha/checkpoints/gpt_from_scratch_latest.pt", "epoch": 4, "batch": 12500}
{"epoch": 4, "batch": 12500, "batches_per_epoch": 14609, "loss": 0.779613196849823, "lr": 0.00033795442913952574}
{"epoch": 4, "batch": 12550, "batches_per_epoch": 14609, "loss": 0.7348721623420715, "lr": 0.00033770275725414914}
{"epoch": 4, "batch": 12600, "batches_per_epoch": 14609, "loss": 0.7335910797119141, "lr": 0.00033745098397483666}
{"epoch": 4, "batch": 12650, "batches_per_epoch": 14609, "loss": 0.7670776844024658, "lr": 0.0003371991095926658}
{"epoch": 4, "batch": 12700, "batches_per_epoch": 14609, "loss": 0.7808237671852112, "lr": 0.00033694713439883064}
{"epoch": 4, "batch": 12750, "batches_per_epoch": 14609, "loss": 0.7714450359344482, "lr": 0.00033669505868464197}
{"epoch": 4, "batch": 12800, "batches_per_epoch": 14609, "loss": 0.7629157900810242, "lr": 0.0003364428827415268}
{"epoch": 4, "batch": 12850, "batches_per_epoch": 14609, "loss": 0.7411777377128601, "lr": 0.00033619060686102795}
{"epoch": 4, "batch": 12900, "batches_per_epoch": 14609, "loss": 0.7499580383300781, "lr": 0.0003359382313348039}
{"epoch": 4, "batch": 12950, "batches_per_epoch": 14609, "loss": 0.7378745675086975, "lr": 0.000335685756454628}
{"checkpoint": "/content/GenAI/task1_llm/member_denisha/checkpoints/gpt_from_scratch_latest.pt", "epoch": 4, "batch": 13000}
{"epoch": 4, "batch": 13000, "batches_per_epoch": 14609, "loss": 0.7551603317260742, "lr": 0.00033543318251238894}
{"epoch": 4, "batch": 13050, "batches_per_epoch": 14609, "loss": 0.7982377409934998, "lr": 0.00033518050980008954}
{"epoch": 4, "batch": 13100, "batches_per_epoch": 14609, "loss": 0.7665536999702454, "lr": 0.000334927738609847}
{"epoch": 4, "batch": 13150, "batches_per_epoch": 14609, "loss": 0.7522468566894531, "lr": 0.00033467486923389247}
{"epoch": 4, "batch": 13200, "batches_per_epoch": 14609, "loss": 0.7332561612129211, "lr": 0.00033442190196457025}
{"epoch": 4, "batch": 13250, "batches_per_epoch": 14609, "loss": 0.789156973361969, "lr": 0.0003341688370943382}
{"epoch": 4, "batch": 13300, "batches_per_epoch": 14609, "loss": 0.7705156803131104, "lr": 0.0003339156749157668}
{"epoch": 4, "batch": 13350, "batches_per_epoch": 14609, "loss": 0.7675390243530273, "lr": 0.0003336624157215391}
{"epoch": 4, "batch": 13400, "batches_per_epoch": 14609, "loss": 0.7442851066589355, "lr": 0.00033340905980445046}
{"epoch": 4, "batch": 13450, "batches_per_epoch": 14609, "loss": 0.7446880340576172, "lr": 0.0003331556074574076}
{"checkpoint": "/content/GenAI/task1_llm/member_denisha/checkpoints/gpt_from_scratch_latest.pt", "epoch": 4, "batch": 13500}
{"epoch": 4, "batch": 13500, "batches_per_epoch": 14609, "loss": 0.7533232569694519, "lr": 0.00033290205897342927}
{"epoch": 4, "batch": 13550, "batches_per_epoch": 14609, "loss": 0.7431129813194275, "lr": 0.00033264841464564497}
{"epoch": 4, "batch": 13600, "batches_per_epoch": 14609, "loss": 0.739539623260498, "lr": 0.0003323946747672952}
{"epoch": 4, "batch": 13650, "batches_per_epoch": 14609, "loss": 0.7510533928871155, "lr": 0.00033214083963173103}
{"epoch": 4, "batch": 13700, "batches_per_epoch": 14609, "loss": 0.759309709072113, "lr": 0.0003318869095324133}
{"epoch": 4, "batch": 13750, "batches_per_epoch": 14609, "loss": 0.7790572047233582, "lr": 0.00033163288476291305}
{"epoch": 4, "batch": 13800, "batches_per_epoch": 14609, "loss": 0.7599573135375977, "lr": 0.0003313787656169103}
{"epoch": 4, "batch": 13850, "batches_per_epoch": 14609, "loss": 0.7512498497962952, "lr": 0.0003311245523881947}
{"epoch": 4, "batch": 13900, "batches_per_epoch": 14609, "loss": 0.7486233711242676, "lr": 0.00033087024537066436}
{"epoch": 4, "batch": 13950, "batches_per_epoch": 14609, "loss": 0.7469801306724548, "lr": 0.0003306158448583258}
{"checkpoint": "/content/GenAI/task1_llm/member_denisha/checkpoints/gpt_from_scratch_latest.pt", "epoch": 4, "batch": 14000}
{"epoch": 4, "batch": 14000, "batches_per_epoch": 14609, "loss": 0.7411783337593079, "lr": 0.00033036135114529377}
{"epoch": 4, "batch": 14050, "batches_per_epoch": 14609, "loss": 0.7987349033355713, "lr": 0.0003301067645257907}
{"epoch": 4, "batch": 14100, "batches_per_epoch": 14609, "loss": 0.7826917767524719, "lr": 0.0003298520852941465}
{"epoch": 4, "batch": 14150, "batches_per_epoch": 14609, "loss": 0.775134265422821, "lr": 0.0003295973137447978}
{"epoch": 4, "batch": 14200, "batches_per_epoch": 14609, "loss": 0.7215542197227478, "lr": 0.00032934245017228876}
{"epoch": 4, "batch": 14250, "batches_per_epoch": 14609, "loss": 0.7751271724700928, "lr": 0.000329087494871269}
{"epoch": 4, "batch": 14300, "batches_per_epoch": 14609, "loss": 0.7676932215690613, "lr": 0.0003288324481364947}
{"epoch": 4, "batch": 14350, "batches_per_epoch": 14609, "loss": 0.7206850051879883, "lr": 0.0003285773102628278}
{"epoch": 4, "batch": 14400, "batches_per_epoch": 14609, "loss": 0.7594370245933533, "lr": 0.0003283220815452352}
{"epoch": 4, "batch": 14450, "batches_per_epoch": 14609, "loss": 0.750258207321167, "lr": 0.0003280667622787894}
{"checkpoint": "/content/GenAI/task1_llm/member_denisha/checkpoints/gpt_from_scratch_latest.pt", "epoch": 4, "batch": 14500}
{"epoch": 4, "batch": 14500, "batches_per_epoch": 14609, "loss": 0.7315815091133118, "lr": 0.00032781135275866707}
{"epoch": 4, "batch": 14550, "batches_per_epoch": 14609, "loss": 0.7917148470878601, "lr": 0.00032755585328014944}
{"epoch": 4, "batch": 14600, "batches_per_epoch": 14609, "loss": 0.7652711868286133, "lr": 0.00032730026413862166}
{"epoch": 4, "train_loss": 0.7623107544009352, "val_loss": 0.7189436942673973, "val_accuracy": 0.7711549154008982, "grad_norm": 0.24145548045635223, "lr": 0.00032725424859373687}
{"epoch": 5, "batch": 50, "batches_per_epoch": 14609, "loss": 0.7500843405723572, "lr": 0.00032699855402992307}
{"epoch": 5, "batch": 100, "batches_per_epoch": 14609, "loss": 0.7746184468269348, "lr": 0.00032674277044739776}
{"epoch": 5, "batch": 150, "batches_per_epoch": 14609, "loss": 0.7705817222595215, "lr": 0.0003264868981418747}
{"epoch": 5, "batch": 200, "batches_per_epoch": 14609, "loss": 0.7823579907417297, "lr": 0.00032623093740917003}
{"epoch": 5, "batch": 250, "batches_per_epoch": 14609, "loss": 0.7569375038146973, "lr": 0.00032597488854520235}
{"epoch": 5, "batch": 300, "batches_per_epoch": 14609, "loss": 0.7524394989013672, "lr": 0.000325718751845992}
{"epoch": 5, "batch": 350, "batches_per_epoch": 14609, "loss": 0.7551040053367615, "lr": 0.0003254625276076607}
{"epoch": 5, "batch": 400, "batches_per_epoch": 14609, "loss": 0.744827926158905, "lr": 0.00032520621612643183}
{"epoch": 5, "batch": 450, "batches_per_epoch": 14609, "loss": 0.7077350616455078, "lr": 0.0003249498176986292}
{"checkpoint": "/content/GenAI/task1_llm/member_denisha/checkpoints/gpt_from_scratch_latest.pt", "epoch": 5, "batch": 500}
{"epoch": 5, "batch": 500, "batches_per_epoch": 14609, "loss": 0.7326715588569641, "lr": 0.00032469333262067734}
{"epoch": 5, "batch": 550, "batches_per_epoch": 14609, "loss": 0.7165737152099609, "lr": 0.00032443676118910106}
{"epoch": 5, "batch": 600, "batches_per_epoch": 14609, "loss": 0.7530291676521301, "lr": 0.00032418010370052465}
{"epoch": 5, "batch": 650, "batches_per_epoch": 14609, "loss": 0.7593627572059631, "lr": 0.0003239233604516722}
{"epoch": 5, "batch": 700, "batches_per_epoch": 14609, "loss": 0.7368121147155762, "lr": 0.0003236665317393669}
{"epoch": 5, "batch": 750, "batches_per_epoch": 14609, "loss": 0.7132900357246399, "lr": 0.0003234096178605307}
{"epoch": 5, "batch": 800, "batches_per_epoch": 14609, "loss": 0.7223337292671204, "lr": 0.000323152619112184}
{"epoch": 5, "batch": 850, "batches_per_epoch": 14609, "loss": 0.7722241282463074, "lr": 0.0003228955357914452}
{"epoch": 5, "batch": 900, "batches_per_epoch": 14609, "loss": 0.8091056942939758, "lr": 0.00032263836819553085}
{"epoch": 5, "batch": 950, "batches_per_epoch": 14609, "loss": 0.7460651993751526, "lr": 0.00032238111662175446}
{"checkpoint": "/content/GenAI/task1_llm/member_denisha/checkpoints/gpt_from_scratch_latest.pt", "epoch": 5, "batch": 1000}
{"epoch": 5, "batch": 1000, "batches_per_epoch": 14609, "loss": 0.8026240468025208, "lr": 0.00032212378136752706}
{"epoch": 5, "batch": 1050, "batches_per_epoch": 14609, "loss": 0.7472445368766785, "lr": 0.0003218663627303561}
{"epoch": 5, "batch": 1100, "batches_per_epoch": 14609, "loss": 0.75860995054245, "lr": 0.0003216088610078455}
{"epoch": 5, "batch": 1150, "batches_per_epoch": 14609, "loss": 0.761435329914093, "lr": 0.00032135127649769545}
{"epoch": 5, "batch": 1200, "batches_per_epoch": 14609, "loss": 0.7562263607978821, "lr": 0.00032109360949770155}
{"epoch": 5, "batch": 1250, "batches_per_epoch": 14609, "loss": 0.7135877013206482, "lr": 0.000320835860305755}
{"epoch": 5, "batch": 1300, "batches_per_epoch": 14609, "loss": 0.7610705494880676, "lr": 0.0003205780292198419}
{"epoch": 5, "batch": 1350, "batches_per_epoch": 14609, "loss": 0.7535884976387024, "lr": 0.00032032011653804297}
{"epoch": 5, "batch": 1400, "batches_per_epoch": 14609, "loss": 0.7032831311225891, "lr": 0.0003200621225585334}
{"epoch": 5, "batch": 1450, "batches_per_epoch": 14609, "loss": 0.7827634811401367, "lr": 0.0003198040475795824}
{"checkpoint": "/content/GenAI/task1_llm/member_denisha/checkpoints/gpt_from_scratch_latest.pt", "epoch": 5, "batch": 1500}
{"epoch": 5, "batch": 1500, "batches_per_epoch": 14609, "loss": 0.7599967122077942, "lr": 0.00031954589189955266}
{"epoch": 5, "batch": 1550, "batches_per_epoch": 14609, "loss": 0.7423231601715088, "lr": 0.0003192876558169002}
{"epoch": 5, "batch": 1600, "batches_per_epoch": 14609, "loss": 0.7475419044494629, "lr": 0.0003190293396301742}
{"epoch": 5, "batch": 1650, "batches_per_epoch": 14609, "loss": 0.7571308016777039, "lr": 0.00031877094363801615}
{"epoch": 5, "batch": 1700, "batches_per_epoch": 14609, "loss": 0.7649222016334534, "lr": 0.00031851246813916005}
{"epoch": 5, "batch": 1750, "batches_per_epoch": 14609, "loss": 0.7672040462493896, "lr": 0.0003182539134324317}
{"epoch": 5, "batch": 1800, "batches_per_epoch": 14609, "loss": 0.7500306963920593, "lr": 0.00031799527981674845}
{"epoch": 5, "batch": 1850, "batches_per_epoch": 14609, "loss": 0.7400305867195129, "lr": 0.0003177365675911189}
{"epoch": 5, "batch": 1900, "batches_per_epoch": 14609, "loss": 0.7402823567390442, "lr": 0.0003174777770546427}
{"epoch": 5, "batch": 1950, "batches_per_epoch": 14609, "loss": 0.7532690167427063, "lr": 0.0003172189085065096}
{"checkpoint": "/content/GenAI/task1_llm/member_denisha/checkpoints/gpt_from_scratch_latest.pt", "epoch": 5, "batch": 2000}
{"epoch": 5, "batch": 2000, "batches_per_epoch": 14609, "loss": 0.7276701927185059, "lr": 0.0003169599622460001}
{"epoch": 5, "batch": 2050, "batches_per_epoch": 14609, "loss": 0.7532370686531067, "lr": 0.00031670093857248416}
{"epoch": 5, "batch": 2100, "batches_per_epoch": 14609, "loss": 0.75022292137146, "lr": 0.0003164418377854214}
{"epoch": 5, "batch": 2150, "batches_per_epoch": 14609, "loss": 0.7207176685333252, "lr": 0.0003161826601843604}
{"epoch": 5, "batch": 2200, "batches_per_epoch": 14609, "loss": 0.7567036151885986, "lr": 0.0003159234060689387}
{"epoch": 5, "batch": 2250, "batches_per_epoch": 14609, "loss": 0.7593992352485657, "lr": 0.00031566407573888246}
{"epoch": 5, "batch": 2300, "batches_per_epoch": 14609, "loss": 0.7409388422966003, "lr": 0.0003154046694940057}
{"epoch": 5, "batch": 2350, "batches_per_epoch": 14609, "loss": 0.7753424048423767, "lr": 0.0003151451876342102}
{"epoch": 5, "batch": 2400, "batches_per_epoch": 14609, "loss": 0.7146986126899719, "lr": 0.0003148856304594854}
{"epoch": 5, "batch": 2450, "batches_per_epoch": 14609, "loss": 0.7726534008979797, "lr": 0.0003146259982699074}
{"checkpoint": "/content/GenAI/task1_llm/member_denisha/checkpoints/gpt_from_scratch_latest.pt", "epoch": 5, "batch": 2500}
{"epoch": 5, "batch": 2500, "batches_per_epoch": 14609, "loss": 0.7547257542610168, "lr": 0.00031436629136563947}
{"epoch": 5, "batch": 2550, "batches_per_epoch": 14609, "loss": 0.7512717843055725, "lr": 0.00031410651004693105}
{"epoch": 5, "batch": 2600, "batches_per_epoch": 14609, "loss": 0.7642181515693665, "lr": 0.00031384665461411764}
{"epoch": 5, "batch": 2650, "batches_per_epoch": 14609, "loss": 0.7602655291557312, "lr": 0.0003135867253676203}
{"epoch": 5, "batch": 2700, "batches_per_epoch": 14609, "loss": 0.7566149830818176, "lr": 0.0003133267226079456}
{"epoch": 5, "batch": 2750, "batches_per_epoch": 14609, "loss": 0.7113530039787292, "lr": 0.0003130666466356851}
{"epoch": 5, "batch": 2800, "batches_per_epoch": 14609, "loss": 0.7617982029914856, "lr": 0.0003128064977515148}
{"epoch": 5, "batch": 2850, "batches_per_epoch": 14609, "loss": 0.7479537129402161, "lr": 0.00031254627625619535}
{"epoch": 5, "batch": 2900, "batches_per_epoch": 14609, "loss": 0.7957621216773987, "lr": 0.0003122859824505709}
{"epoch": 5, "batch": 2950, "batches_per_epoch": 14609, "loss": 0.7134168744087219, "lr": 0.00031202561663556955}
{"checkpoint": "/content/GenAI/task1_llm/member_denisha/checkpoints/gpt_from_scratch_latest.pt", "epoch": 5, "batch": 3000}
{"epoch": 5, "batch": 3000, "batches_per_epoch": 14609, "loss": 0.7980123162269592, "lr": 0.0003117651791122025}
{"epoch": 5, "batch": 3050, "batches_per_epoch": 14609, "loss": 0.7692673206329346, "lr": 0.0003115046701815639}
{"epoch": 5, "batch": 3100, "batches_per_epoch": 14609, "loss": 0.7195788025856018, "lr": 0.0003112440901448305}
{"epoch": 5, "batch": 3150, "batches_per_epoch": 14609, "loss": 0.7638044357299805, "lr": 0.0003109834393032609}
{"epoch": 5, "batch": 3200, "batches_per_epoch": 14609, "loss": 0.7372021675109863, "lr": 0.00031072271795819624}
{"epoch": 5, "batch": 3250, "batches_per_epoch": 14609, "loss": 0.77995365858078, "lr": 0.00031046192641105854}
{"epoch": 5, "batch": 3300, "batches_per_epoch": 14609, "loss": 0.7367441058158875, "lr": 0.00031020106496335123}
{"epoch": 5, "batch": 3350, "batches_per_epoch": 14609, "loss": 0.70848149061203, "lr": 0.00030994013391665877}
{"epoch": 5, "batch": 3400, "batches_per_epoch": 14609, "loss": 0.7322220802307129, "lr": 0.0003096791335726455}
{"epoch": 5, "batch": 3450, "batches_per_epoch": 14609, "loss": 0.7806870341300964, "lr": 0.00030941806423305653}
{"checkpoint": "/content/GenAI/task1_llm/member_denisha/checkpoints/gpt_from_scratch_latest.pt", "epoch": 5, "batch": 3500}
{"epoch": 5, "batch": 3500, "batches_per_epoch": 14609, "loss": 0.7816694378852844, "lr": 0.00030915692619971625}
{"epoch": 5, "batch": 3550, "batches_per_epoch": 14609, "loss": 0.7397730350494385, "lr": 0.0003088957197745288}
{"epoch": 5, "batch": 3600, "batches_per_epoch": 14609, "loss": 0.7639831900596619, "lr": 0.00030863444525947725}
{"epoch": 5, "batch": 3650, "batches_per_epoch": 14609, "loss": 0.7287737727165222, "lr": 0.0003083731029566232}
{"epoch": 5, "batch": 3700, "batches_per_epoch": 14609, "loss": 0.7424405217170715, "lr": 0.000308111693168107}
{"epoch": 5, "batch": 3750, "batches_per_epoch": 14609, "loss": 0.7318893074989319, "lr": 0.0003078502161961467}
{"epoch": 5, "batch": 3800, "batches_per_epoch": 14609, "loss": 0.7784358859062195, "lr": 0.0003075886723430382}
{"epoch": 5, "batch": 3850, "batches_per_epoch": 14609, "loss": 0.7539011836051941, "lr": 0.0003073270619111547}
{"epoch": 5, "batch": 3900, "batches_per_epoch": 14609, "loss": 0.745985209941864, "lr": 0.00030706538520294623}
{"epoch": 5, "batch": 3950, "batches_per_epoch": 14609, "loss": 0.7653049826622009, "lr": 0.00030680364252093974}
{"checkpoint": "/content/GenAI/task1_llm/member_denisha/checkpoints/gpt_from_scratch_latest.pt", "epoch": 5, "batch": 4000}
{"epoch": 5, "batch": 4000, "batches_per_epoch": 14609, "loss": 0.7654526829719543, "lr": 0.00030654183416773805}
{"epoch": 5, "batch": 4050, "batches_per_epoch": 14609, "loss": 0.7686560153961182, "lr": 0.00030627996044602036}
{"epoch": 5, "batch": 4100, "batches_per_epoch": 14609, "loss": 0.7184180617332458, "lr": 0.0003060180216585409}
{"epoch": 5, "batch": 4150, "batches_per_epoch": 14609, "loss": 0.7392609715461731, "lr": 0.00030575601810812976}
{"epoch": 5, "batch": 4200, "batches_per_epoch": 14609, "loss": 0.7117323875427246, "lr": 0.00030549395009769133}
{"epoch": 5, "batch": 4250, "batches_per_epoch": 14609, "loss": 0.7363757491111755, "lr": 0.00030523181793020484}
{"epoch": 5, "batch": 4300, "batches_per_epoch": 14609, "loss": 0.7361114025115967, "lr": 0.0003049696219087236}
{"epoch": 5, "batch": 4350, "batches_per_epoch": 14609, "loss": 0.7177546620368958, "lr": 0.0003047073623363748}
{"epoch": 5, "batch": 4400, "batches_per_epoch": 14609, "loss": 0.7759490013122559, "lr": 0.000304445039516359}
{"epoch": 5, "batch": 4450, "batches_per_epoch": 14609, "loss": 0.7270869612693787, "lr": 0.00030418265375195005}
{"checkpoint": "/content/GenAI/task1_llm/member_denisha/checkpoints/gpt_from_scratch_latest.pt", "epoch": 5, "batch": 4500}
{"epoch": 5, "batch": 4500, "batches_per_epoch": 14609, "loss": 0.7190154194831848, "lr": 0.00030392020534649426}
{"epoch": 5, "batch": 4550, "batches_per_epoch": 14609, "loss": 0.7715376019477844, "lr": 0.00030365769460341074}
{"epoch": 5, "batch": 4600, "batches_per_epoch": 14609, "loss": 0.776674211025238, "lr": 0.0003033951218261904}
{"epoch": 5, "batch": 4650, "batches_per_epoch": 14609, "loss": 0.7236576080322266, "lr": 0.00030313248731839604}
{"epoch": 5, "batch": 4700, "batches_per_epoch": 14609, "loss": 0.7089521288871765, "lr": 0.00030286979138366166}
{"epoch": 5, "batch": 4750, "batches_per_epoch": 14609, "loss": 0.7168827056884766, "lr": 0.0003026070343256924}
{"epoch": 5, "batch": 4800, "batches_per_epoch": 14609, "loss": 0.7832520008087158, "lr": 0.00030234421644826395}
{"epoch": 5, "batch": 4850, "batches_per_epoch": 14609, "loss": 0.7297150492668152, "lr": 0.0003020813380552225}
{"epoch": 5, "batch": 4900, "batches_per_epoch": 14609, "loss": 0.7568135261535645, "lr": 0.00030181839945048406}
{"epoch": 5, "batch": 4950, "batches_per_epoch": 14609, "loss": 0.7271325588226318, "lr": 0.00030155540093803425}
{"checkpoint": "/content/GenAI/task1_llm/member_denisha/checkpoints/gpt_from_scratch_latest.pt", "epoch": 5, "batch": 5000}
{"epoch": 5, "batch": 5000, "batches_per_epoch": 14609, "loss": 0.7637984156608582, "lr": 0.000301292342821928}
{"epoch": 5, "batch": 5050, "batches_per_epoch": 14609, "loss": 0.7203550934791565, "lr": 0.0003010292254062892}
{"epoch": 5, "batch": 5100, "batches_per_epoch": 14609, "loss": 0.738581657409668, "lr": 0.0003007660489953101}
{"epoch": 5, "batch": 5150, "batches_per_epoch": 14609, "loss": 0.7329506874084473, "lr": 0.00030050281389325137}
{"epoch": 5, "batch": 5200, "batches_per_epoch": 14609, "loss": 0.7667495608329773, "lr": 0.00030023952040444143}
{"epoch": 5, "batch": 5250, "batches_per_epoch": 14609, "loss": 0.7747247219085693, "lr": 0.00029997616883327617}
{"epoch": 5, "batch": 5300, "batches_per_epoch": 14609, "loss": 0.7958683967590332, "lr": 0.0002997127594842188}
{"epoch": 5, "batch": 5350, "batches_per_epoch": 14609, "loss": 0.7773554921150208, "lr": 0.00029944929266179906}
{"epoch": 5, "batch": 5400, "batches_per_epoch": 14609, "loss": 0.7212050557136536, "lr": 0.0002991857686706134}
{"epoch": 5, "batch": 5450, "batches_per_epoch": 14609, "loss": 0.7875981330871582, "lr": 0.0002989221878153242}
{"checkpoint": "/content/GenAI/task1_llm/member_denisha/checkpoints/gpt_from_scratch_latest.pt", "epoch": 5, "batch": 5500}
{"epoch": 5, "batch": 5500, "batches_per_epoch": 14609, "loss": 0.7672207951545715, "lr": 0.0002986585504006596}
{"epoch": 5, "batch": 5550, "batches_per_epoch": 14609, "loss": 0.7567622065544128, "lr": 0.00029839485673141314}
{"epoch": 5, "batch": 5600, "batches_per_epoch": 14609, "loss": 0.7881152033805847, "lr": 0.00029813110711244346}
{"epoch": 5, "batch": 5650, "batches_per_epoch": 14609, "loss": 0.7430592179298401, "lr": 0.0002978673018486738}
{"epoch": 5, "batch": 5700, "batches_per_epoch": 14609, "loss": 0.7682604789733887, "lr": 0.00029760344124509186}
{"epoch": 5, "batch": 5750, "batches_per_epoch": 14609, "loss": 0.7409095764160156, "lr": 0.0002973395256067491}
{"epoch": 5, "batch": 5800, "batches_per_epoch": 14609, "loss": 0.7297866940498352, "lr": 0.0002970755552387608}
{"epoch": 5, "batch": 5850, "batches_per_epoch": 14609, "loss": 0.7407628893852234, "lr": 0.0002968115304463054}
{"epoch": 5, "batch": 5900, "batches_per_epoch": 14609, "loss": 0.7383525967597961, "lr": 0.00029654745153462434}
{"epoch": 5, "batch": 5950, "batches_per_epoch": 14609, "loss": 0.735851526260376, "lr": 0.0002962833188090216}
{"checkpoint": "/content/GenAI/task1_llm/member_denisha/checkpoints/gpt_from_scratch_latest.pt", "epoch": 5, "batch": 6000}
{"epoch": 5, "batch": 6000, "batches_per_epoch": 14609, "loss": 0.7140619158744812, "lr": 0.0002960191325748633}
{"epoch": 5, "batch": 6050, "batches_per_epoch": 14609, "loss": 0.7443951964378357, "lr": 0.0002957548931375776}
{"epoch": 5, "batch": 6100, "batches_per_epoch": 14609, "loss": 0.7348403930664062, "lr": 0.00029549060080265386}
{"epoch": 5, "batch": 6150, "batches_per_epoch": 14609, "loss": 0.7568723559379578, "lr": 0.0002952262558756431}
{"epoch": 5, "batch": 6200, "batches_per_epoch": 14609, "loss": 0.7517066597938538, "lr": 0.0002949618586621566}
{"epoch": 5, "batch": 6250, "batches_per_epoch": 14609, "loss": 0.7515525221824646, "lr": 0.0002946974094678664}
{"epoch": 5, "batch": 6300, "batches_per_epoch": 14609, "loss": 0.7072475552558899, "lr": 0.00029443290859850456}
{"epoch": 5, "batch": 6350, "batches_per_epoch": 14609, "loss": 0.7462617754936218, "lr": 0.0002941683563598628}
{"epoch": 5, "batch": 6400, "batches_per_epoch": 14609, "loss": 0.7499586939811707, "lr": 0.0002939037530577925}
{"epoch": 5, "batch": 6450, "batches_per_epoch": 14609, "loss": 0.774871826171875, "lr": 0.0002936390989982036}
{"checkpoint": "/content/GenAI/task1_llm/member_denisha/checkpoints/gpt_from_scratch_latest.pt", "epoch": 5, "batch": 6500}
{"epoch": 5, "batch": 6500, "batches_per_epoch": 14609, "loss": 0.7231882214546204, "lr": 0.00029337439448706536}
{"epoch": 5, "batch": 6550, "batches_per_epoch": 14609, "loss": 0.7606847882270813, "lr": 0.00029310963983040475}
{"epoch": 5, "batch": 6600, "batches_per_epoch": 14609, "loss": 0.7828267216682434, "lr": 0.000292844835334307}
{"epoch": 5, "batch": 6650, "batches_per_epoch": 14609, "loss": 0.7583075165748596, "lr": 0.00029257998130491504}
{"epoch": 5, "batch": 6700, "batches_per_epoch": 14609, "loss": 0.7712109088897705, "lr": 0.0002923150780484289}
{"epoch": 5, "batch": 6750, "batches_per_epoch": 14609, "loss": 0.7740300297737122, "lr": 0.00029205012587110566}
{"epoch": 5, "batch": 6800, "batches_per_epoch": 14609, "loss": 0.7257865071296692, "lr": 0.00029178512507925877}
{"epoch": 5, "batch": 6850, "batches_per_epoch": 14609, "loss": 0.7453615069389343, "lr": 0.000291520075979258}
{"epoch": 5, "batch": 6900, "batches_per_epoch": 14609, "loss": 0.7479479312896729, "lr": 0.0002912549788775291}
{"epoch": 5, "batch": 6950, "batches_per_epoch": 14609, "loss": 0.782599925994873, "lr": 0.000290989834080553}
{"checkpoint": "/content/GenAI/task1_llm/member_denisha/checkpoints/gpt_from_scratch_latest.pt", "epoch": 5, "batch": 7000}
{"epoch": 5, "batch": 7000, "batches_per_epoch": 14609, "loss": 0.7378268241882324, "lr": 0.00029072464189486627}
{"epoch": 5, "batch": 7050, "batches_per_epoch": 14609, "loss": 0.7218768000602722, "lr": 0.0002904594026270595}
{"epoch": 5, "batch": 7100, "batches_per_epoch": 14609, "loss": 0.7390653491020203, "lr": 0.00029019411658377846}
{"epoch": 5, "batch": 7150, "batches_per_epoch": 14609, "loss": 0.7593747973442078, "lr": 0.00028992878407172265}
{"epoch": 5, "batch": 7200, "batches_per_epoch": 14609, "loss": 0.7822465896606445, "lr": 0.00028966340539764526}
{"epoch": 5, "batch": 7250, "batches_per_epoch": 14609, "loss": 0.7834761142730713, "lr": 0.00028939798086835306}
{"epoch": 5, "batch": 7300, "batches_per_epoch": 14609, "loss": 0.7080600261688232, "lr": 0.00028913251079070557}
{"epoch": 5, "batch": 7350, "batches_per_epoch": 14609, "loss": 0.700274646282196, "lr": 0.0002888669954716152}
{"epoch": 5, "batch": 7400, "batches_per_epoch": 14609, "loss": 0.7359049916267395, "lr": 0.0002886014352180465}
{"epoch": 5, "batch": 7450, "batches_per_epoch": 14609, "loss": 0.7435056567192078, "lr": 0.0002883358303370161}
{"checkpoint": "/content/GenAI/task1_llm/member_denisha/checkpoints/gpt_from_scratch_latest.pt", "epoch": 5, "batch": 7500}
{"epoch": 5, "batch": 7500, "batches_per_epoch": 14609, "loss": 0.7364729046821594, "lr": 0.0002880701811355921}
{"epoch": 5, "batch": 7550, "batches_per_epoch": 14609, "loss": 0.7462587356567383, "lr": 0.00028780448792089397}
{"epoch": 5, "batch": 7600, "batches_per_epoch": 14609, "loss": 0.7549070715904236, "lr": 0.0002875387510000919}
{"epoch": 5, "batch": 7650, "batches_per_epoch": 14609, "loss": 0.7384375929832458, "lr": 0.00028727297068040675}
{"epoch": 5, "batch": 7700, "batches_per_epoch": 14609, "loss": 0.7589934468269348, "lr": 0.0002870071472691095}
{"epoch": 5, "batch": 7750, "batches_per_epoch": 14609, "loss": 0.7610614895820618, "lr": 0.000286741281073521}
{"epoch": 5, "batch": 7800, "batches_per_epoch": 14609, "loss": 0.7517403960227966, "lr": 0.0002864753724010114}
{"epoch": 5, "batch": 7850, "batches_per_epoch": 14609, "loss": 0.7761033177375793, "lr": 0.0002862094215590002}
{"epoch": 5, "batch": 7900, "batches_per_epoch": 14609, "loss": 0.8054022789001465, "lr": 0.00028594342885495544}
{"epoch": 5, "batch": 7950, "batches_per_epoch": 14609, "loss": 0.7586174607276917, "lr": 0.0002856773945963937}
{"checkpoint": "/content/GenAI/task1_llm/member_denisha/checkpoints/gpt_from_scratch_latest.pt", "epoch": 5, "batch": 8000}
{"epoch": 5, "batch": 8000, "batches_per_epoch": 14609, "loss": 0.7627480030059814, "lr": 0.0002854113190908796}
{"epoch": 5, "batch": 8050, "batches_per_epoch": 14609, "loss": 0.7826127409934998, "lr": 0.0002851452026460252}
{"epoch": 5, "batch": 8100, "batches_per_epoch": 14609, "loss": 0.7577298283576965, "lr": 0.00028487904556949033}
{"epoch": 5, "batch": 8150, "batches_per_epoch": 14609, "loss": 0.7266068458557129, "lr": 0.0002846128481689813}
{"epoch": 5, "batch": 8200, "batches_per_epoch": 14609, "loss": 0.7189367413520813, "lr": 0.00028434661075225155}
{"epoch": 5, "batch": 8250, "batches_per_epoch": 14609, "loss": 0.7520342469215393, "lr": 0.0002840803336271002}
{"epoch": 5, "batch": 8300, "batches_per_epoch": 14609, "loss": 0.7243058085441589, "lr": 0.00028381401710137296}
{"epoch": 5, "batch": 8350, "batches_per_epoch": 14609, "loss": 0.7797679305076599, "lr": 0.00028354766148296046}
{"epoch": 5, "batch": 8400, "batches_per_epoch": 14609, "loss": 0.7722206115722656, "lr": 0.00028328126707979884}
{"epoch": 5, "batch": 8450, "batches_per_epoch": 14609, "loss": 0.7299554347991943, "lr": 0.0002830148341998691}
{"checkpoint": "/content/GenAI/task1_llm/member_denisha/checkpoints/gpt_from_scratch_latest.pt", "epoch": 5, "batch": 8500}
{"epoch": 5, "batch": 8500, "batches_per_epoch": 14609, "loss": 0.7630122303962708, "lr": 0.0002827483631511966}
{"epoch": 5, "batch": 8550, "batches_per_epoch": 14609, "loss": 0.8028094172477722, "lr": 0.00028248185424185104}
{"epoch": 5, "batch": 8600, "batches_per_epoch": 14609, "loss": 0.7602992057800293, "lr": 0.0002822153077799455}
{"epoch": 5, "batch": 8650, "batches_per_epoch": 14609, "loss": 0.7589940428733826, "lr": 0.0002819487240736368}
{"epoch": 5, "batch": 8700, "batches_per_epoch": 14609, "loss": 0.7357686161994934, "lr": 0.0002816821034311248}
{"epoch": 5, "batch": 8750, "batches_per_epoch": 14609, "loss": 0.7323163151741028, "lr": 0.00028141544616065186}
{"epoch": 5, "batch": 8800, "batches_per_epoch": 14609, "loss": 0.7193053364753723, "lr": 0.00028114875257050293}
{"epoch": 5, "batch": 8850, "batches_per_epoch": 14609, "loss": 0.7737467885017395, "lr": 0.00028088202296900483}
{"epoch": 5, "batch": 8900, "batches_per_epoch": 14609, "loss": 0.7245165705680847, "lr": 0.00028061525766452596}
{"epoch": 5, "batch": 8950, "batches_per_epoch": 14609, "loss": 0.7580821514129639, "lr": 0.00028034845696547607}
{"checkpoint": "/content/GenAI/task1_llm/member_denisha/checkpoints/gpt_from_scratch_latest.pt", "epoch": 5, "batch": 9000}
{"epoch": 5, "batch": 9000, "batches_per_epoch": 14609, "loss": 0.7403693795204163, "lr": 0.00028008162118030576}
{"epoch": 5, "batch": 9050, "batches_per_epoch": 14609, "loss": 0.7237946391105652, "lr": 0.00027981475061750644}
{"epoch": 5, "batch": 9100, "batches_per_epoch": 14609, "loss": 0.7590710520744324, "lr": 0.00027954784558560934}
{"epoch": 5, "batch": 9150, "batches_per_epoch": 14609, "loss": 0.7857478260993958, "lr": 0.00027928090639318584}
{"epoch": 5, "batch": 9200, "batches_per_epoch": 14609, "loss": 0.7473425269126892, "lr": 0.0002790139333488466}
{"epoch": 5, "batch": 9250, "batches_per_epoch": 14609, "loss": 0.7924811244010925, "lr": 0.00027874692676124166}
{"epoch": 5, "batch": 9300, "batches_per_epoch": 14609, "loss": 0.7521571516990662, "lr": 0.0002784798869390596}
{"epoch": 5, "batch": 9350, "batches_per_epoch": 14609, "loss": 0.7442765235900879, "lr": 0.0002782128141910276}
{"epoch": 5, "batch": 9400, "batches_per_epoch": 14609, "loss": 0.7373141646385193, "lr": 0.0002779457088259108}
{"epoch": 5, "batch": 9450, "batches_per_epoch": 14609, "loss": 0.7665567398071289, "lr": 0.0002776785711525121}
{"checkpoint": "/content/GenAI/task1_llm/member_denisha/checkpoints/gpt_from_scratch_latest.pt", "epoch": 5, "batch": 9500}
{"epoch": 5, "batch": 9500, "batches_per_epoch": 14609, "loss": 0.7070145606994629, "lr": 0.0002774114014796717}
{"epoch": 5, "batch": 9550, "batches_per_epoch": 14609, "loss": 0.7674935460090637, "lr": 0.0002771442001162668}
{"epoch": 5, "batch": 9600, "batches_per_epoch": 14609, "loss": 0.7555584907531738, "lr": 0.0002768769673712114}
{"epoch": 5, "batch": 9650, "batches_per_epoch": 14609, "loss": 0.7500886917114258, "lr": 0.00027660970355345555}
{"epoch": 5, "batch": 9700, "batches_per_epoch": 14609, "loss": 0.7382214069366455, "lr": 0.00027634240897198535}
{"epoch": 5, "batch": 9750, "batches_per_epoch": 14609, "loss": 0.7645564079284668, "lr": 0.00027607508393582235}
{"epoch": 5, "batch": 9800, "batches_per_epoch": 14609, "loss": 0.7696800231933594, "lr": 0.00027580772875402353}
{"epoch": 5, "batch": 9850, "batches_per_epoch": 14609, "loss": 0.7420541644096375, "lr": 0.00027554034373568055}
{"epoch": 5, "batch": 9900, "batches_per_epoch": 14609, "loss": 0.721653401851654, "lr": 0.00027527292918991947}
{"epoch": 5, "batch": 9950, "batches_per_epoch": 14609, "loss": 0.746060848236084, "lr": 0.0002750054854259008}
{"checkpoint": "/content/GenAI/task1_llm/member_denisha/checkpoints/gpt_from_scratch_latest.pt", "epoch": 5, "batch": 10000}
{"epoch": 5, "batch": 10000, "batches_per_epoch": 14609, "loss": 0.7545211911201477, "lr": 0.00027473801275281856}
{"epoch": 5, "batch": 10050, "batches_per_epoch": 14609, "loss": 0.7772656083106995, "lr": 0.00027447051147990034}
{"epoch": 5, "batch": 10100, "batches_per_epoch": 14609, "loss": 0.7359139323234558, "lr": 0.00027420298191640667}
{"epoch": 5, "batch": 10150, "batches_per_epoch": 14609, "loss": 0.7481654286384583, "lr": 0.0002739354243716308}
{"epoch": 5, "batch": 10200, "batches_per_epoch": 14609, "loss": 0.7410649657249451, "lr": 0.00027366783915489857}
{"epoch": 5, "batch": 10250, "batches_per_epoch": 14609, "loss": 0.7611964344978333, "lr": 0.0002734002265755674}
{"epoch": 5, "batch": 10300, "batches_per_epoch": 14609, "loss": 0.763960063457489, "lr": 0.0002731325869430267}
{"epoch": 5, "batch": 10350, "batches_per_epoch": 14609, "loss": 0.7667985558509827, "lr": 0.0002728649205666971}
{"epoch": 5, "batch": 10400, "batches_per_epoch": 14609, "loss": 0.7272896766662598, "lr": 0.00027259722775602993}
{"epoch": 5, "batch": 10450, "batches_per_epoch": 14609, "loss": 0.7521558403968811, "lr": 0.0002723295088205072}
{"checkpoint": "/content/GenAI/task1_llm/member_denisha/checkpoints/gpt_from_scratch_latest.pt", "epoch": 5, "batch": 10500}
{"epoch": 5, "batch": 10500, "batches_per_epoch": 14609, "loss": 0.7101819515228271, "lr": 0.00027206176406964114}
{"epoch": 5, "batch": 10550, "batches_per_epoch": 14609, "loss": 0.72064208984375, "lr": 0.000271793993812974}
{"epoch": 5, "batch": 10600, "batches_per_epoch": 14609, "loss": 0.733592689037323, "lr": 0.00027152619836007724}
{"epoch": 5, "batch": 10650, "batches_per_epoch": 14609, "loss": 0.7477875351905823, "lr": 0.0002712583780205517}
{"epoch": 5, "batch": 10700, "batches_per_epoch": 14609, "loss": 0.763413667678833, "lr": 0.00027099053310402656}
{"epoch": 5, "batch": 10750, "batches_per_epoch": 14609, "loss": 0.7275083661079407, "lr": 0.0002707226639201599}
{"epoch": 5, "batch": 10800, "batches_per_epoch": 14609, "loss": 0.7799692153930664, "lr": 0.00027045477077863763}
{"epoch": 5, "batch": 10850, "batches_per_epoch": 14609, "loss": 0.7039937376976013, "lr": 0.0002701868539891734}
{"epoch": 5, "batch": 10900, "batches_per_epoch": 14609, "loss": 0.7619274258613586, "lr": 0.0002699189138615082}
{"epoch": 5, "batch": 10950, "batches_per_epoch": 14609, "loss": 0.7485549449920654, "lr": 0.00026965095070540987}
{"checkpoint": "/content/GenAI/task1_llm/member_denisha/checkpoints/gpt_from_scratch_latest.pt", "epoch": 5, "batch": 11000}
{"epoch": 5, "batch": 11000, "batches_per_epoch": 14609, "loss": 0.784883975982666, "lr": 0.00026938296483067307}
{"epoch": 5, "batch": 11050, "batches_per_epoch": 14609, "loss": 0.7406898140907288, "lr": 0.0002691149565471188}
{"epoch": 5, "batch": 11100, "batches_per_epoch": 14609, "loss": 0.7598295211791992, "lr": 0.0002688469261645936}
{"epoch": 5, "batch": 11150, "batches_per_epoch": 14609, "loss": 0.7379631996154785, "lr": 0.00026857887399296985}
{"epoch": 5, "batch": 11200, "batches_per_epoch": 14609, "loss": 0.7320286631584167, "lr": 0.000268310800342145}
{"epoch": 5, "batch": 11250, "batches_per_epoch": 14609, "loss": 0.7385492324829102, "lr": 0.00026804270552204147}
{"epoch": 5, "batch": 11300, "batches_per_epoch": 14609, "loss": 0.7707674503326416, "lr": 0.00026777458984260594}
{"epoch": 5, "batch": 11350, "batches_per_epoch": 14609, "loss": 0.7472789883613586, "lr": 0.0002675064536138094}
{"epoch": 5, "batch": 11400, "batches_per_epoch": 14609, "loss": 0.7295405268669128, "lr": 0.0002672382971456467}
{"epoch": 5, "batch": 11450, "batches_per_epoch": 14609, "loss": 0.7702178359031677, "lr": 0.00026697012074813556}
{"checkpoint": "/content/GenAI/task1_llm/member_denisha/checkpoints/gpt_from_scratch_latest.pt", "epoch": 5, "batch": 11500}
{"epoch": 5, "batch": 11500, "batches_per_epoch": 14609, "loss": 0.7604911923408508, "lr": 0.0002667019247313173}
{"epoch": 5, "batch": 11550, "batches_per_epoch": 14609, "loss": 0.6991086602210999, "lr": 0.0002664337094052556}
{"epoch": 5, "batch": 11600, "batches_per_epoch": 14609, "loss": 0.7161185145378113, "lr": 0.0002661654750800367}
{"epoch": 5, "batch": 11650, "batches_per_epoch": 14609, "loss": 0.7019829750061035, "lr": 0.00026589722206576873}
{"epoch": 5, "batch": 11700, "batches_per_epoch": 14609, "loss": 0.738226592540741, "lr": 0.0002656289506725812}
{"epoch": 5, "batch": 11750, "batches_per_epoch": 14609, "loss": 0.7406487464904785, "lr": 0.0002653606612106251}
{"epoch": 5, "batch": 11800, "batches_per_epoch": 14609, "loss": 0.7276053428649902, "lr": 0.0002650923539900723}
{"epoch": 5, "batch": 11850, "batches_per_epoch": 14609, "loss": 0.7532809376716614, "lr": 0.00026482402932111524}
{"epoch": 5, "batch": 11900, "batches_per_epoch": 14609, "loss": 0.6907010078430176, "lr": 0.00026455568751396625}
{"epoch": 5, "batch": 11950, "batches_per_epoch": 14609, "loss": 0.7520919442176819, "lr": 0.0002642873288788579}
{"checkpoint": "/content/GenAI/task1_llm/member_denisha/checkpoints/gpt_from_scratch_latest.pt", "epoch": 5, "batch": 12000}
{"epoch": 5, "batch": 12000, "batches_per_epoch": 14609, "loss": 0.7443559765815735, "lr": 0.00026401895372604186}
{"epoch": 5, "batch": 12050, "batches_per_epoch": 14609, "loss": 0.7526887059211731, "lr": 0.0002637505623657889}
{"epoch": 5, "batch": 12100, "batches_per_epoch": 14609, "loss": 0.7215747833251953, "lr": 0.0002634821551083889}
{"epoch": 5, "batch": 12150, "batches_per_epoch": 14609, "loss": 0.7358468174934387, "lr": 0.00026321373226414975}
{"epoch": 5, "batch": 12200, "batches_per_epoch": 14609, "loss": 0.6996257901191711, "lr": 0.00026294529414339746}
{"epoch": 5, "batch": 12250, "batches_per_epoch": 14609, "loss": 0.7623922228813171, "lr": 0.0002626768410564758}
{"epoch": 5, "batch": 12300, "batches_per_epoch": 14609, "loss": 0.7677819132804871, "lr": 0.00026240837331374575}
{"epoch": 5, "batch": 12350, "batches_per_epoch": 14609, "loss": 0.7558631300926208, "lr": 0.0002621398912255852}
{"epoch": 5, "batch": 12400, "batches_per_epoch": 14609, "loss": 0.7865519523620605, "lr": 0.00026187139510238863}
{"epoch": 5, "batch": 12450, "batches_per_epoch": 14609, "loss": 0.7719998359680176, "lr": 0.00026160288525456686}
{"checkpoint": "/content/GenAI/task1_llm/member_denisha/checkpoints/gpt_from_scratch_latest.pt", "epoch": 5, "batch": 12500}
{"epoch": 5, "batch": 12500, "batches_per_epoch": 14609, "loss": 0.7021291851997375, "lr": 0.0002613343619925466}
{"epoch": 5, "batch": 12550, "batches_per_epoch": 14609, "loss": 0.7441124320030212, "lr": 0.00026106582562676985}
{"epoch": 5, "batch": 12600, "batches_per_epoch": 14609, "loss": 0.7428986430168152, "lr": 0.00026079727646769385}
{"epoch": 5, "batch": 12650, "batches_per_epoch": 14609, "loss": 0.7185298800468445, "lr": 0.0002605287148257908}
{"epoch": 5, "batch": 12700, "batches_per_epoch": 14609, "loss": 0.7045057415962219, "lr": 0.0002602601410115471}
{"epoch": 5, "batch": 12750, "batches_per_epoch": 14609, "loss": 0.7709410786628723, "lr": 0.0002599915553354634}
{"epoch": 5, "batch": 12800, "batches_per_epoch": 14609, "loss": 0.728581428527832, "lr": 0.0002597229581080538}
{"epoch": 5, "batch": 12850, "batches_per_epoch": 14609, "loss": 0.7085022330284119, "lr": 0.00025945434963984616}
{"epoch": 5, "batch": 12900, "batches_per_epoch": 14609, "loss": 0.7257863879203796, "lr": 0.000259185730241381}
{"epoch": 5, "batch": 12950, "batches_per_epoch": 14609, "loss": 0.7604880928993225, "lr": 0.00025891710022321157}
{"checkpoint": "/content/GenAI/task1_llm/member_denisha/checkpoints/gpt_from_scratch_latest.pt", "epoch": 5, "batch": 13000}
{"epoch": 5, "batch": 13000, "batches_per_epoch": 14609, "loss": 0.7242813110351562, "lr": 0.0002586484598959036}
{"epoch": 5, "batch": 13050, "batches_per_epoch": 14609, "loss": 0.7442450523376465, "lr": 0.00025837980957003426}
{"epoch": 5, "batch": 13100, "batches_per_epoch": 14609, "loss": 0.7480528950691223, "lr": 0.0002581111495561928}
{"epoch": 5, "batch": 13150, "batches_per_epoch": 14609, "loss": 0.7359964847564697, "lr": 0.00025784248016497927}
{"epoch": 5, "batch": 13200, "batches_per_epoch": 14609, "loss": 0.7335113883018494, "lr": 0.000257573801707005}
{"epoch": 5, "batch": 13250, "batches_per_epoch": 14609, "loss": 0.7207766175270081, "lr": 0.00025730511449289134}
{"epoch": 5, "batch": 13300, "batches_per_epoch": 14609, "loss": 0.7632270455360413, "lr": 0.0002570364188332699}
{"epoch": 5, "batch": 13350, "batches_per_epoch": 14609, "loss": 0.7502090334892273, "lr": 0.00025676771503878234}
{"epoch": 5, "batch": 13400, "batches_per_epoch": 14609, "loss": 0.7003969550132751, "lr": 0.00025649900342007925}
{"epoch": 5, "batch": 13450, "batches_per_epoch": 14609, "loss": 0.7299726605415344, "lr": 0.0002562302842878208}
{"checkpoint": "/content/GenAI/task1_llm/member_denisha/checkpoints/gpt_from_scratch_latest.pt", "epoch": 5, "batch": 13500}
{"epoch": 5, "batch": 13500, "batches_per_epoch": 14609, "loss": 0.7582297325134277, "lr": 0.00025596155795267535}
{"epoch": 5, "batch": 13550, "batches_per_epoch": 14609, "loss": 0.723996639251709, "lr": 0.0002556928247253198}
{"epoch": 5, "batch": 13600, "batches_per_epoch": 14609, "loss": 0.7401077151298523, "lr": 0.00025542408491643914}
{"epoch": 5, "batch": 13650, "batches_per_epoch": 14609, "loss": 0.7808331847190857, "lr": 0.0002551553388367257}
{"epoch": 5, "batch": 13700, "batches_per_epoch": 14609, "loss": 0.7996113896369934, "lr": 0.00025488658679687944}
{"epoch": 5, "batch": 13750, "batches_per_epoch": 14609, "loss": 0.7449079155921936, "lr": 0.00025461782910760674}
{"epoch": 5, "batch": 13800, "batches_per_epoch": 14609, "loss": 0.7172393798828125, "lr": 0.0002543490660796208}
{"epoch": 5, "batch": 13850, "batches_per_epoch": 14609, "loss": 0.7170822620391846, "lr": 0.00025408029802364104}
{"epoch": 5, "batch": 13900, "batches_per_epoch": 14609, "loss": 0.7479254603385925, "lr": 0.0002538115252503925}
{"epoch": 5, "batch": 13950, "batches_per_epoch": 14609, "loss": 0.7307219505310059, "lr": 0.00025354274807060583}
{"checkpoint": "/content/GenAI/task1_llm/member_denisha/checkpoints/gpt_from_scratch_latest.pt", "epoch": 5, "batch": 14000}
{"epoch": 5, "batch": 14000, "batches_per_epoch": 14609, "loss": 0.7393565773963928, "lr": 0.0002532739667950167}
{"epoch": 5, "batch": 14050, "batches_per_epoch": 14609, "loss": 0.7260875701904297, "lr": 0.00025300518173436545}
{"epoch": 5, "batch": 14100, "batches_per_epoch": 14609, "loss": 0.7455771565437317, "lr": 0.00025273639319939697}
{"epoch": 5, "batch": 14150, "batches_per_epoch": 14609, "loss": 0.726482629776001, "lr": 0.00025246760150086}
{"epoch": 5, "batch": 14200, "batches_per_epoch": 14609, "loss": 0.7586337924003601, "lr": 0.0002521988069495071}
{"epoch": 5, "batch": 14250, "batches_per_epoch": 14609, "loss": 0.7681856751441956, "lr": 0.000251930009856094}
{"epoch": 5, "batch": 14300, "batches_per_epoch": 14609, "loss": 0.7746903300285339, "lr": 0.00025166121053137925}
{"epoch": 5, "batch": 14350, "batches_per_epoch": 14609, "loss": 0.7192112803459167, "lr": 0.0002513924092861244}
{"epoch": 5, "batch": 14400, "batches_per_epoch": 14609, "loss": 0.7702311873435974, "lr": 0.00025112360643109275}
{"epoch": 5, "batch": 14450, "batches_per_epoch": 14609, "loss": 0.7666866183280945, "lr": 0.00025085480227704976}
{"checkpoint": "/content/GenAI/task1_llm/member_denisha/checkpoints/gpt_from_scratch_latest.pt", "epoch": 5, "batch": 14500}
{"epoch": 5, "batch": 14500, "batches_per_epoch": 14609, "loss": 0.7173616290092468, "lr": 0.0002505859971347623}
{"epoch": 5, "batch": 14550, "batches_per_epoch": 14609, "loss": 0.727037250995636, "lr": 0.0002503171913149983}
{"epoch": 5, "batch": 14600, "batches_per_epoch": 14609, "loss": 0.7381914258003235, "lr": 0.0002500483851285266}
{"epoch": 5, "train_loss": 0.7470860158208215, "val_loss": 0.7076495245916182, "val_accuracy": 0.7746414773377385, "grad_norm": 0.22815001010894775, "lr": 0.00025}
{"epoch": 6, "batch": 50, "batches_per_epoch": 14609, "loss": 0.7227177023887634, "lr": 0.00024973119378052467}
{"epoch": 6, "batch": 100, "batches_per_epoch": 14609, "loss": 0.7377265095710754, "lr": 0.00024946238787181853}
{"epoch": 6, "batch": 150, "batches_per_epoch": 14609, "loss": 0.7019248008728027, "lr": 0.0002491935825846506}
{"epoch": 6, "batch": 200, "batches_per_epoch": 14609, "loss": 0.712672233581543, "lr": 0.0002489247782297889}
{"epoch": 6, "batch": 250, "batches_per_epoch": 14609, "loss": 0.7269423604011536, "lr": 0.00024865597511800075}
{"epoch": 6, "batch": 300, "batches_per_epoch": 14609, "loss": 0.7147080302238464, "lr": 0.00024838717356005156}
{"epoch": 6, "batch": 350, "batches_per_epoch": 14609, "loss": 0.7642712593078613, "lr": 0.00024811837386670547}
{"epoch": 6, "batch": 400, "batches_per_epoch": 14609, "loss": 0.7719619274139404, "lr": 0.000247849576348724}
{"epoch": 6, "batch": 450, "batches_per_epoch": 14609, "loss": 0.7106974124908447, "lr": 0.0002475807813168663}
{"checkpoint": "/content/GenAI/task1_llm/member_denisha/checkpoints/gpt_from_scratch_latest.pt", "epoch": 6, "batch": 500}
{"epoch": 6, "batch": 500, "batches_per_epoch": 14609, "loss": 0.7321214079856873, "lr": 0.0002473119890818888}
{"epoch": 6, "batch": 550, "batches_per_epoch": 14609, "loss": 0.7666986584663391, "lr": 0.00024704319995454463}
{"epoch": 6, "batch": 600, "batches_per_epoch": 14609, "loss": 0.6942133903503418, "lr": 0.0002467744142455833}
{"epoch": 6, "batch": 650, "batches_per_epoch": 14609, "loss": 0.7775101661682129, "lr": 0.00024650563226575017}
{"epoch": 6, "batch": 700, "batches_per_epoch": 14609, "loss": 0.7246673703193665, "lr": 0.0002462368543257866}
{"epoch": 6, "batch": 750, "batches_per_epoch": 14609, "loss": 0.7651553153991699, "lr": 0.0002459680807364291}
{"epoch": 6, "batch": 800, "batches_per_epoch": 14609, "loss": 0.7255221009254456, "lr": 0.00024569931180840927}
{"epoch": 6, "batch": 850, "batches_per_epoch": 14609, "loss": 0.7032220959663391, "lr": 0.0002454305478524533}
{"epoch": 6, "batch": 900, "batches_per_epoch": 14609, "loss": 0.7484539151191711, "lr": 0.00024516178917928137}
{"epoch": 6, "batch": 950, "batches_per_epoch": 14609, "loss": 0.7579026222229004, "lr": 0.0002448930360996079}
{"checkpoint": "/content/GenAI/task1_llm/member_denisha/checkpoints/gpt_from_scratch_latest.pt", "epoch": 6, "batch": 1000}
{"epoch": 6, "batch": 1000, "batches_per_epoch": 14609, "loss": 0.7321553230285645, "lr": 0.0002446242889241408}
{"epoch": 6, "batch": 1050, "batches_per_epoch": 14609, "loss": 0.7328270077705383, "lr": 0.00024435554796358084}
{"epoch": 6, "batch": 1100, "batches_per_epoch": 14609, "loss": 0.7467347979545593, "lr": 0.00024408681352862212}
{"epoch": 6, "batch": 1150, "batches_per_epoch": 14609, "loss": 0.7410538792610168, "lr": 0.0002438180859299506}
{"epoch": 6, "batch": 1200, "batches_per_epoch": 14609, "loss": 0.7374390959739685, "lr": 0.00024354936547824489}
{"epoch": 6, "batch": 1250, "batches_per_epoch": 14609, "loss": 0.7880050539970398, "lr": 0.0002432806524841749}
{"epoch": 6, "batch": 1300, "batches_per_epoch": 14609, "loss": 0.7680276036262512, "lr": 0.00024301194725840218}
{"epoch": 6, "batch": 1350, "batches_per_epoch": 14609, "loss": 0.7188299298286438, "lr": 0.00024274325011157933}
{"epoch": 6, "batch": 1400, "batches_per_epoch": 14609, "loss": 0.7241137027740479, "lr": 0.0002424745613543493}
{"epoch": 6, "batch": 1450, "batches_per_epoch": 14609, "loss": 0.7433838844299316, "lr": 0.00024220588129734576}
{"checkpoint": "/content/GenAI/task1_llm/member_denisha/checkpoints/gpt_from_scratch_latest.pt", "epoch": 6, "batch": 1500}
{"epoch": 6, "batch": 1500, "batches_per_epoch": 14609, "loss": 0.7028577923774719, "lr": 0.00024193721025119193}
{"epoch": 6, "batch": 1550, "batches_per_epoch": 14609, "loss": 0.7237849831581116, "lr": 0.00024166854852650084}
{"epoch": 6, "batch": 1600, "batches_per_epoch": 14609, "loss": 0.7471203804016113, "lr": 0.00024139989643387477}
{"epoch": 6, "batch": 1650, "batches_per_epoch": 14609, "loss": 0.7210137844085693, "lr": 0.00024113125428390476}
{"epoch": 6, "batch": 1700, "batches_per_epoch": 14609, "loss": 0.715125560760498, "lr": 0.00024086262238717034}
{"epoch": 6, "batch": 1750, "batches_per_epoch": 14609, "loss": 0.728825569152832, "lr": 0.00024059400105423917}
{"epoch": 6, "batch": 1800, "batches_per_epoch": 14609, "loss": 0.7370157241821289, "lr": 0.0002403253905956669}
{"epoch": 6, "batch": 1850, "batches_per_epoch": 14609, "loss": 0.7570092082023621, "lr": 0.0002400567913219964}
{"epoch": 6, "batch": 1900, "batches_per_epoch": 14609, "loss": 0.7120488286018372, "lr": 0.00023978820354375767}
{"epoch": 6, "batch": 1950, "batches_per_epoch": 14609, "loss": 0.7663106918334961, "lr": 0.00023951962757146744}
{"checkpoint": "/content/GenAI/task1_llm/member_denisha/checkpoints/gpt_from_scratch_latest.pt", "epoch": 6, "batch": 2000}
{"epoch": 6, "batch": 2000, "batches_per_epoch": 14609, "loss": 0.7524392604827881, "lr": 0.00023925106371562872}
{"epoch": 6, "batch": 2050, "batches_per_epoch": 14609, "loss": 0.775417149066925, "lr": 0.00023898251228673064}
{"epoch": 6, "batch": 2100, "batches_per_epoch": 14609, "loss": 0.7556769251823425, "lr": 0.00023871397359524776}
{"epoch": 6, "batch": 2150, "batches_per_epoch": 14609, "loss": 0.7663957476615906, "lr": 0.00023844544795164024}
{"epoch": 6, "batch": 2200, "batches_per_epoch": 14609, "loss": 0.7488181591033936, "lr": 0.00023817693566635287}
{"epoch": 6, "batch": 2250, "batches_per_epoch": 14609, "loss": 0.7232677340507507, "lr": 0.00023790843704981499}
{"epoch": 6, "batch": 2300, "batches_per_epoch": 14609, "loss": 0.7930834889411926, "lr": 0.00023763995241244038}
{"epoch": 6, "batch": 2350, "batches_per_epoch": 14609, "loss": 0.7577269673347473, "lr": 0.0002373714820646264}
{"epoch": 6, "batch": 2400, "batches_per_epoch": 14609, "loss": 0.7472131848335266, "lr": 0.0002371030263167541}
{"epoch": 6, "batch": 2450, "batches_per_epoch": 14609, "loss": 0.7226743698120117, "lr": 0.0002368345854791875}
{"checkpoint": "/content/GenAI/task1_llm/member_denisha/checkpoints/gpt_from_scratch_latest.pt", "epoch": 6, "batch": 2500}
{"epoch": 6, "batch": 2500, "batches_per_epoch": 14609, "loss": 0.7474484443664551, "lr": 0.00023656615986227336}
{"epoch": 6, "batch": 2550, "batches_per_epoch": 14609, "loss": 0.7602655291557312, "lr": 0.00023629774977634106}
{"epoch": 6, "batch": 2600, "batches_per_epoch": 14609, "loss": 0.7311380505561829, "lr": 0.00023602935553170178}
{"epoch": 6, "batch": 2650, "batches_per_epoch": 14609, "loss": 0.7553966641426086, "lr": 0.00023576097743864853}
{"epoch": 6, "batch": 2700, "batches_per_epoch": 14609, "loss": 0.7281678318977356, "lr": 0.00023549261580745563}
{"epoch": 6, "batch": 2750, "batches_per_epoch": 14609, "loss": 0.7305582165718079, "lr": 0.00023522427094837823}
{"epoch": 6, "batch": 2800, "batches_per_epoch": 14609, "loss": 0.7183700203895569, "lr": 0.00023495594317165234}
{"epoch": 6, "batch": 2850, "batches_per_epoch": 14609, "loss": 0.7490555644035339, "lr": 0.00023468763278749398}
{"epoch": 6, "batch": 2900, "batches_per_epoch": 14609, "loss": 0.7386851906776428, "lr": 0.00023441934010609924}
{"epoch": 6, "batch": 2950, "batches_per_epoch": 14609, "loss": 0.7434207797050476, "lr": 0.00023415106543764365}
{"checkpoint": "/content/GenAI/task1_llm/member_denisha/checkpoints/gpt_from_scratch_latest.pt", "epoch": 6, "batch": 3000}
{"epoch": 6, "batch": 3000, "batches_per_epoch": 14609, "loss": 0.7118310928344727, "lr": 0.00023388280909228187}
{"epoch": 6, "batch": 3050, "batches_per_epoch": 14609, "loss": 0.7517114281654358, "lr": 0.00023361457138014756}
{"epoch": 6, "batch": 3100, "batches_per_epoch": 14609, "loss": 0.714556872844696, "lr": 0.0002333463526113526}
{"epoch": 6, "batch": 3150, "batches_per_epoch": 14609, "loss": 0.7595841288566589, "lr": 0.00023307815309598717}
{"epoch": 6, "batch": 3200, "batches_per_epoch": 14609, "loss": 0.7334342002868652, "lr": 0.00023280997314411908}
{"epoch": 6, "batch": 3250, "batches_per_epoch": 14609, "loss": 0.7489779591560364, "lr": 0.00023254181306579352}
{"epoch": 6, "batch": 3300, "batches_per_epoch": 14609, "loss": 0.7748749852180481, "lr": 0.00023227367317103282}
{"epoch": 6, "batch": 3350, "batches_per_epoch": 14609, "loss": 0.7549421191215515, "lr": 0.00023200555376983579}
{"epoch": 6, "batch": 3400, "batches_per_epoch": 14609, "loss": 0.7382149696350098, "lr": 0.00023173745517217773}
{"epoch": 6, "batch": 3450, "batches_per_epoch": 14609, "loss": 0.719283401966095, "lr": 0.00023146937768800976}
{"checkpoint": "/content/GenAI/task1_llm/member_denisha/checkpoints/gpt_from_scratch_latest.pt", "epoch": 6, "batch": 3500}
{"epoch": 6, "batch": 3500, "batches_per_epoch": 14609, "loss": 0.7416331171989441, "lr": 0.00023120132162725862}
{"epoch": 6, "batch": 3550, "batches_per_epoch": 14609, "loss": 0.718041181564331, "lr": 0.0002309332872998264}
{"epoch": 6, "batch": 3600, "batches_per_epoch": 14609, "loss": 0.7525296807289124, "lr": 0.00023066527501558982}
{"epoch": 6, "batch": 3650, "batches_per_epoch": 14609, "loss": 0.7368850708007812, "lr": 0.00023039728508440042}
{"epoch": 6, "batch": 3700, "batches_per_epoch": 14609, "loss": 0.7314876914024353, "lr": 0.00023012931781608362}
{"epoch": 6, "batch": 3750, "batches_per_epoch": 14609, "loss": 0.7320334315299988, "lr": 0.00022986137352043874}
{"epoch": 6, "batch": 3800, "batches_per_epoch": 14609, "loss": 0.7488773465156555, "lr": 0.00022959345250723868}
{"epoch": 6, "batch": 3850, "batches_per_epoch": 14609, "loss": 0.7191205024719238, "lr": 0.00022932555508622916}
{"epoch": 6, "batch": 3900, "batches_per_epoch": 14609, "loss": 0.7463379502296448, "lr": 0.0002290576815671289}
{"epoch": 6, "batch": 3950, "batches_per_epoch": 14609, "loss": 0.7481604218482971, "lr": 0.00022878983225962878}
{"checkpoint": "/content/GenAI/task1_llm/member_denisha/checkpoints/gpt_from_scratch_latest.pt", "epoch": 6, "batch": 4000}
{"epoch": 6, "batch": 4000, "batches_per_epoch": 14609, "loss": 0.7265650629997253, "lr": 0.0002285220074733917}
{"epoch": 6, "batch": 4050, "batches_per_epoch": 14609, "loss": 0.7697045207023621, "lr": 0.00022825420751805236}
{"epoch": 6, "batch": 4100, "batches_per_epoch": 14609, "loss": 0.7345653176307678, "lr": 0.00022798643270321664}
{"epoch": 6, "batch": 4150, "batches_per_epoch": 14609, "loss": 0.747780978679657, "lr": 0.00022771868333846144}
{"epoch": 6, "batch": 4200, "batches_per_epoch": 14609, "loss": 0.7134615778923035, "lr": 0.000227450959733334}
{"epoch": 6, "batch": 4250, "batches_per_epoch": 14609, "loss": 0.7073020935058594, "lr": 0.0002271832621973522}
{"epoch": 6, "batch": 4300, "batches_per_epoch": 14609, "loss": 0.7029680609703064, "lr": 0.00022691559104000338}
{"epoch": 6, "batch": 4350, "batches_per_epoch": 14609, "loss": 0.7308281064033508, "lr": 0.0002266479465707445}
{"epoch": 6, "batch": 4400, "batches_per_epoch": 14609, "loss": 0.7673866152763367, "lr": 0.00022638032909900183}
{"epoch": 6, "batch": 4450, "batches_per_epoch": 14609, "loss": 0.7312156558036804, "lr": 0.0002261127389341702}
{"checkpoint": "/content/GenAI/task1_llm/member_denisha/checkpoints/gpt_from_scratch_latest.pt", "epoch": 6, "batch": 4500}
{"epoch": 6, "batch": 4500, "batches_per_epoch": 14609, "loss": 0.7462666630744934, "lr": 0.00022584517638561314}
{"epoch": 6, "batch": 4550, "batches_per_epoch": 14609, "loss": 0.7650497555732727, "lr": 0.00022557764176266184}
{"epoch": 6, "batch": 4600, "batches_per_epoch": 14609, "loss": 0.7286837697029114, "lr": 0.0002253101353746156}
{"epoch": 6, "batch": 4650, "batches_per_epoch": 14609, "loss": 0.7167394757270813, "lr": 0.00022504265753074093}
{"epoch": 6, "batch": 4700, "batches_per_epoch": 14609, "loss": 0.7463583946228027, "lr": 0.0002247752085402713}
{"epoch": 6, "batch": 4750, "batches_per_epoch": 14609, "loss": 0.722396194934845, "lr": 0.00022450778871240695}
{"epoch": 6, "batch": 4800, "batches_per_epoch": 14609, "loss": 0.741744339466095, "lr": 0.00022424039835631417}
{"epoch": 6, "batch": 4850, "batches_per_epoch": 14609, "loss": 0.7189405560493469, "lr": 0.00022397303778112535}
{"epoch": 6, "batch": 4900, "batches_per_epoch": 14609, "loss": 0.7389847636222839, "lr": 0.00022370570729593855}
{"epoch": 6, "batch": 4950, "batches_per_epoch": 14609, "loss": 0.7411128878593445, "lr": 0.0002234384072098168}
{"checkpoint": "/content/GenAI/task1_llm/member_denisha/checkpoints/gpt_from_scratch_latest.pt", "epoch": 6, "batch": 5000}
{"epoch": 6, "batch": 5000, "batches_per_epoch": 14609, "loss": 0.7299814224243164, "lr": 0.0002231711378317882}
{"epoch": 6, "batch": 5050, "batches_per_epoch": 14609, "loss": 0.7326807975769043, "lr": 0.00022290389947084507}
{"epoch": 6, "batch": 5100, "batches_per_epoch": 14609, "loss": 0.7384584546089172, "lr": 0.0002226366924359442}
{"epoch": 6, "batch": 5150, "batches_per_epoch": 14609, "loss": 0.7323467135429382, "lr": 0.00022236951703600603}
{"epoch": 6, "batch": 5200, "batches_per_epoch": 14609, "loss": 0.7009859085083008, "lr": 0.00022210237357991427}
{"epoch": 6, "batch": 5250, "batches_per_epoch": 14609, "loss": 0.7462559342384338, "lr": 0.00022183526237651608}
{"epoch": 6, "batch": 5300, "batches_per_epoch": 14609, "loss": 0.7599239349365234, "lr": 0.00022156818373462078}
{"epoch": 6, "batch": 5350, "batches_per_epoch": 14609, "loss": 0.7245402932167053, "lr": 0.00022130113796300062}
{"epoch": 6, "batch": 5400, "batches_per_epoch": 14609, "loss": 0.7456183433532715, "lr": 0.00022103412537038942}
{"epoch": 6, "batch": 5450, "batches_per_epoch": 14609, "loss": 0.7523671984672546, "lr": 0.00022076714626548285}
{"checkpoint": "/content/GenAI/task1_llm/member_denisha/checkpoints/gpt_from_scratch_latest.pt", "epoch": 6, "batch": 5500}
{"epoch": 6, "batch": 5500, "batches_per_epoch": 14609, "loss": 0.7141903042793274, "lr": 0.0002205002009569379}
{"epoch": 6, "batch": 5550, "batches_per_epoch": 14609, "loss": 0.750145435333252, "lr": 0.00022023328975337235}
{"epoch": 6, "batch": 5600, "batches_per_epoch": 14609, "loss": 0.7193086743354797, "lr": 0.00021996641296336464}
{"epoch": 6, "batch": 5650, "batches_per_epoch": 14609, "loss": 0.7508249282836914, "lr": 0.0002196995708954533}
{"epoch": 6, "batch": 5700, "batches_per_epoch": 14609, "loss": 0.7291283011436462, "lr": 0.00021943276385813688}
{"epoch": 6, "batch": 5750, "batches_per_epoch": 14609, "loss": 0.7090482711791992, "lr": 0.0002191659921598734}
{"epoch": 6, "batch": 5800, "batches_per_epoch": 14609, "loss": 0.7654981017112732, "lr": 0.00021889925610907995}
{"epoch": 6, "batch": 5850, "batches_per_epoch": 14609, "loss": 0.7224216461181641, "lr": 0.00021863255601413246}
{"epoch": 6, "batch": 5900, "batches_per_epoch": 14609, "loss": 0.7395400404930115, "lr": 0.0002183658921833652}
{"epoch": 6, "batch": 5950, "batches_per_epoch": 14609, "loss": 0.7078182101249695, "lr": 0.00021809926492507065}
{"checkpoint": "/content/GenAI/task1_llm/member_denisha/checkpoints/gpt_from_scratch_latest.pt", "epoch": 6, "batch": 6000}
{"epoch": 6, "batch": 6000, "batches_per_epoch": 14609, "loss": 0.7158482670783997, "lr": 0.000217832674547499}
{"epoch": 6, "batch": 6050, "batches_per_epoch": 14609, "loss": 0.7470834255218506, "lr": 0.00021756612135885773}
{"epoch": 6, "batch": 6100, "batches_per_epoch": 14609, "loss": 0.7210192680358887, "lr": 0.00021729960566731126}
{"epoch": 6, "batch": 6150, "batches_per_epoch": 14609, "loss": 0.6861545443534851, "lr": 0.0002170331277809808}
{"epoch": 6, "batch": 6200, "batches_per_epoch": 14609, "loss": 0.7462167739868164, "lr": 0.00021676668800794385}
{"epoch": 6, "batch": 6250, "batches_per_epoch": 14609, "loss": 0.7284113764762878, "lr": 0.00021650028665623367}
{"epoch": 6, "batch": 6300, "batches_per_epoch": 14609, "loss": 0.7435820698738098, "lr": 0.00021623392403383938}
{"epoch": 6, "batch": 6350, "batches_per_epoch": 14609, "loss": 0.7192999720573425, "lr": 0.00021596760044870507}
{"epoch": 6, "batch": 6400, "batches_per_epoch": 14609, "loss": 0.6811688542366028, "lr": 0.0002157013162087298}
{"epoch": 6, "batch": 6450, "batches_per_epoch": 14609, "loss": 0.7105630040168762, "lr": 0.00021543507162176718}
{"checkpoint": "/content/GenAI/task1_llm/member_denisha/checkpoints/gpt_from_scratch_latest.pt", "epoch": 6, "batch": 6500}
{"epoch": 6, "batch": 6500, "batches_per_epoch": 14609, "loss": 0.7527545094490051, "lr": 0.00021516886699562488}
{"epoch": 6, "batch": 6550, "batches_per_epoch": 14609, "loss": 0.7180034518241882, "lr": 0.00021490270263806456}
{"epoch": 6, "batch": 6600, "batches_per_epoch": 14609, "loss": 0.7116773724555969, "lr": 0.0002146365788568011}
{"epoch": 6, "batch": 6650, "batches_per_epoch": 14609, "loss": 0.7451844215393066, "lr": 0.0002143704959595025}
{"epoch": 6, "batch": 6700, "batches_per_epoch": 14609, "loss": 0.7613087296485901, "lr": 0.0002141044542537897}
{"epoch": 6, "batch": 6750, "batches_per_epoch": 14609, "loss": 0.7471111416816711, "lr": 0.00021383845404723576}
{"epoch": 6, "batch": 6800, "batches_per_epoch": 14609, "loss": 0.7587531208992004, "lr": 0.00021357249564736599}
{"epoch": 6, "batch": 6850, "batches_per_epoch": 14609, "loss": 0.7676531672477722, "lr": 0.00021330657936165717}
{"epoch": 6, "batch": 6900, "batches_per_epoch": 14609, "loss": 0.769473135471344, "lr": 0.00021304070549753746}
{"epoch": 6, "batch": 6950, "batches_per_epoch": 14609, "loss": 0.7254295349121094, "lr": 0.0002127748743623861}
{"checkpoint": "/content/GenAI/task1_llm/member_denisha/checkpoints/gpt_from_scratch_latest.pt", "epoch": 6, "batch": 7000}
{"epoch": 6, "batch": 7000, "batches_per_epoch": 14609, "loss": 0.7574386596679688, "lr": 0.0002125090862635327}
{"epoch": 6, "batch": 7050, "batches_per_epoch": 14609, "loss": 0.6819437146186829, "lr": 0.00021224334150825734}
{"epoch": 6, "batch": 7100, "batches_per_epoch": 14609, "loss": 0.7318594455718994, "lr": 0.00021197764040378986}
{"epoch": 6, "batch": 7150, "batches_per_epoch": 14609, "loss": 0.6896553039550781, "lr": 0.0002117119832573096}
{"epoch": 6, "batch": 7200, "batches_per_epoch": 14609, "loss": 0.7394315600395203, "lr": 0.00021144637037594523}
{"epoch": 6, "batch": 7250, "batches_per_epoch": 14609, "loss": 0.7451717853546143, "lr": 0.00021118080206677408}
{"epoch": 6, "batch": 7300, "batches_per_epoch": 14609, "loss": 0.7305578589439392, "lr": 0.0002109152786368221}
{"epoch": 6, "batch": 7350, "batches_per_epoch": 14609, "loss": 0.787752628326416, "lr": 0.0002106498003930633}
{"epoch": 6, "batch": 7400, "batches_per_epoch": 14609, "loss": 0.7273283004760742, "lr": 0.0002103843676424193}
{"epoch": 6, "batch": 7450, "batches_per_epoch": 14609, "loss": 0.7440456748008728, "lr": 0.00021011898069175943}
{"checkpoint": "/content/GenAI/task1_llm/member_denisha/checkpoints/gpt_from_scratch_latest.pt", "epoch": 6, "batch": 7500}
{"epoch": 6, "batch": 7500, "batches_per_epoch": 14609, "loss": 0.7051199078559875, "lr": 0.00020985363984789976}
{"epoch": 6, "batch": 7550, "batches_per_epoch": 14609, "loss": 0.693278968334198, "lr": 0.0002095883454176033}
{"epoch": 6, "batch": 7600, "batches_per_epoch": 14609, "loss": 0.7398763298988342, "lr": 0.00020932309770757923}
{"epoch": 6, "batch": 7650, "batches_per_epoch": 14609, "loss": 0.7408660054206848, "lr": 0.00020905789702448276}
{"epoch": 6, "batch": 7700, "batches_per_epoch": 14609, "loss": 0.7779455184936523, "lr": 0.0002087927436749148}
{"epoch": 6, "batch": 7750, "batches_per_epoch": 14609, "loss": 0.6868645548820496, "lr": 0.00020852763796542145}
{"epoch": 6, "batch": 7800, "batches_per_epoch": 14609, "loss": 0.7513747215270996, "lr": 0.00020826258020249384}
{"epoch": 6, "batch": 7850, "batches_per_epoch": 14609, "loss": 0.7387784123420715, "lr": 0.00020799757069256758}
{"epoch": 6, "batch": 7900, "batches_per_epoch": 14609, "loss": 0.739631175994873, "lr": 0.00020773260974202244}
{"epoch": 6, "batch": 7950, "batches_per_epoch": 14609, "loss": 0.7275869846343994, "lr": 0.00020746769765718224}
{"checkpoint": "/content/GenAI/task1_llm/member_denisha/checkpoints/gpt_from_scratch_latest.pt", "epoch": 6, "batch": 8000}
{"epoch": 6, "batch": 8000, "batches_per_epoch": 14609, "loss": 0.7269394397735596, "lr": 0.00020720283474431406}
{"epoch": 6, "batch": 8050, "batches_per_epoch": 14609, "loss": 0.7669222950935364, "lr": 0.00020693802130962842}
{"epoch": 6, "batch": 8100, "batches_per_epoch": 14609, "loss": 0.6996620297431946, "lr": 0.00020667325765927834}
{"epoch": 6, "batch": 8150, "batches_per_epoch": 14609, "loss": 0.7437008023262024, "lr": 0.0002064085440993595}
{"epoch": 6, "batch": 8200, "batches_per_epoch": 14609, "loss": 0.7040699124336243, "lr": 0.0002061438809359096}
{"epoch": 6, "batch": 8250, "batches_per_epoch": 14609, "loss": 0.7447476983070374, "lr": 0.000205879268474908}
{"epoch": 6, "batch": 8300, "batches_per_epoch": 14609, "loss": 0.7738259434700012, "lr": 0.00020561470702227562}
{"epoch": 6, "batch": 8350, "batches_per_epoch": 14609, "loss": 0.7493264675140381, "lr": 0.0002053501968838742}
{"epoch": 6, "batch": 8400, "batches_per_epoch": 14609, "loss": 0.7431201934814453, "lr": 0.00020508573836550633}
{"epoch": 6, "batch": 8450, "batches_per_epoch": 14609, "loss": 0.7472522258758545, "lr": 0.00020482133177291486}
{"checkpoint": "/content/GenAI/task1_llm/member_denisha/checkpoints/gpt_from_scratch_latest.pt", "epoch": 6, "batch": 8500}
{"epoch": 6, "batch": 8500, "batches_per_epoch": 14609, "loss": 0.714102029800415, "lr": 0.00020455697741178248}
{"epoch": 6, "batch": 8550, "batches_per_epoch": 14609, "loss": 0.6960598826408386, "lr": 0.00020429267558773177}
{"epoch": 6, "batch": 8600, "batches_per_epoch": 14609, "loss": 0.7002967000007629, "lr": 0.00020402842660632425}
{"epoch": 6, "batch": 8650, "batches_per_epoch": 14609, "loss": 0.7083859443664551, "lr": 0.00020376423077306076}
{"epoch": 6, "batch": 8700, "batches_per_epoch": 14609, "loss": 0.7464699745178223, "lr": 0.00020350008839338014}
{"epoch": 6, "batch": 8750, "batches_per_epoch": 14609, "loss": 0.7505510449409485, "lr": 0.00020323599977265988}
{"epoch": 6, "batch": 8800, "batches_per_epoch": 14609, "loss": 0.6981835961341858, "lr": 0.00020297196521621528}
{"epoch": 6, "batch": 8850, "batches_per_epoch": 14609, "loss": 0.7202498316764832, "lr": 0.00020270798502929885}
{"epoch": 6, "batch": 8900, "batches_per_epoch": 14609, "loss": 0.7367671132087708, "lr": 0.00020244405951710061}
{"epoch": 6, "batch": 8950, "batches_per_epoch": 14609, "loss": 0.7202419638633728, "lr": 0.000202180188984747}
{"checkpoint": "/content/GenAI/task1_llm/member_denisha/checkpoints/gpt_from_scratch_latest.pt", "epoch": 6, "batch": 9000}
{"epoch": 6, "batch": 9000, "batches_per_epoch": 14609, "loss": 0.7562475204467773, "lr": 0.00020191637373730115}
{"epoch": 6, "batch": 9050, "batches_per_epoch": 14609, "loss": 0.7475175261497498, "lr": 0.00020165261407976233}
{"epoch": 6, "batch": 9100, "batches_per_epoch": 14609, "loss": 0.7227098345756531, "lr": 0.0002013889103170652}
{"epoch": 6, "batch": 9150, "batches_per_epoch": 14609, "loss": 0.7478899955749512, "lr": 0.0002011252627540803}
{"epoch": 6, "batch": 9200, "batches_per_epoch": 14609, "loss": 0.7067157626152039, "lr": 0.00020086167169561264}
{"epoch": 6, "batch": 9250, "batches_per_epoch": 14609, "loss": 0.7691928744316101, "lr": 0.0002005981374464023}
{"epoch": 6, "batch": 9300, "batches_per_epoch": 14609, "loss": 0.681268036365509, "lr": 0.0002003346603111236}
{"epoch": 6, "batch": 9350, "batches_per_epoch": 14609, "loss": 0.6834163665771484, "lr": 0.0002000712405943847}
{"epoch": 6, "batch": 9400, "batches_per_epoch": 14609, "loss": 0.6943440437316895, "lr": 0.00019980787860072766}
{"epoch": 6, "batch": 9450, "batches_per_epoch": 14609, "loss": 0.7093382477760315, "lr": 0.00019954457463462736}
{"checkpoint": "/content/GenAI/task1_llm/member_denisha/checkpoints/gpt_from_scratch_latest.pt", "epoch": 6, "batch": 9500}
{"epoch": 6, "batch": 9500, "batches_per_epoch": 14609, "loss": 0.7487184405326843, "lr": 0.00019928132900049204}
{"epoch": 6, "batch": 9550, "batches_per_epoch": 14609, "loss": 0.7195650935173035, "lr": 0.00019901814200266215}
{"epoch": 6, "batch": 9600, "batches_per_epoch": 14609, "loss": 0.7731115221977234, "lr": 0.00019875501394541067}
{"epoch": 6, "batch": 9650, "batches_per_epoch": 14609, "loss": 0.7766728401184082, "lr": 0.00019849194513294225}
{"epoch": 6, "batch": 9700, "batches_per_epoch": 14609, "loss": 0.7704234719276428, "lr": 0.00019822893586939305}
{"epoch": 6, "batch": 9750, "batches_per_epoch": 14609, "loss": 0.6930751800537109, "lr": 0.00019796598645883043}
{"epoch": 6, "batch": 9800, "batches_per_epoch": 14609, "loss": 0.7049348950386047, "lr": 0.00019770309720525245}
{"epoch": 6, "batch": 9850, "batches_per_epoch": 14609, "loss": 0.7218804359436035, "lr": 0.0001974402684125878}
{"epoch": 6, "batch": 9900, "batches_per_epoch": 14609, "loss": 0.7256006598472595, "lr": 0.0001971775003846952}
{"epoch": 6, "batch": 9950, "batches_per_epoch": 14609, "loss": 0.7587350010871887, "lr": 0.00019691479342536305}
{"checkpoint": "/content/GenAI/task1_llm/member_denisha/checkpoints/gpt_from_scratch_latest.pt", "epoch": 6, "batch": 10000}
{"epoch": 6, "batch": 10000, "batches_per_epoch": 14609, "loss": 0.7390522956848145, "lr": 0.00019665214783830924}
{"epoch": 6, "batch": 10050, "batches_per_epoch": 14609, "loss": 0.7131566405296326, "lr": 0.00019638956392718053}
{"epoch": 6, "batch": 10100, "batches_per_epoch": 14609, "loss": 0.7206780314445496, "lr": 0.0001961270419955526}
{"epoch": 6, "batch": 10150, "batches_per_epoch": 14609, "loss": 0.732526957988739, "lr": 0.0001958645823469295}
{"epoch": 6, "batch": 10200, "batches_per_epoch": 14609, "loss": 0.739978015422821, "lr": 0.000195602185284743}
{"epoch": 6, "batch": 10250, "batches_per_epoch": 14609, "loss": 0.708515465259552, "lr": 0.00019533985111235276}
{"epoch": 6, "batch": 10300, "batches_per_epoch": 14609, "loss": 0.7210733294487, "lr": 0.0001950775801330455}
{"epoch": 6, "batch": 10350, "batches_per_epoch": 14609, "loss": 0.7362017631530762, "lr": 0.00019481537265003524}
{"epoch": 6, "batch": 10400, "batches_per_epoch": 14609, "loss": 0.7454431653022766, "lr": 0.00019455322896646222}
{"epoch": 6, "batch": 10450, "batches_per_epoch": 14609, "loss": 0.7719636559486389, "lr": 0.00019429114938539305}
{"checkpoint": "/content/GenAI/task1_llm/member_denisha/checkpoints/gpt_from_scratch_latest.pt", "epoch": 6, "batch": 10500}
{"epoch": 6, "batch": 10500, "batches_per_epoch": 14609, "loss": 0.7207979559898376, "lr": 0.0001940291342098205}
{"epoch": 6, "batch": 10550, "batches_per_epoch": 14609, "loss": 0.7106663584709167, "lr": 0.00019376718374266227}
{"epoch": 6, "batch": 10600, "batches_per_epoch": 14609, "loss": 0.7334087491035461, "lr": 0.00019350529828676206}
{"epoch": 6, "batch": 10650, "batches_per_epoch": 14609, "loss": 0.7165558934211731, "lr": 0.00019324347814488762}
{"epoch": 6, "batch": 10700, "batches_per_epoch": 14609, "loss": 0.7416314482688904, "lr": 0.00019298172361973157}
{"epoch": 6, "batch": 10750, "batches_per_epoch": 14609, "loss": 0.734241783618927, "lr": 0.00019272003501391086}
{"epoch": 6, "batch": 10800, "batches_per_epoch": 14609, "loss": 0.695666491985321, "lr": 0.0001924584126299657}
{"epoch": 6, "batch": 10850, "batches_per_epoch": 14609, "loss": 0.7684438824653625, "lr": 0.00019219685677036042}
{"epoch": 6, "batch": 10900, "batches_per_epoch": 14609, "loss": 0.7406754493713379, "lr": 0.00019193536773748183}
{"epoch": 6, "batch": 10950, "batches_per_epoch": 14609, "loss": 0.7298771739006042, "lr": 0.0001916739458336396}
{"checkpoint": "/content/GenAI/task1_llm/member_denisha/checkpoints/gpt_from_scratch_latest.pt", "epoch": 6, "batch": 11000}
{"epoch": 6, "batch": 11000, "batches_per_epoch": 14609, "loss": 0.7495060563087463, "lr": 0.00019141259136106625}
{"epoch": 6, "batch": 11050, "batches_per_epoch": 14609, "loss": 0.7326714992523193, "lr": 0.0001911513046219157}
{"epoch": 6, "batch": 11100, "batches_per_epoch": 14609, "loss": 0.701481819152832, "lr": 0.00019089008591826413}
{"epoch": 6, "batch": 11150, "batches_per_epoch": 14609, "loss": 0.7868202328681946, "lr": 0.00019062893555210858}
{"epoch": 6, "batch": 11200, "batches_per_epoch": 14609, "loss": 0.707004725933075, "lr": 0.00019036785382536736}
{"epoch": 6, "batch": 11250, "batches_per_epoch": 14609, "loss": 0.7436259388923645, "lr": 0.00019010684103987948}
{"epoch": 6, "batch": 11300, "batches_per_epoch": 14609, "loss": 0.7161903381347656, "lr": 0.00018984589749740393}
{"epoch": 6, "batch": 11350, "batches_per_epoch": 14609, "loss": 0.7117459177970886, "lr": 0.00018958502349962015}
{"epoch": 6, "batch": 11400, "batches_per_epoch": 14609, "loss": 0.7311897277832031, "lr": 0.00018932421934812665}
{"epoch": 6, "batch": 11450, "batches_per_epoch": 14609, "loss": 0.7569243311882019, "lr": 0.00018906348534444145}
{"checkpoint": "/content/GenAI/task1_llm/member_denisha/checkpoints/gpt_from_scratch_latest.pt", "epoch": 6, "batch": 11500}
{"epoch": 6, "batch": 11500, "batches_per_epoch": 14609, "loss": 0.7618820071220398, "lr": 0.0001888028217900015}
{"epoch": 6, "batch": 11550, "batches_per_epoch": 14609, "loss": 0.714695930480957, "lr": 0.00018854222898616218}
{"epoch": 6, "batch": 11600, "batches_per_epoch": 14609, "loss": 0.7189422249794006, "lr": 0.00018828170723419733}
{"epoch": 6, "batch": 11650, "batches_per_epoch": 14609, "loss": 0.7406172752380371, "lr": 0.00018802125683529828}
{"epoch": 6, "batch": 11700, "batches_per_epoch": 14609, "loss": 0.7215574383735657, "lr": 0.00018776087809057403}
{"epoch": 6, "batch": 11750, "batches_per_epoch": 14609, "loss": 0.7101675868034363, "lr": 0.00018750057130105085}
{"epoch": 6, "batch": 11800, "batches_per_epoch": 14609, "loss": 0.7927209734916687, "lr": 0.00018724033676767164}
{"epoch": 6, "batch": 11850, "batches_per_epoch": 14609, "loss": 0.7169771194458008, "lr": 0.00018698017479129602}
{"epoch": 6, "batch": 11900, "batches_per_epoch": 14609, "loss": 0.7444975972175598, "lr": 0.00018672008567269943}
{"epoch": 6, "batch": 11950, "batches_per_epoch": 14609, "loss": 0.6854691505432129, "lr": 0.00018646006971257314}
{"checkpoint": "/content/GenAI/task1_llm/member_denisha/checkpoints/gpt_from_scratch_latest.pt", "epoch": 6, "batch": 12000}
{"epoch": 6, "batch": 12000, "batches_per_epoch": 14609, "loss": 0.7270546555519104, "lr": 0.00018620012721152408}
{"epoch": 6, "batch": 12050, "batches_per_epoch": 14609, "loss": 0.719822108745575, "lr": 0.00018594025847007387}
{"epoch": 6, "batch": 12100, "batches_per_epoch": 14609, "loss": 0.7334608435630798, "lr": 0.00018568046378865938}
{"epoch": 6, "batch": 12150, "batches_per_epoch": 14609, "loss": 0.7549801468849182, "lr": 0.00018542074346763126}
{"epoch": 6, "batch": 12200, "batches_per_epoch": 14609, "loss": 0.7373526692390442, "lr": 0.00018516109780725458}
{"epoch": 6, "batch": 12250, "batches_per_epoch": 14609, "loss": 0.7767003178596497, "lr": 0.000184901527107708}
{"epoch": 6, "batch": 12300, "batches_per_epoch": 14609, "loss": 0.7129416465759277, "lr": 0.00018464203166908345}
{"epoch": 6, "batch": 12350, "batches_per_epoch": 14609, "loss": 0.6940841674804688, "lr": 0.00018438261179138602}
{"epoch": 6, "batch": 12400, "batches_per_epoch": 14609, "loss": 0.7545626759529114, "lr": 0.00018412326777453325}
{"epoch": 6, "batch": 12450, "batches_per_epoch": 14609, "loss": 0.7624924182891846, "lr": 0.00018386399991835505}
{"checkpoint": "/content/GenAI/task1_llm/member_denisha/checkpoints/gpt_from_scratch_latest.pt", "epoch": 6, "batch": 12500}
{"epoch": 6, "batch": 12500, "batches_per_epoch": 14609, "loss": 0.7498371005058289, "lr": 0.00018360480852259336}
{"epoch": 6, "batch": 12550, "batches_per_epoch": 14609, "loss": 0.7717676758766174, "lr": 0.0001833456938869016}
{"epoch": 6, "batch": 12600, "batches_per_epoch": 14609, "loss": 0.7056916356086731, "lr": 0.00018308665631084449}
{"epoch": 6, "batch": 12650, "batches_per_epoch": 14609, "loss": 0.7578724026679993, "lr": 0.0001828276960938977}
{"epoch": 6, "batch": 12700, "batches_per_epoch": 14609, "loss": 0.7332156300544739, "lr": 0.0001825688135354474}
{"epoch": 6, "batch": 12750, "batches_per_epoch": 14609, "loss": 0.725504457950592, "lr": 0.0001823100089347901}
{"epoch": 6, "batch": 12800, "batches_per_epoch": 14609, "loss": 0.707633912563324, "lr": 0.00018205128259113191}
{"epoch": 6, "batch": 12850, "batches_per_epoch": 14609, "loss": 0.7430956363677979, "lr": 0.00018179263480358888}
{"epoch": 6, "batch": 12900, "batches_per_epoch": 14609, "loss": 0.6797283291816711, "lr": 0.00018153406587118588}
{"epoch": 6, "batch": 12950, "batches_per_epoch": 14609, "loss": 0.748706042766571, "lr": 0.00018127557609285672}
{"checkpoint": "/content/GenAI/task1_llm/member_denisha/checkpoints/gpt_from_scratch_latest.pt", "epoch": 6, "batch": 13000}
{"epoch": 6, "batch": 13000, "batches_per_epoch": 14609, "loss": 0.718589723110199, "lr": 0.00018101716576744383}
{"epoch": 6, "batch": 13050, "batches_per_epoch": 14609, "loss": 0.7009446024894714, "lr": 0.0001807588351936976}
{"epoch": 6, "batch": 13100, "batches_per_epoch": 14609, "loss": 0.7284215092658997, "lr": 0.00018050058467027636}
{"epoch": 6, "batch": 13150, "batches_per_epoch": 14609, "loss": 0.7260276675224304, "lr": 0.00018024241449574575}
{"epoch": 6, "batch": 13200, "batches_per_epoch": 14609, "loss": 0.7381189465522766, "lr": 0.00017998432496857866}
{"epoch": 6, "batch": 13250, "batches_per_epoch": 14609, "loss": 0.7108405232429504, "lr": 0.0001797263163871547}
{"epoch": 6, "batch": 13300, "batches_per_epoch": 14609, "loss": 0.7259613871574402, "lr": 0.00017946838904975976}
{"epoch": 6, "batch": 13350, "batches_per_epoch": 14609, "loss": 0.7433294653892517, "lr": 0.0001792105432545861}
{"epoch": 6, "batch": 13400, "batches_per_epoch": 14609, "loss": 0.7285401821136475, "lr": 0.0001789527792997314}
{"epoch": 6, "batch": 13450, "batches_per_epoch": 14609, "loss": 0.7482540607452393, "lr": 0.00017869509748319893}
{"checkpoint": "/content/GenAI/task1_llm/member_denisha/checkpoints/gpt_from_scratch_latest.pt", "epoch": 6, "batch": 13500}
{"epoch": 6, "batch": 13500, "batches_per_epoch": 14609, "loss": 0.7075093388557434, "lr": 0.0001784374981028969}
{"epoch": 6, "batch": 13550, "batches_per_epoch": 14609, "loss": 0.7608906626701355, "lr": 0.00017817998145663817}
{"epoch": 6, "batch": 13600, "batches_per_epoch": 14609, "loss": 0.7211224436759949, "lr": 0.00017792254784214012}
{"epoch": 6, "batch": 13650, "batches_per_epoch": 14609, "loss": 0.7390868067741394, "lr": 0.00017766519755702394}
{"epoch": 6, "batch": 13700, "batches_per_epoch": 14609, "loss": 0.750394344329834, "lr": 0.00017740793089881472}
{"epoch": 6, "batch": 13750, "batches_per_epoch": 14609, "loss": 0.729085385799408, "lr": 0.0001771507481649406}
{"epoch": 6, "batch": 13800, "batches_per_epoch": 14609, "loss": 0.6989634037017822, "lr": 0.00017689364965273283}
{"epoch": 6, "batch": 13850, "batches_per_epoch": 14609, "loss": 0.762118399143219, "lr": 0.00017663663565942536}
{"epoch": 6, "batch": 13900, "batches_per_epoch": 14609, "loss": 0.7136624455451965, "lr": 0.00017637970648215424}
{"epoch": 6, "batch": 13950, "batches_per_epoch": 14609, "loss": 0.7600679397583008, "lr": 0.00017612286241795773}
{"checkpoint": "/content/GenAI/task1_llm/member_denisha/checkpoints/gpt_from_scratch_latest.pt", "epoch": 6, "batch": 14000}
{"epoch": 6, "batch": 14000, "batches_per_epoch": 14609, "loss": 0.7681109309196472, "lr": 0.00017586610376377538}
{"epoch": 6, "batch": 14050, "batches_per_epoch": 14609, "loss": 0.7554780840873718, "lr": 0.00017560943081644815}
{"epoch": 6, "batch": 14100, "batches_per_epoch": 14609, "loss": 0.7171380519866943, "lr": 0.00017535284387271803}
{"epoch": 6, "batch": 14150, "batches_per_epoch": 14609, "loss": 0.7427987456321716, "lr": 0.0001750963432292273}
{"epoch": 6, "batch": 14200, "batches_per_epoch": 14609, "loss": 0.7313463687896729, "lr": 0.00017483992918251883}
{"epoch": 6, "batch": 14250, "batches_per_epoch": 14609, "loss": 0.7129246592521667, "lr": 0.00017458360202903507}
{"epoch": 6, "batch": 14300, "batches_per_epoch": 14609, "loss": 0.7404643893241882, "lr": 0.000174327362065118}
{"epoch": 6, "batch": 14350, "batches_per_epoch": 14609, "loss": 0.7348127961158752, "lr": 0.00017407120958700913}
{"epoch": 6, "batch": 14400, "batches_per_epoch": 14609, "loss": 0.7269333004951477, "lr": 0.0001738151448908485}
{"epoch": 6, "batch": 14450, "batches_per_epoch": 14609, "loss": 0.7083151340484619, "lr": 0.00017355916827267476}
{"checkpoint": "/content/GenAI/task1_llm/member_denisha/checkpoints/gpt_from_scratch_latest.pt", "epoch": 6, "batch": 14500}
{"epoch": 6, "batch": 14500, "batches_per_epoch": 14609, "loss": 0.7265968918800354, "lr": 0.00017330328002842482}
{"epoch": 6, "batch": 14550, "batches_per_epoch": 14609, "loss": 0.7408525347709656, "lr": 0.00017304748045393327}
{"epoch": 6, "batch": 14600, "batches_per_epoch": 14609, "loss": 0.7283244729042053, "lr": 0.00017279176984493232}
{"epoch": 6, "train_loss": 0.7351000057785195, "val_loss": 0.6976857734915218, "val_accuracy": 0.7776230950899625, "grad_norm": 0.23592616617679596, "lr": 0.00017274575140626317}
{"epoch": 7, "batch": 50, "batches_per_epoch": 14609, "loss": 0.6985827088356018, "lr": 0.00017249014615677155}
{"epoch": 7, "batch": 100, "batches_per_epoch": 14609, "loss": 0.6962835788726807, "lr": 0.00017223463051710964}
{"epoch": 7, "batch": 150, "batches_per_epoch": 14609, "loss": 0.7596558928489685, "lr": 0.00017197920478268137}
{"epoch": 7, "batch": 200, "batches_per_epoch": 14609, "loss": 0.7354896664619446, "lr": 0.00017172386924878665}
{"epoch": 7, "batch": 250, "batches_per_epoch": 14609, "loss": 0.7290151715278625, "lr": 0.00017146862421062116}
{"epoch": 7, "batch": 300, "batches_per_epoch": 14609, "loss": 0.7357855439186096, "lr": 0.000171213469963276}
{"epoch": 7, "batch": 350, "batches_per_epoch": 14609, "loss": 0.7500355839729309, "lr": 0.00017095840680173718}
{"epoch": 7, "batch": 400, "batches_per_epoch": 14609, "loss": 0.7171663641929626, "lr": 0.00017070343502088557}
{"epoch": 7, "batch": 450, "batches_per_epoch": 14609, "loss": 0.7413681149482727, "lr": 0.00017044855491549622}
{"checkpoint": "/content/GenAI/task1_llm/member_denisha/checkpoints/gpt_from_scratch_latest.pt", "epoch": 7, "batch": 500}
{"epoch": 7, "batch": 500, "batches_per_epoch": 14609, "loss": 0.7033543586730957, "lr": 0.00017019376678023839}
{"epoch": 7, "batch": 550, "batches_per_epoch": 14609, "loss": 0.7328503131866455, "lr": 0.0001699390709096748}
{"epoch": 7, "batch": 600, "batches_per_epoch": 14609, "loss": 0.7416126132011414, "lr": 0.00016968446759826165}
{"epoch": 7, "batch": 650, "batches_per_epoch": 14609, "loss": 0.6933832168579102, "lr": 0.0001694299571403481}
{"epoch": 7, "batch": 700, "batches_per_epoch": 14609, "loss": 0.7422318458557129, "lr": 0.00016917553983017593}
{"epoch": 7, "batch": 750, "batches_per_epoch": 14609, "loss": 0.7395418286323547, "lr": 0.00016892121596187926}
{"epoch": 7, "batch": 800, "batches_per_epoch": 14609, "loss": 0.737042248249054, "lr": 0.00016866698582948417}
{"epoch": 7, "batch": 850, "batches_per_epoch": 14609, "loss": 0.7338690757751465, "lr": 0.00016841284972690833}
{"epoch": 7, "batch": 900, "batches_per_epoch": 14609, "loss": 0.7140137553215027, "lr": 0.0001681588079479608}
{"epoch": 7, "batch": 950, "batches_per_epoch": 14609, "loss": 0.7497841715812683, "lr": 0.00016790486078634148}
{"checkpoint": "/content/GenAI/task1_llm/member_denisha/checkpoints/gpt_from_scratch_latest.pt", "epoch": 7, "batch": 1000}
{"epoch": 7, "batch": 1000, "batches_per_epoch": 14609, "loss": 0.7214557528495789, "lr": 0.00016765100853564102}
{"epoch": 7, "batch": 1050, "batches_per_epoch": 14609, "loss": 0.7008196711540222, "lr": 0.0001673972514893403}
{"epoch": 7, "batch": 1100, "batches_per_epoch": 14609, "loss": 0.6939807534217834, "lr": 0.0001671435899408098}
{"epoch": 7, "batch": 1150, "batches_per_epoch": 14609, "loss": 0.7260815501213074, "lr": 0.0001668900241833102}
{"epoch": 7, "batch": 1200, "batches_per_epoch": 14609, "loss": 0.7240516543388367, "lr": 0.00016663655450999097}
{"epoch": 7, "batch": 1250, "batches_per_epoch": 14609, "loss": 0.7017547488212585, "lr": 0.00016638318121389074}
{"epoch": 7, "batch": 1300, "batches_per_epoch": 14609, "loss": 0.6978418827056885, "lr": 0.0001661299045879365}
{"epoch": 7, "batch": 1350, "batches_per_epoch": 14609, "loss": 0.7353806495666504, "lr": 0.00016587672492494377}
{"epoch": 7, "batch": 1400, "batches_per_epoch": 14609, "loss": 0.7142839431762695, "lr": 0.00016562364251761566}
{"epoch": 7, "batch": 1450, "batches_per_epoch": 14609, "loss": 0.7779583930969238, "lr": 0.00016537065765854305}
{"checkpoint": "/content/GenAI/task1_llm/member_denisha/checkpoints/gpt_from_scratch_latest.pt", "epoch": 7, "batch": 1500}
{"epoch": 7, "batch": 1500, "batches_per_epoch": 14609, "loss": 0.7005330920219421, "lr": 0.00016511777064020394}
{"epoch": 7, "batch": 1550, "batches_per_epoch": 14609, "loss": 0.6891865134239197, "lr": 0.00016486498175496332}
{"epoch": 7, "batch": 1600, "batches_per_epoch": 14609, "loss": 0.7294668555259705, "lr": 0.00016461229129507263}
{"epoch": 7, "batch": 1650, "batches_per_epoch": 14609, "loss": 0.7139298319816589, "lr": 0.00016435969955266955}
{"epoch": 7, "batch": 1700, "batches_per_epoch": 14609, "loss": 0.7399840354919434, "lr": 0.00016410720681977762}
{"epoch": 7, "batch": 1750, "batches_per_epoch": 14609, "loss": 0.7690675854682922, "lr": 0.00016385481338830596}
{"epoch": 7, "batch": 1800, "batches_per_epoch": 14609, "loss": 0.7077773213386536, "lr": 0.00016360251955004879}
{"epoch": 7, "batch": 1850, "batches_per_epoch": 14609, "loss": 0.7311710715293884, "lr": 0.0001633503255966854}
{"epoch": 7, "batch": 1900, "batches_per_epoch": 14609, "loss": 0.7353084683418274, "lr": 0.00016309823181977936}
{"epoch": 7, "batch": 1950, "batches_per_epoch": 14609, "loss": 0.7016552090644836, "lr": 0.0001628462385107784}
{"checkpoint": "/content/GenAI/task1_llm/member_denisha/checkpoints/gpt_from_scratch_latest.pt", "epoch": 7, "batch": 2000}
{"epoch": 7, "batch": 2000, "batches_per_epoch": 14609, "loss": 0.7297518849372864, "lr": 0.0001625943459610144}
{"epoch": 7, "batch": 2050, "batches_per_epoch": 14609, "loss": 0.7242863774299622, "lr": 0.00016234255446170254}
{"epoch": 7, "batch": 2100, "batches_per_epoch": 14609, "loss": 0.7555467486381531, "lr": 0.00016209086430394118}
{"epoch": 7, "batch": 2150, "batches_per_epoch": 14609, "loss": 0.7231836318969727, "lr": 0.0001618392757787116}
{"epoch": 7, "batch": 2200, "batches_per_epoch": 14609, "loss": 0.7413590550422668, "lr": 0.00016158778917687734}
{"epoch": 7, "batch": 2250, "batches_per_epoch": 14609, "loss": 0.7548936009407043, "lr": 0.00016133640478918453}
{"epoch": 7, "batch": 2300, "batches_per_epoch": 14609, "loss": 0.7374906539916992, "lr": 0.0001610851229062607}
{"epoch": 7, "batch": 2350, "batches_per_epoch": 14609, "loss": 0.7404544949531555, "lr": 0.0001608339438186152}
{"epoch": 7, "batch": 2400, "batches_per_epoch": 14609, "loss": 0.7347812652587891, "lr": 0.00016058286781663844}
{"epoch": 7, "batch": 2450, "batches_per_epoch": 14609, "loss": 0.7268528938293457, "lr": 0.00016033189519060138}
{"checkpoint": "/content/GenAI/task1_llm/member_denisha/checkpoints/gpt_from_scratch_latest.pt", "epoch": 7, "batch": 2500}
{"epoch": 7, "batch": 2500, "batches_per_epoch": 14609, "loss": 0.6732840538024902, "lr": 0.0001600810262306559}
{"epoch": 7, "batch": 2550, "batches_per_epoch": 14609, "loss": 0.7344069480895996, "lr": 0.00015983026122683375}
{"epoch": 7, "batch": 2600, "batches_per_epoch": 14609, "loss": 0.6947858929634094, "lr": 0.00015957960046904664}
{"epoch": 7, "batch": 2650, "batches_per_epoch": 14609, "loss": 0.7299704551696777, "lr": 0.00015932904424708572}
{"epoch": 7, "batch": 2700, "batches_per_epoch": 14609, "loss": 0.7266221642494202, "lr": 0.00015907859285062102}
{"epoch": 7, "batch": 2750, "batches_per_epoch": 14609, "loss": 0.7216224670410156, "lr": 0.00015882824656920198}
{"epoch": 7, "batch": 2800, "batches_per_epoch": 14609, "loss": 0.7435746192932129, "lr": 0.0001585780056922558}
{"epoch": 7, "batch": 2850, "batches_per_epoch": 14609, "loss": 0.7420493960380554, "lr": 0.00015832787050908844}
{"epoch": 7, "batch": 2900, "batches_per_epoch": 14609, "loss": 0.7285081744194031, "lr": 0.0001580778413088834}
{"epoch": 7, "batch": 2950, "batches_per_epoch": 14609, "loss": 0.7199990153312683, "lr": 0.00015782791838070143}
{"checkpoint": "/content/GenAI/task1_llm/member_denisha/checkpoints/gpt_from_scratch_latest.pt", "epoch": 7, "batch": 3000}
{"epoch": 7, "batch": 3000, "batches_per_epoch": 14609, "loss": 0.722331702709198, "lr": 0.00015757810201348093}
{"epoch": 7, "batch": 3050, "batches_per_epoch": 14609, "loss": 0.6862772107124329, "lr": 0.00015732839249603652}
{"epoch": 7, "batch": 3100, "batches_per_epoch": 14609, "loss": 0.7312434315681458, "lr": 0.00015707879011705984}
{"epoch": 7, "batch": 3150, "batches_per_epoch": 14609, "loss": 0.7268708348274231, "lr": 0.0001568292951651184}
{"epoch": 7, "batch": 3200, "batches_per_epoch": 14609, "loss": 0.7208004593849182, "lr": 0.00015657990792865528}
{"epoch": 7, "batch": 3250, "batches_per_epoch": 14609, "loss": 0.7501547336578369, "lr": 0.00015633062869598957}
{"epoch": 7, "batch": 3300, "batches_per_epoch": 14609, "loss": 0.72920161485672, "lr": 0.00015608145775531496}
{"epoch": 7, "batch": 3350, "batches_per_epoch": 14609, "loss": 0.7607011795043945, "lr": 0.00015583239539470041}
{"epoch": 7, "batch": 3400, "batches_per_epoch": 14609, "loss": 0.7558000087738037, "lr": 0.00015558344190208905}
{"epoch": 7, "batch": 3450, "batches_per_epoch": 14609, "loss": 0.6984180808067322, "lr": 0.00015533459756529805}
{"checkpoint": "/content/GenAI/task1_llm/member_denisha/checkpoints/gpt_from_scratch_latest.pt", "epoch": 7, "batch": 3500}
{"epoch": 7, "batch": 3500, "batches_per_epoch": 14609, "loss": 0.7109253406524658, "lr": 0.00015508586267201885}
{"epoch": 7, "batch": 3550, "batches_per_epoch": 14609, "loss": 0.6991100907325745, "lr": 0.00015483723750981578}
{"epoch": 7, "batch": 3600, "batches_per_epoch": 14609, "loss": 0.744945228099823, "lr": 0.00015458872236612687}
{"epoch": 7, "batch": 3650, "batches_per_epoch": 14609, "loss": 0.7675097584724426, "lr": 0.00015434031752826243}
{"epoch": 7, "batch": 3700, "batches_per_epoch": 14609, "loss": 0.7121500968933105, "lr": 0.0001540920232834056}
{"epoch": 7, "batch": 3750, "batches_per_epoch": 14609, "loss": 0.7220433354377747, "lr": 0.00015384383991861168}
{"epoch": 7, "batch": 3800, "batches_per_epoch": 14609, "loss": 0.7241842150688171, "lr": 0.00015359576772080736}
{"epoch": 7, "batch": 3850, "batches_per_epoch": 14609, "loss": 0.7574753165245056, "lr": 0.00015334780697679148}
{"epoch": 7, "batch": 3900, "batches_per_epoch": 14609, "loss": 0.6935734748840332, "lr": 0.00015309995797323334}
{"epoch": 7, "batch": 3950, "batches_per_epoch": 14609, "loss": 0.7221384644508362, "lr": 0.00015285222099667355}
{"checkpoint": "/content/GenAI/task1_llm/member_denisha/checkpoints/gpt_from_scratch_latest.pt", "epoch": 7, "batch": 4000}
{"epoch": 7, "batch": 4000, "batches_per_epoch": 14609, "loss": 0.7171505093574524, "lr": 0.0001526045963335231}
{"epoch": 7, "batch": 4050, "batches_per_epoch": 14609, "loss": 0.6812798976898193, "lr": 0.00015235708427006273}
{"epoch": 7, "batch": 4100, "batches_per_epoch": 14609, "loss": 0.718420684337616, "lr": 0.00015210968509244373}
{"epoch": 7, "batch": 4150, "batches_per_epoch": 14609, "loss": 0.7291092872619629, "lr": 0.00015186239908668615}
{"epoch": 7, "batch": 4200, "batches_per_epoch": 14609, "loss": 0.7339344620704651, "lr": 0.00015161522653867973}
{"epoch": 7, "batch": 4250, "batches_per_epoch": 14609, "loss": 0.7213299870491028, "lr": 0.00015136816773418288}
{"epoch": 7, "batch": 4300, "batches_per_epoch": 14609, "loss": 0.7532289624214172, "lr": 0.00015112122295882224}
{"epoch": 7, "batch": 4350, "batches_per_epoch": 14609, "loss": 0.7087036967277527, "lr": 0.0001508743924980932}
{"epoch": 7, "batch": 4400, "batches_per_epoch": 14609, "loss": 0.707380473613739, "lr": 0.00015062767663735828}
{"epoch": 7, "batch": 4450, "batches_per_epoch": 14609, "loss": 0.7767541408538818, "lr": 0.0001503810756618482}
{"checkpoint": "/content/GenAI/task1_llm/member_denisha/checkpoints/gpt_from_scratch_latest.pt", "epoch": 7, "batch": 4500}
{"epoch": 7, "batch": 4500, "batches_per_epoch": 14609, "loss": 0.7312983870506287, "lr": 0.00015013458985666035}
{"epoch": 7, "batch": 4550, "batches_per_epoch": 14609, "loss": 0.7866697907447815, "lr": 0.00014988821950675908}
{"epoch": 7, "batch": 4600, "batches_per_epoch": 14609, "loss": 0.740136444568634, "lr": 0.00014964196489697558}
{"epoch": 7, "batch": 4650, "batches_per_epoch": 14609, "loss": 0.7052103877067566, "lr": 0.00014939582631200672}
{"epoch": 7, "batch": 4700, "batches_per_epoch": 14609, "loss": 0.7428067326545715, "lr": 0.00014914980403641582}
{"epoch": 7, "batch": 4750, "batches_per_epoch": 14609, "loss": 0.710229218006134, "lr": 0.00014890389835463114}
{"epoch": 7, "batch": 4800, "batches_per_epoch": 14609, "loss": 0.7497124075889587, "lr": 0.00014865810955094644}
{"epoch": 7, "batch": 4850, "batches_per_epoch": 14609, "loss": 0.708483874797821, "lr": 0.00014841243790952058}
{"epoch": 7, "batch": 4900, "batches_per_epoch": 14609, "loss": 0.7183787226676941, "lr": 0.0001481668837143764}
{"epoch": 7, "batch": 4950, "batches_per_epoch": 14609, "loss": 0.7600529789924622, "lr": 0.0001479214472494016}
{"checkpoint": "/content/GenAI/task1_llm/member_denisha/checkpoints/gpt_from_scratch_latest.pt", "epoch": 7, "batch": 5000}
{"epoch": 7, "batch": 5000, "batches_per_epoch": 14609, "loss": 0.7228770852088928, "lr": 0.00014767612879834725}
{"epoch": 7, "batch": 5050, "batches_per_epoch": 14609, "loss": 0.7547937035560608, "lr": 0.0001474309286448281}
{"epoch": 7, "batch": 5100, "batches_per_epoch": 14609, "loss": 0.6996199488639832, "lr": 0.00014718584707232253}
{"epoch": 7, "batch": 5150, "batches_per_epoch": 14609, "loss": 0.7270419001579285, "lr": 0.0001469408843641712}
{"epoch": 7, "batch": 5200, "batches_per_epoch": 14609, "loss": 0.7182742953300476, "lr": 0.00014669604080357794}
{"epoch": 7, "batch": 5250, "batches_per_epoch": 14609, "loss": 0.7535670399665833, "lr": 0.00014645131667360842}
{"epoch": 7, "batch": 5300, "batches_per_epoch": 14609, "loss": 0.7443591952323914, "lr": 0.00014620671225719028}
{"epoch": 7, "batch": 5350, "batches_per_epoch": 14609, "loss": 0.7632854580879211, "lr": 0.00014596222783711316}
{"epoch": 7, "batch": 5400, "batches_per_epoch": 14609, "loss": 0.7307755351066589, "lr": 0.0001457178636960273}
{"epoch": 7, "batch": 5450, "batches_per_epoch": 14609, "loss": 0.7341074347496033, "lr": 0.00014547362011644454}
{"checkpoint": "/content/GenAI/task1_llm/member_denisha/checkpoints/gpt_from_scratch_latest.pt", "epoch": 7, "batch": 5500}
{"epoch": 7, "batch": 5500, "batches_per_epoch": 14609, "loss": 0.7332644462585449, "lr": 0.00014522949738073705}
{"epoch": 7, "batch": 5550, "batches_per_epoch": 14609, "loss": 0.7417405247688293, "lr": 0.000144985495771137}
{"epoch": 7, "batch": 5600, "batches_per_epoch": 14609, "loss": 0.6884570121765137, "lr": 0.00014474161556973707}
{"epoch": 7, "batch": 5650, "batches_per_epoch": 14609, "loss": 0.7051107287406921, "lr": 0.00014449785705848917}
{"epoch": 7, "batch": 5700, "batches_per_epoch": 14609, "loss": 0.7658845782279968, "lr": 0.00014425422051920483}
{"epoch": 7, "batch": 5750, "batches_per_epoch": 14609, "loss": 0.7202141284942627, "lr": 0.0001440107062335545}
{"epoch": 7, "batch": 5800, "batches_per_epoch": 14609, "loss": 0.7139098048210144, "lr": 0.00014376731448306678}
{"epoch": 7, "batch": 5850, "batches_per_epoch": 14609, "loss": 0.6622403860092163, "lr": 0.00014352404554912948}
{"epoch": 7, "batch": 5900, "batches_per_epoch": 14609, "loss": 0.7483481764793396, "lr": 0.00014328089971298765}
{"epoch": 7, "batch": 5950, "batches_per_epoch": 14609, "loss": 0.7189671397209167, "lr": 0.00014303787725574463}
{"checkpoint": "/content/GenAI/task1_llm/member_denisha/checkpoints/gpt_from_scratch_latest.pt", "epoch": 7, "batch": 6000}
{"epoch": 7, "batch": 6000, "batches_per_epoch": 14609, "loss": 0.7423620223999023, "lr": 0.00014279497845836076}
{"epoch": 7, "batch": 6050, "batches_per_epoch": 14609, "loss": 0.7266297936439514, "lr": 0.00014255220360165328}
{"epoch": 7, "batch": 6100, "batches_per_epoch": 14609, "loss": 0.7227835655212402, "lr": 0.0001423095529662966}
{"epoch": 7, "batch": 6150, "batches_per_epoch": 14609, "loss": 0.702885627746582, "lr": 0.00014206702683282107}
{"epoch": 7, "batch": 6200, "batches_per_epoch": 14609, "loss": 0.7235994338989258, "lr": 0.00014182462548161355}
{"epoch": 7, "batch": 6250, "batches_per_epoch": 14609, "loss": 0.7323505282402039, "lr": 0.00014158234919291635}
{"epoch": 7, "batch": 6300, "batches_per_epoch": 14609, "loss": 0.6815995573997498, "lr": 0.00014134019824682697}
{"epoch": 7, "batch": 6350, "batches_per_epoch": 14609, "loss": 0.7554659843444824, "lr": 0.00014109817292329852}
{"epoch": 7, "batch": 6400, "batches_per_epoch": 14609, "loss": 0.7402217388153076, "lr": 0.00014085627350213847}
{"epoch": 7, "batch": 6450, "batches_per_epoch": 14609, "loss": 0.744371235370636, "lr": 0.00014061450026300906}
{"checkpoint": "/content/GenAI/task1_llm/member_denisha/checkpoints/gpt_from_scratch_latest.pt", "epoch": 7, "batch": 6500}
{"epoch": 7, "batch": 6500, "batches_per_epoch": 14609, "loss": 0.7309312224388123, "lr": 0.0001403728534854265}
{"epoch": 7, "batch": 6550, "batches_per_epoch": 14609, "loss": 0.717589795589447, "lr": 0.00014013133344876046}
{"epoch": 7, "batch": 6600, "batches_per_epoch": 14609, "loss": 0.7762536406517029, "lr": 0.0001398899404322347}
{"epoch": 7, "batch": 6650, "batches_per_epoch": 14609, "loss": 0.7269339561462402, "lr": 0.0001396486747149256}
{"epoch": 7, "batch": 6700, "batches_per_epoch": 14609, "loss": 0.7442522048950195, "lr": 0.00013940753657576283}
{"epoch": 7, "batch": 6750, "batches_per_epoch": 14609, "loss": 0.7546048164367676, "lr": 0.00013916652629352824}
{"epoch": 7, "batch": 6800, "batches_per_epoch": 14609, "loss": 0.7169708609580994, "lr": 0.00013892564414685595}
{"epoch": 7, "batch": 6850, "batches_per_epoch": 14609, "loss": 0.7115740776062012, "lr": 0.00013868489041423188}
{"epoch": 7, "batch": 6900, "batches_per_epoch": 14609, "loss": 0.7173495888710022, "lr": 0.00013844426537399358}
{"epoch": 7, "batch": 6950, "batches_per_epoch": 14609, "loss": 0.7422440648078918, "lr": 0.00013820376930432987}
{"checkpoint": "/content/GenAI/task1_llm/member_denisha/checkpoints/gpt_from_scratch_latest.pt", "epoch": 7, "batch": 7000}
{"epoch": 7, "batch": 7000, "batches_per_epoch": 14609, "loss": 0.741946280002594, "lr": 0.00013796340248328038}
{"epoch": 7, "batch": 7050, "batches_per_epoch": 14609, "loss": 0.7493908405303955, "lr": 0.0001377231651887353}
{"epoch": 7, "batch": 7100, "batches_per_epoch": 14609, "loss": 0.7131959795951843, "lr": 0.00013748305769843504}
{"epoch": 7, "batch": 7150, "batches_per_epoch": 14609, "loss": 0.6952893137931824, "lr": 0.00013724308028997}
{"epoch": 7, "batch": 7200, "batches_per_epoch": 14609, "loss": 0.7273416519165039, "lr": 0.00013700323324078033}
{"epoch": 7, "batch": 7250, "batches_per_epoch": 14609, "loss": 0.7142097353935242, "lr": 0.00013676351682815523}
{"epoch": 7, "batch": 7300, "batches_per_epoch": 14609, "loss": 0.7086789608001709, "lr": 0.00013652393132923297}
{"epoch": 7, "batch": 7350, "batches_per_epoch": 14609, "loss": 0.7387740015983582, "lr": 0.0001362844770210005}
{"epoch": 7, "batch": 7400, "batches_per_epoch": 14609, "loss": 0.7555853724479675, "lr": 0.00013604515418029294}
{"epoch": 7, "batch": 7450, "batches_per_epoch": 14609, "loss": 0.7217881083488464, "lr": 0.00013580596308379389}
{"checkpoint": "/content/GenAI/task1_llm/member_denisha/checkpoints/gpt_from_scratch_latest.pt", "epoch": 7, "batch": 7500}
{"epoch": 7, "batch": 7500, "batches_per_epoch": 14609, "loss": 0.7042858004570007, "lr": 0.00013556690400803385}
{"epoch": 7, "batch": 7550, "batches_per_epoch": 14609, "loss": 0.7151448130607605, "lr": 0.00013532797722939143}
{"epoch": 7, "batch": 7600, "batches_per_epoch": 14609, "loss": 0.7534823417663574, "lr": 0.00013508918302409197}
{"epoch": 7, "batch": 7650, "batches_per_epoch": 14609, "loss": 0.7613713145256042, "lr": 0.00013485052166820744}
{"epoch": 7, "batch": 7700, "batches_per_epoch": 14609, "loss": 0.7903140187263489, "lr": 0.00013461199343765663}
{"epoch": 7, "batch": 7750, "batches_per_epoch": 14609, "loss": 0.6875288486480713, "lr": 0.00013437359860820372}
{"epoch": 7, "batch": 7800, "batches_per_epoch": 14609, "loss": 0.7396562099456787, "lr": 0.00013413533745545945}
{"epoch": 7, "batch": 7850, "batches_per_epoch": 14609, "loss": 0.7931144833564758, "lr": 0.0001338972102548795}
{"epoch": 7, "batch": 7900, "batches_per_epoch": 14609, "loss": 0.740178644657135, "lr": 0.00013365921728176477}
{"epoch": 7, "batch": 7950, "batches_per_epoch": 14609, "loss": 0.7325347065925598, "lr": 0.00013342135881126138}
{"checkpoint": "/content/GenAI/task1_llm/member_denisha/checkpoints/gpt_from_scratch_latest.pt", "epoch": 7, "batch": 8000}
{"epoch": 7, "batch": 8000, "batches_per_epoch": 14609, "loss": 0.7284662127494812, "lr": 0.00013318363511835912}
{"epoch": 7, "batch": 8050, "batches_per_epoch": 14609, "loss": 0.6896246075630188, "lr": 0.00013294604647789288}
{"epoch": 7, "batch": 8100, "batches_per_epoch": 14609, "loss": 0.7455136179924011, "lr": 0.00013270859316454075}
{"epoch": 7, "batch": 8150, "batches_per_epoch": 14609, "loss": 0.7414066195487976, "lr": 0.00013247127545282467}
{"epoch": 7, "batch": 8200, "batches_per_epoch": 14609, "loss": 0.710059642791748, "lr": 0.00013223409361710995}
{"epoch": 7, "batch": 8250, "batches_per_epoch": 14609, "loss": 0.7419617772102356, "lr": 0.00013199704793160426}
{"epoch": 7, "batch": 8300, "batches_per_epoch": 14609, "loss": 0.7409579157829285, "lr": 0.00013176013867035845}
{"epoch": 7, "batch": 8350, "batches_per_epoch": 14609, "loss": 0.7181436419487, "lr": 0.00013152336610726542}
{"epoch": 7, "batch": 8400, "batches_per_epoch": 14609, "loss": 0.7400609850883484, "lr": 0.00013128673051605988}
{"epoch": 7, "batch": 8450, "batches_per_epoch": 14609, "loss": 0.7392764687538147, "lr": 0.00013105023217031863}
{"checkpoint": "/content/GenAI/task1_llm/member_denisha/checkpoints/gpt_from_scratch_latest.pt", "epoch": 7, "batch": 8500}
{"epoch": 7, "batch": 8500, "batches_per_epoch": 14609, "loss": 0.7686360478401184, "lr": 0.00013081387134345913}
{"epoch": 7, "batch": 8550, "batches_per_epoch": 14609, "loss": 0.736314594745636, "lr": 0.00013057764830874048}
{"epoch": 7, "batch": 8600, "batches_per_epoch": 14609, "loss": 0.7592766880989075, "lr": 0.00013034156333926217}
{"epoch": 7, "batch": 8650, "batches_per_epoch": 14609, "loss": 0.7238935828208923, "lr": 0.00013010561670796404}
{"epoch": 7, "batch": 8700, "batches_per_epoch": 14609, "loss": 0.6971753239631653, "lr": 0.00012986980868762632}
{"epoch": 7, "batch": 8750, "batches_per_epoch": 14609, "loss": 0.6943192481994629, "lr": 0.00012963413955086845}
{"epoch": 7, "batch": 8800, "batches_per_epoch": 14609, "loss": 0.6917422413825989, "lr": 0.0001293986095701498}
{"epoch": 7, "batch": 8850, "batches_per_epoch": 14609, "loss": 0.7231449484825134, "lr": 0.00012916321901776867}
{"epoch": 7, "batch": 8900, "batches_per_epoch": 14609, "loss": 0.7324697375297546, "lr": 0.000128927968165862}
{"epoch": 7, "batch": 8950, "batches_per_epoch": 14609, "loss": 0.739001452922821, "lr": 0.00012869285728640573}
{"checkpoint": "/content/GenAI/task1_llm/member_denisha/checkpoints/gpt_from_scratch_latest.pt", "epoch": 7, "batch": 9000}
{"epoch": 7, "batch": 9000, "batches_per_epoch": 14609, "loss": 0.6784543991088867, "lr": 0.00012845788665121323}
{"epoch": 7, "batch": 9050, "batches_per_epoch": 14609, "loss": 0.6795902848243713, "lr": 0.00012822305653193637}
{"epoch": 7, "batch": 9100, "batches_per_epoch": 14609, "loss": 0.7315911650657654, "lr": 0.0001279883672000643}
{"epoch": 7, "batch": 9150, "batches_per_epoch": 14609, "loss": 0.7384207844734192, "lr": 0.00012775381892692338}
{"epoch": 7, "batch": 9200, "batches_per_epoch": 14609, "loss": 0.7458274960517883, "lr": 0.00012751941198367706}
{"epoch": 7, "batch": 9250, "batches_per_epoch": 14609, "loss": 0.6854188442230225, "lr": 0.00012728514664132513}
{"epoch": 7, "batch": 9300, "batches_per_epoch": 14609, "loss": 0.7566730380058289, "lr": 0.00012705102317070395}
{"epoch": 7, "batch": 9350, "batches_per_epoch": 14609, "loss": 0.7294313311576843, "lr": 0.00012681704184248566}
{"epoch": 7, "batch": 9400, "batches_per_epoch": 14609, "loss": 0.6941609382629395, "lr": 0.00012658320292717836}
{"epoch": 7, "batch": 9450, "batches_per_epoch": 14609, "loss": 0.7108187675476074, "lr": 0.00012634950669512506}
{"checkpoint": "/content/GenAI/task1_llm/member_denisha/checkpoints/gpt_from_scratch_latest.pt", "epoch": 7, "batch": 9500}
{"epoch": 7, "batch": 9500, "batches_per_epoch": 14609, "loss": 0.7005235552787781, "lr": 0.00012611595341650405}
{"epoch": 7, "batch": 9550, "batches_per_epoch": 14609, "loss": 0.7380327582359314, "lr": 0.0001258825433613285}
{"epoch": 7, "batch": 9600, "batches_per_epoch": 14609, "loss": 0.7546511292457581, "lr": 0.00012564927679944564}
{"epoch": 7, "batch": 9650, "batches_per_epoch": 14609, "loss": 0.724992036819458, "lr": 0.00012541615400053736}
{"epoch": 7, "batch": 9700, "batches_per_epoch": 14609, "loss": 0.7238200306892395, "lr": 0.00012518317523411865}
{"epoch": 7, "batch": 9750, "batches_per_epoch": 14609, "loss": 0.7115882039070129, "lr": 0.0001249503407695384}
{"epoch": 7, "batch": 9800, "batches_per_epoch": 14609, "loss": 0.7513421177864075, "lr": 0.00012471765087597873}
{"epoch": 7, "batch": 9850, "batches_per_epoch": 14609, "loss": 0.7208849787712097, "lr": 0.00012448510582245429}
{"epoch": 7, "batch": 9900, "batches_per_epoch": 14609, "loss": 0.7211645245552063, "lr": 0.00012425270587781281}
{"epoch": 7, "batch": 9950, "batches_per_epoch": 14609, "loss": 0.7301170825958252, "lr": 0.00012402045131073365}
{"checkpoint": "/content/GenAI/task1_llm/member_denisha/checkpoints/gpt_from_scratch_latest.pt", "epoch": 7, "batch": 10000}
{"epoch": 7, "batch": 10000, "batches_per_epoch": 14609, "loss": 0.7269728779792786, "lr": 0.0001237883423897283}
{"epoch": 7, "batch": 10050, "batches_per_epoch": 14609, "loss": 0.753167450428009, "lr": 0.00012355637938314023}
{"epoch": 7, "batch": 10100, "batches_per_epoch": 14609, "loss": 0.6989489197731018, "lr": 0.00012332456255914368}
{"epoch": 7, "batch": 10150, "batches_per_epoch": 14609, "loss": 0.7161113619804382, "lr": 0.00012309289218574444}
{"epoch": 7, "batch": 10200, "batches_per_epoch": 14609, "loss": 0.7160261273384094, "lr": 0.00012286136853077836}
{"epoch": 7, "batch": 10250, "batches_per_epoch": 14609, "loss": 0.7098035216331482, "lr": 0.00012262999186191207}
{"epoch": 7, "batch": 10300, "batches_per_epoch": 14609, "loss": 0.7231821417808533, "lr": 0.00012239876244664232}
{"epoch": 7, "batch": 10350, "batches_per_epoch": 14609, "loss": 0.6721491813659668, "lr": 0.00012216768055229533}
{"epoch": 7, "batch": 10400, "batches_per_epoch": 14609, "loss": 0.7518194317817688, "lr": 0.00012193674644602717}
{"epoch": 7, "batch": 10450, "batches_per_epoch": 14609, "loss": 0.7482791543006897, "lr": 0.00012170596039482256}
{"checkpoint": "/content/GenAI/task1_llm/member_denisha/checkpoints/gpt_from_scratch_latest.pt", "epoch": 7, "batch": 10500}
{"epoch": 7, "batch": 10500, "batches_per_epoch": 14609, "loss": 0.706902801990509, "lr": 0.0001214753226654953}
{"epoch": 7, "batch": 10550, "batches_per_epoch": 14609, "loss": 0.6988110542297363, "lr": 0.0001212448335246879}
{"epoch": 7, "batch": 10600, "batches_per_epoch": 14609, "loss": 0.7487351894378662, "lr": 0.0001210144932388707}
{"epoch": 7, "batch": 10650, "batches_per_epoch": 14609, "loss": 0.6706376671791077, "lr": 0.00012078430207434246}
{"epoch": 7, "batch": 10700, "batches_per_epoch": 14609, "loss": 0.7479947209358215, "lr": 0.0001205542602972289}
{"epoch": 7, "batch": 10750, "batches_per_epoch": 14609, "loss": 0.7008265852928162, "lr": 0.00012032436817348341}
{"epoch": 7, "batch": 10800, "batches_per_epoch": 14609, "loss": 0.7148382067680359, "lr": 0.00012009462596888649}
{"epoch": 7, "batch": 10850, "batches_per_epoch": 14609, "loss": 0.7031084895133972, "lr": 0.000119865033949045}
{"epoch": 7, "batch": 10900, "batches_per_epoch": 14609, "loss": 0.7308637499809265, "lr": 0.00011963559237939237}
{"epoch": 7, "batch": 10950, "batches_per_epoch": 14609, "loss": 0.6635012626647949, "lr": 0.000119406301525188}
{"checkpoint": "/content/GenAI/task1_llm/member_denisha/checkpoints/gpt_from_scratch_latest.pt", "epoch": 7, "batch": 11000}
{"epoch": 7, "batch": 11000, "batches_per_epoch": 14609, "loss": 0.7072569727897644, "lr": 0.00011917716165151699}
{"epoch": 7, "batch": 11050, "batches_per_epoch": 14609, "loss": 0.7248786091804504, "lr": 0.00011894817302329017}
{"epoch": 7, "batch": 11100, "batches_per_epoch": 14609, "loss": 0.7229201197624207, "lr": 0.00011871933590524325}
{"epoch": 7, "batch": 11150, "batches_per_epoch": 14609, "loss": 0.7182329297065735, "lr": 0.00011849065056193684}
{"epoch": 7, "batch": 11200, "batches_per_epoch": 14609, "loss": 0.7363429665565491, "lr": 0.00011826211725775609}
{"epoch": 7, "batch": 11250, "batches_per_epoch": 14609, "loss": 0.7219686508178711, "lr": 0.00011803373625691027}
{"epoch": 7, "batch": 11300, "batches_per_epoch": 14609, "loss": 0.6912040114402771, "lr": 0.00011780550782343291}
{"epoch": 7, "batch": 11350, "batches_per_epoch": 14609, "loss": 0.6883289217948914, "lr": 0.00011757743222118083}
{"epoch": 7, "batch": 11400, "batches_per_epoch": 14609, "loss": 0.7219791412353516, "lr": 0.0001173495097138342}
{"epoch": 7, "batch": 11450, "batches_per_epoch": 14609, "loss": 0.7340180277824402, "lr": 0.00011712174056489633}
{"checkpoint": "/content/GenAI/task1_llm/member_denisha/checkpoints/gpt_from_scratch_latest.pt", "epoch": 7, "batch": 11500}
{"epoch": 7, "batch": 11500, "batches_per_epoch": 14609, "loss": 0.711198091506958, "lr": 0.000116894125037693}
{"epoch": 7, "batch": 11550, "batches_per_epoch": 14609, "loss": 0.7354793548583984, "lr": 0.00011666666339537277}
{"epoch": 7, "batch": 11600, "batches_per_epoch": 14609, "loss": 0.7347584366798401, "lr": 0.00011643935590090593}
{"epoch": 7, "batch": 11650, "batches_per_epoch": 14609, "loss": 0.727377712726593, "lr": 0.00011621220281708469}
{"epoch": 7, "batch": 11700, "batches_per_epoch": 14609, "loss": 0.7128060460090637, "lr": 0.0001159852044065228}
{"epoch": 7, "batch": 11750, "batches_per_epoch": 14609, "loss": 0.7188053727149963, "lr": 0.000115758360931655}
{"epoch": 7, "batch": 11800, "batches_per_epoch": 14609, "loss": 0.6779694557189941, "lr": 0.00011553167265473724}
{"epoch": 7, "batch": 11850, "batches_per_epoch": 14609, "loss": 0.7215760350227356, "lr": 0.00011530513983784577}
{"epoch": 7, "batch": 11900, "batches_per_epoch": 14609, "loss": 0.7205802798271179, "lr": 0.00011507876274287716}
{"epoch": 7, "batch": 11950, "batches_per_epoch": 14609, "loss": 0.6783638000488281, "lr": 0.00011485254163154798}
{"checkpoint": "/content/GenAI/task1_llm/member_denisha/checkpoints/gpt_from_scratch_latest.pt", "epoch": 7, "batch": 12000}
{"epoch": 7, "batch": 12000, "batches_per_epoch": 14609, "loss": 0.6868876814842224, "lr": 0.0001146264767653944}
{"epoch": 7, "batch": 12050, "batches_per_epoch": 14609, "loss": 0.7232298851013184, "lr": 0.00011440056840577217}
{"epoch": 7, "batch": 12100, "batches_per_epoch": 14609, "loss": 0.7622525691986084, "lr": 0.00011417481681385589}
{"epoch": 7, "batch": 12150, "batches_per_epoch": 14609, "loss": 0.7138403058052063, "lr": 0.00011394922225063894}
{"epoch": 7, "batch": 12200, "batches_per_epoch": 14609, "loss": 0.7148485779762268, "lr": 0.00011372378497693311}
{"epoch": 7, "batch": 12250, "batches_per_epoch": 14609, "loss": 0.7407912611961365, "lr": 0.00011349850525336866}
{"epoch": 7, "batch": 12300, "batches_per_epoch": 14609, "loss": 0.7598717212677002, "lr": 0.00011327338334039336}
{"epoch": 7, "batch": 12350, "batches_per_epoch": 14609, "loss": 0.7124230265617371, "lr": 0.00011304841949827263}
{"epoch": 7, "batch": 12400, "batches_per_epoch": 14609, "loss": 0.7453813552856445, "lr": 0.00011282361398708921}
{"epoch": 7, "batch": 12450, "batches_per_epoch": 14609, "loss": 0.7697423100471497, "lr": 0.00011259896706674261}
{"checkpoint": "/content/GenAI/task1_llm/member_denisha/checkpoints/gpt_from_scratch_latest.pt", "epoch": 7, "batch": 12500}
{"epoch": 7, "batch": 12500, "batches_per_epoch": 14609, "loss": 0.7317858338356018, "lr": 0.0001123744789969493}
{"epoch": 7, "batch": 12550, "batches_per_epoch": 14609, "loss": 0.7472734451293945, "lr": 0.00011215015003724188}
{"epoch": 7, "batch": 12600, "batches_per_epoch": 14609, "loss": 0.7179384231567383, "lr": 0.00011192598044696905}
{"epoch": 7, "batch": 12650, "batches_per_epoch": 14609, "loss": 0.7191408276557922, "lr": 0.00011170197048529523}
{"epoch": 7, "batch": 12700, "batches_per_epoch": 14609, "loss": 0.742055356502533, "lr": 0.00011147812041120026}
{"epoch": 7, "batch": 12750, "batches_per_epoch": 14609, "loss": 0.6959490776062012, "lr": 0.00011125443048347935}
{"epoch": 7, "batch": 12800, "batches_per_epoch": 14609, "loss": 0.7207710146903992, "lr": 0.00011103090096074233}
{"epoch": 7, "batch": 12850, "batches_per_epoch": 14609, "loss": 0.6887735724449158, "lr": 0.0001108075321014137}
{"epoch": 7, "batch": 12900, "batches_per_epoch": 14609, "loss": 0.7267200350761414, "lr": 0.00011058432416373215}
{"epoch": 7, "batch": 12950, "batches_per_epoch": 14609, "loss": 0.7698819041252136, "lr": 0.00011036127740575025}
{"checkpoint": "/content/GenAI/task1_llm/member_denisha/checkpoints/gpt_from_scratch_latest.pt", "epoch": 7, "batch": 13000}
{"epoch": 7, "batch": 13000, "batches_per_epoch": 14609, "loss": 0.7171422839164734, "lr": 0.00011013839208533454}
{"epoch": 7, "batch": 13050, "batches_per_epoch": 14609, "loss": 0.7747028470039368, "lr": 0.00010991566846016466}
{"epoch": 7, "batch": 13100, "batches_per_epoch": 14609, "loss": 0.7299849987030029, "lr": 0.00010969310678773329}
{"epoch": 7, "batch": 13150, "batches_per_epoch": 14609, "loss": 0.742686927318573, "lr": 0.00010947070732534598}
{"epoch": 7, "batch": 13200, "batches_per_epoch": 14609, "loss": 0.703235387802124, "lr": 0.00010924847033012067}
{"epoch": 7, "batch": 13250, "batches_per_epoch": 14609, "loss": 0.6885524392127991, "lr": 0.00010902639605898767}
{"epoch": 7, "batch": 13300, "batches_per_epoch": 14609, "loss": 0.7073041796684265, "lr": 0.00010880448476868896}
{"epoch": 7, "batch": 13350, "batches_per_epoch": 14609, "loss": 0.7186320424079895, "lr": 0.00010858273671577809}
{"epoch": 7, "batch": 13400, "batches_per_epoch": 14609, "loss": 0.7582859992980957, "lr": 0.00010836115215661999}
{"epoch": 7, "batch": 13450, "batches_per_epoch": 14609, "loss": 0.6879382729530334, "lr": 0.00010813973134739045}
{"checkpoint": "/content/GenAI/task1_llm/member_denisha/checkpoints/gpt_from_scratch_latest.pt", "epoch": 7, "batch": 13500}
{"epoch": 7, "batch": 13500, "batches_per_epoch": 14609, "loss": 0.7310469746589661, "lr": 0.00010791847454407619}
{"epoch": 7, "batch": 13550, "batches_per_epoch": 14609, "loss": 0.7620139718055725, "lr": 0.00010769738200247411}
{"epoch": 7, "batch": 13600, "batches_per_epoch": 14609, "loss": 0.7110717296600342, "lr": 0.00010747645397819122}
{"epoch": 7, "batch": 13650, "batches_per_epoch": 14609, "loss": 0.7285388112068176, "lr": 0.00010725569072664437}
{"epoch": 7, "batch": 13700, "batches_per_epoch": 14609, "loss": 0.7340936660766602, "lr": 0.00010703509250305987}
{"epoch": 7, "batch": 13750, "batches_per_epoch": 14609, "loss": 0.7233595252037048, "lr": 0.00010681465956247341}
{"epoch": 7, "batch": 13800, "batches_per_epoch": 14609, "loss": 0.746305525302887, "lr": 0.0001065943921597295}
{"epoch": 7, "batch": 13850, "batches_per_epoch": 14609, "loss": 0.7481451630592346, "lr": 0.00010637429054948094}
{"epoch": 7, "batch": 13900, "batches_per_epoch": 14609, "loss": 0.6935927867889404, "lr": 0.00010615435498618948}
{"epoch": 7, "batch": 13950, "batches_per_epoch": 14609, "loss": 0.7190985679626465, "lr": 0.00010593458572412432}
{"checkpoint": "/content/GenAI/task1_llm/member_denisha/checkpoints/gpt_from_scratch_latest.pt", "epoch": 7, "batch": 14000}
{"epoch": 7, "batch": 14000, "batches_per_epoch": 14609, "loss": 0.7391747832298279, "lr": 0.00010571498301736287}
{"epoch": 7, "batch": 14050, "batches_per_epoch": 14609, "loss": 0.716082751750946, "lr": 0.00010549554711978979}
{"epoch": 7, "batch": 14100, "batches_per_epoch": 14609, "loss": 0.7335476279258728, "lr": 0.00010527627828509659}
{"epoch": 7, "batch": 14150, "batches_per_epoch": 14609, "loss": 0.6998138427734375, "lr": 0.00010505717676678214}
{"epoch": 7, "batch": 14200, "batches_per_epoch": 14609, "loss": 0.7208930850028992, "lr": 0.00010483824281815152}
{"epoch": 7, "batch": 14250, "batches_per_epoch": 14609, "loss": 0.6615480780601501, "lr": 0.00010461947669231637}
{"epoch": 7, "batch": 14300, "batches_per_epoch": 14609, "loss": 0.6750378608703613, "lr": 0.00010440087864219416}
{"epoch": 7, "batch": 14350, "batches_per_epoch": 14609, "loss": 0.6775755882263184, "lr": 0.00010418244892050774}
{"epoch": 7, "batch": 14400, "batches_per_epoch": 14609, "loss": 0.6844568848609924, "lr": 0.00010396418777978595}
{"epoch": 7, "batch": 14450, "batches_per_epoch": 14609, "loss": 0.7168566584587097, "lr": 0.00010374609547236224}
{"checkpoint": "/content/GenAI/task1_llm/member_denisha/checkpoints/gpt_from_scratch_latest.pt", "epoch": 7, "batch": 14500}
{"epoch": 7, "batch": 14500, "batches_per_epoch": 14609, "loss": 0.7022739052772522, "lr": 0.00010352817225037522}
{"epoch": 7, "batch": 14550, "batches_per_epoch": 14609, "loss": 0.6760875582695007, "lr": 0.0001033104183657679}
{"epoch": 7, "batch": 14600, "batches_per_epoch": 14609, "loss": 0.7168169021606445, "lr": 0.00010309283407028718}
{"epoch": 7, "train_loss": 0.7255003662135161, "val_loss": 0.6904447230005392, "val_accuracy": 0.7796598560098973, "grad_norm": 0.2411297857761383, "lr": 0.00010305368692688174}
{"epoch": 8, "batch": 50, "batches_per_epoch": 14609, "loss": 0.7081926465034485, "lr": 0.00010283630307010063}
{"epoch": 8, "batch": 100, "batches_per_epoch": 14609, "loss": 0.701583206653595, "lr": 0.00010261908935057524}
{"epoch": 8, "batch": 150, "batches_per_epoch": 14609, "loss": 0.7155774235725403, "lr": 0.00010240204601942812}
{"epoch": 8, "batch": 200, "batches_per_epoch": 14609, "loss": 0.7206932902336121, "lr": 0.00010218517332758523}
{"epoch": 8, "batch": 250, "batches_per_epoch": 14609, "loss": 0.7090137600898743, "lr": 0.00010196847152577487}
{"epoch": 8, "batch": 300, "batches_per_epoch": 14609, "loss": 0.7026885151863098, "lr": 0.00010175194086452797}
{"epoch": 8, "batch": 350, "batches_per_epoch": 14609, "loss": 0.7180406451225281, "lr": 0.00010153558159417742}
{"epoch": 8, "batch": 400, "batches_per_epoch": 14609, "loss": 0.7225565314292908, "lr": 0.00010131939396485829}
{"epoch": 8, "batch": 450, "batches_per_epoch": 14609, "loss": 0.7313060760498047, "lr": 0.00010110337822650691}
{"checkpoint": "/content/GenAI/task1_llm/member_denisha/checkpoints/gpt_from_scratch_latest.pt", "epoch": 8, "batch": 500}
{"epoch": 8, "batch": 500, "batches_per_epoch": 14609, "loss": 0.7277806401252747, "lr": 0.00010088753462886105}
{"epoch": 8, "batch": 550, "batches_per_epoch": 14609, "loss": 0.7418727278709412, "lr": 0.00010067186342145931}
{"epoch": 8, "batch": 600, "batches_per_epoch": 14609, "loss": 0.7373232841491699, "lr": 0.00010045636485364108}
{"epoch": 8, "batch": 650, "batches_per_epoch": 14609, "loss": 0.6885318160057068, "lr": 0.0001002410391745463}
{"epoch": 8, "batch": 700, "batches_per_epoch": 14609, "loss": 0.7279541492462158, "lr": 0.00010002588663311493}
{"epoch": 8, "batch": 750, "batches_per_epoch": 14609, "loss": 0.7625210881233215, "lr": 9.98109074780864e-05}
{"epoch": 8, "batch": 800, "batches_per_epoch": 14609, "loss": 0.7195262908935547, "lr": 9.959610195800039e-05}
{"epoch": 8, "batch": 850, "batches_per_epoch": 14609, "loss": 0.7070200443267822, "lr": 9.938147032119521e-05}
{"epoch": 8, "batch": 900, "batches_per_epoch": 14609, "loss": 0.7094551920890808, "lr": 9.916701281580859e-05}
{"epoch": 8, "batch": 950, "batches_per_epoch": 14609, "loss": 0.7190801501274109, "lr": 9.895272968977675e-05}
{"checkpoint": "/content/GenAI/task1_llm/member_denisha/checkpoints/gpt_from_scratch_latest.pt", "epoch": 8, "batch": 1000}
{"epoch": 8, "batch": 1000, "batches_per_epoch": 14609, "loss": 0.6947198510169983, "lr": 9.87386211908341e-05}
{"epoch": 8, "batch": 1050, "batches_per_epoch": 14609, "loss": 0.7438864707946777, "lr": 9.852468756651357e-05}
{"epoch": 8, "batch": 1100, "batches_per_epoch": 14609, "loss": 0.7103767395019531, "lr": 9.83109290641456e-05}
{"epoch": 8, "batch": 1150, "batches_per_epoch": 14609, "loss": 0.669123113155365, "lr": 9.809734593085843e-05}
{"epoch": 8, "batch": 1200, "batches_per_epoch": 14609, "loss": 0.6900275349617004, "lr": 9.788393841357743e-05}
{"epoch": 8, "batch": 1250, "batches_per_epoch": 14609, "loss": 0.7157971262931824, "lr": 9.767070675902464e-05}
{"epoch": 8, "batch": 1300, "batches_per_epoch": 14609, "loss": 0.7194220423698425, "lr": 9.745765121371938e-05}
{"epoch": 8, "batch": 1350, "batches_per_epoch": 14609, "loss": 0.7411835193634033, "lr": 9.724477202397683e-05}
{"epoch": 8, "batch": 1400, "batches_per_epoch": 14609, "loss": 0.6874573230743408, "lr": 9.703206943590873e-05}
{"epoch": 8, "batch": 1450, "batches_per_epoch": 14609, "loss": 0.7189733386039734, "lr": 9.681954369542237e-05}
{"checkpoint": "/content/GenAI/task1_llm/member_denisha/checkpoints/gpt_from_scratch_latest.pt", "epoch": 8, "batch": 1500}
{"epoch": 8, "batch": 1500, "batches_per_epoch": 14609, "loss": 0.7141876816749573, "lr": 9.660719504822046e-05}
{"epoch": 8, "batch": 1550, "batches_per_epoch": 14609, "loss": 0.729202926158905, "lr": 9.639502373980136e-05}
{"epoch": 8, "batch": 1600, "batches_per_epoch": 14609, "loss": 0.7002139091491699, "lr": 9.618303001545803e-05}
{"epoch": 8, "batch": 1650, "batches_per_epoch": 14609, "loss": 0.7165576815605164, "lr": 9.597121412027848e-05}
{"epoch": 8, "batch": 1700, "batches_per_epoch": 14609, "loss": 0.7247621417045593, "lr": 9.575957629914495e-05}
{"epoch": 8, "batch": 1750, "batches_per_epoch": 14609, "loss": 0.7292649149894714, "lr": 9.554811679673355e-05}
{"epoch": 8, "batch": 1800, "batches_per_epoch": 14609, "loss": 0.7184656262397766, "lr": 9.533683585751474e-05}
{"epoch": 8, "batch": 1850, "batches_per_epoch": 14609, "loss": 0.7146401405334473, "lr": 9.512573372575209e-05}
{"epoch": 8, "batch": 1900, "batches_per_epoch": 14609, "loss": 0.7024633884429932, "lr": 9.491481064550287e-05}
{"epoch": 8, "batch": 1950, "batches_per_epoch": 14609, "loss": 0.6916230320930481, "lr": 9.470406686061708e-05}
{"checkpoint": "/content/GenAI/task1_llm/member_denisha/checkpoints/gpt_from_scratch_latest.pt", "epoch": 8, "batch": 2000}
{"epoch": 8, "batch": 2000, "batches_per_epoch": 14609, "loss": 0.7138826251029968, "lr": 9.449350261473724e-05}
{"epoch": 8, "batch": 2050, "batches_per_epoch": 14609, "loss": 0.7527405619621277, "lr": 9.428311815129878e-05}
{"epoch": 8, "batch": 2100, "batches_per_epoch": 14609, "loss": 0.6868370175361633, "lr": 9.407291371352891e-05}
{"epoch": 8, "batch": 2150, "batches_per_epoch": 14609, "loss": 0.6826593279838562, "lr": 9.386288954444699e-05}
{"epoch": 8, "batch": 2200, "batches_per_epoch": 14609, "loss": 0.7314844131469727, "lr": 9.365304588686385e-05}
{"epoch": 8, "batch": 2250, "batches_per_epoch": 14609, "loss": 0.7290566563606262, "lr": 9.344338298338134e-05}
{"epoch": 8, "batch": 2300, "batches_per_epoch": 14609, "loss": 0.7519268989562988, "lr": 9.323390107639282e-05}
{"epoch": 8, "batch": 2350, "batches_per_epoch": 14609, "loss": 0.7349719405174255, "lr": 9.302460040808205e-05}
{"epoch": 8, "batch": 2400, "batches_per_epoch": 14609, "loss": 0.6940827965736389, "lr": 9.281548122042366e-05}
{"epoch": 8, "batch": 2450, "batches_per_epoch": 14609, "loss": 0.7064006328582764, "lr": 9.26065437551819e-05}
{"checkpoint": "/content/GenAI/task1_llm/member_denisha/checkpoints/gpt_from_scratch_latest.pt", "epoch": 8, "batch": 2500}
{"epoch": 8, "batch": 2500, "batches_per_epoch": 14609, "loss": 0.6877780556678772, "lr": 9.239778825391123e-05}
{"epoch": 8, "batch": 2550, "batches_per_epoch": 14609, "loss": 0.7506912350654602, "lr": 9.218921495795596e-05}
{"epoch": 8, "batch": 2600, "batches_per_epoch": 14609, "loss": 0.7243110537528992, "lr": 9.19808241084493e-05}
{"epoch": 8, "batch": 2650, "batches_per_epoch": 14609, "loss": 0.6917452812194824, "lr": 9.177261594631403e-05}
{"epoch": 8, "batch": 2700, "batches_per_epoch": 14609, "loss": 0.6907075047492981, "lr": 9.156459071226123e-05}
{"epoch": 8, "batch": 2750, "batches_per_epoch": 14609, "loss": 0.7323138117790222, "lr": 9.135674864679066e-05}
{"epoch": 8, "batch": 2800, "batches_per_epoch": 14609, "loss": 0.7069125175476074, "lr": 9.114908999019061e-05}
{"epoch": 8, "batch": 2850, "batches_per_epoch": 14609, "loss": 0.7069050669670105, "lr": 9.09416149825369e-05}
{"epoch": 8, "batch": 2900, "batches_per_epoch": 14609, "loss": 0.7463014721870422, "lr": 9.073432386369346e-05}
{"epoch": 8, "batch": 2950, "batches_per_epoch": 14609, "loss": 0.7144103050231934, "lr": 9.052721687331105e-05}
{"checkpoint": "/content/GenAI/task1_llm/member_denisha/checkpoints/gpt_from_scratch_latest.pt", "epoch": 8, "batch": 3000}
{"epoch": 8, "batch": 3000, "batches_per_epoch": 14609, "loss": 0.7303991317749023, "lr": 9.032029425082821e-05}
{"epoch": 8, "batch": 3050, "batches_per_epoch": 14609, "loss": 0.7065064311027527, "lr": 9.011355623546988e-05}
{"epoch": 8, "batch": 3100, "batches_per_epoch": 14609, "loss": 0.7030167579650879, "lr": 8.990700306624766e-05}
{"epoch": 8, "batch": 3150, "batches_per_epoch": 14609, "loss": 0.7198101878166199, "lr": 8.970063498195974e-05}
{"epoch": 8, "batch": 3200, "batches_per_epoch": 14609, "loss": 0.6895787119865417, "lr": 8.949445222118974e-05}
{"epoch": 8, "batch": 3250, "batches_per_epoch": 14609, "loss": 0.7039838433265686, "lr": 8.928845502230765e-05}
{"epoch": 8, "batch": 3300, "batches_per_epoch": 14609, "loss": 0.7204112410545349, "lr": 8.908264362346858e-05}
{"epoch": 8, "batch": 3350, "batches_per_epoch": 14609, "loss": 0.7154117226600647, "lr": 8.887701826261283e-05}
{"epoch": 8, "batch": 3400, "batches_per_epoch": 14609, "loss": 0.7219398617744446, "lr": 8.867157917746596e-05}
{"epoch": 8, "batch": 3450, "batches_per_epoch": 14609, "loss": 0.7080311179161072, "lr": 8.846632660553755e-05}
{"checkpoint": "/content/GenAI/task1_llm/member_denisha/checkpoints/gpt_from_scratch_latest.pt", "epoch": 8, "batch": 3500}
{"epoch": 8, "batch": 3500, "batches_per_epoch": 14609, "loss": 0.7228921055793762, "lr": 8.826126078412222e-05}
{"epoch": 8, "batch": 3550, "batches_per_epoch": 14609, "loss": 0.7308042645454407, "lr": 8.805638195029825e-05}
{"epoch": 8, "batch": 3600, "batches_per_epoch": 14609, "loss": 0.7177157998085022, "lr": 8.785169034092782e-05}
{"epoch": 8, "batch": 3650, "batches_per_epoch": 14609, "loss": 0.7228354811668396, "lr": 8.764718619265699e-05}
{"epoch": 8, "batch": 3700, "batches_per_epoch": 14609, "loss": 0.7201891541481018, "lr": 8.744286974191446e-05}
{"epoch": 8, "batch": 3750, "batches_per_epoch": 14609, "loss": 0.7048113346099854, "lr": 8.723874122491254e-05}
{"epoch": 8, "batch": 3800, "batches_per_epoch": 14609, "loss": 0.7251453995704651, "lr": 8.703480087764595e-05}
{"epoch": 8, "batch": 3850, "batches_per_epoch": 14609, "loss": 0.734231173992157, "lr": 8.683104893589183e-05}
{"epoch": 8, "batch": 3900, "batches_per_epoch": 14609, "loss": 0.7035683989524841, "lr": 8.662748563520986e-05}
{"epoch": 8, "batch": 3950, "batches_per_epoch": 14609, "loss": 0.7191799283027649, "lr": 8.642411121094108e-05}
{"checkpoint": "/content/GenAI/task1_llm/member_denisha/checkpoints/gpt_from_scratch_latest.pt", "epoch": 8, "batch": 4000}
{"epoch": 8, "batch": 4000, "batches_per_epoch": 14609, "loss": 0.6953679919242859, "lr": 8.622092589820867e-05}
{"epoch": 8, "batch": 4050, "batches_per_epoch": 14609, "loss": 0.7228832244873047, "lr": 8.601792993191693e-05}
{"epoch": 8, "batch": 4100, "batches_per_epoch": 14609, "loss": 0.6995987296104431, "lr": 8.581512354675128e-05}
{"epoch": 8, "batch": 4150, "batches_per_epoch": 14609, "loss": 0.7094913125038147, "lr": 8.561250697717795e-05}
{"epoch": 8, "batch": 4200, "batches_per_epoch": 14609, "loss": 0.7407782673835754, "lr": 8.541008045744372e-05}
{"epoch": 8, "batch": 4250, "batches_per_epoch": 14609, "loss": 0.7435398101806641, "lr": 8.520784422157585e-05}
{"epoch": 8, "batch": 4300, "batches_per_epoch": 14609, "loss": 0.7074705958366394, "lr": 8.50057985033813e-05}
{"epoch": 8, "batch": 4350, "batches_per_epoch": 14609, "loss": 0.7181571125984192, "lr": 8.480394353644699e-05}
{"epoch": 8, "batch": 4400, "batches_per_epoch": 14609, "loss": 0.7198808193206787, "lr": 8.460227955413921e-05}
{"epoch": 8, "batch": 4450, "batches_per_epoch": 14609, "loss": 0.7485707402229309, "lr": 8.44008067896034e-05}
{"checkpoint": "/content/GenAI/task1_llm/member_denisha/checkpoints/gpt_from_scratch_latest.pt", "epoch": 8, "batch": 4500}
{"epoch": 8, "batch": 4500, "batches_per_epoch": 14609, "loss": 0.6734793186187744, "lr": 8.419952547576418e-05}
{"epoch": 8, "batch": 4550, "batches_per_epoch": 14609, "loss": 0.7013239860534668, "lr": 8.399843584532454e-05}
{"epoch": 8, "batch": 4600, "batches_per_epoch": 14609, "loss": 0.712440550327301, "lr": 8.379753813076607e-05}
{"epoch": 8, "batch": 4650, "batches_per_epoch": 14609, "loss": 0.6967766880989075, "lr": 8.35968325643483e-05}
{"epoch": 8, "batch": 4700, "batches_per_epoch": 14609, "loss": 0.7288156151771545, "lr": 8.33963193781087e-05}
{"epoch": 8, "batch": 4750, "batches_per_epoch": 14609, "loss": 0.702253520488739, "lr": 8.31959988038625e-05}
{"epoch": 8, "batch": 4800, "batches_per_epoch": 14609, "loss": 0.69077467918396, "lr": 8.2995871073202e-05}
{"epoch": 8, "batch": 4850, "batches_per_epoch": 14609, "loss": 0.7100145220756531, "lr": 8.279593641749667e-05}
{"epoch": 8, "batch": 4900, "batches_per_epoch": 14609, "loss": 0.7334573864936829, "lr": 8.259619506789267e-05}
{"epoch": 8, "batch": 4950, "batches_per_epoch": 14609, "loss": 0.6918622851371765, "lr": 8.239664725531273e-05}
{"checkpoint": "/content/GenAI/task1_llm/member_denisha/checkpoints/gpt_from_scratch_latest.pt", "epoch": 8, "batch": 5000}
{"epoch": 8, "batch": 5000, "batches_per_epoch": 14609, "loss": 0.7339990735054016, "lr": 8.2197293210456e-05}
{"epoch": 8, "batch": 5050, "batches_per_epoch": 14609, "loss": 0.6979496479034424, "lr": 8.199813316379737e-05}
{"epoch": 8, "batch": 5100, "batches_per_epoch": 14609, "loss": 0.7341707348823547, "lr": 8.179916734558754e-05}
{"epoch": 8, "batch": 5150, "batches_per_epoch": 14609, "loss": 0.7420212626457214, "lr": 8.160039598585262e-05}
{"epoch": 8, "batch": 5200, "batches_per_epoch": 14609, "loss": 0.7410402894020081, "lr": 8.140181931439392e-05}
{"epoch": 8, "batch": 5250, "batches_per_epoch": 14609, "loss": 0.6989502906799316, "lr": 8.120343756078783e-05}
{"epoch": 8, "batch": 5300, "batches_per_epoch": 14609, "loss": 0.7247902750968933, "lr": 8.100525095438519e-05}
{"epoch": 8, "batch": 5350, "batches_per_epoch": 14609, "loss": 0.7080628275871277, "lr": 8.080725972431125e-05}
{"epoch": 8, "batch": 5400, "batches_per_epoch": 14609, "loss": 0.7238706946372986, "lr": 8.060946409946546e-05}
{"epoch": 8, "batch": 5450, "batches_per_epoch": 14609, "loss": 0.6944189071655273, "lr": 8.041186430852102e-05}
{"checkpoint": "/content/GenAI/task1_llm/member_denisha/checkpoints/gpt_from_scratch_latest.pt", "epoch": 8, "batch": 5500}
{"epoch": 8, "batch": 5500, "batches_per_epoch": 14609, "loss": 0.6916831135749817, "lr": 8.021446057992496e-05}
{"epoch": 8, "batch": 5550, "batches_per_epoch": 14609, "loss": 0.7994363903999329, "lr": 8.001725314189737e-05}
{"epoch": 8, "batch": 5600, "batches_per_epoch": 14609, "loss": 0.6977707743644714, "lr": 7.982024222243156e-05}
{"epoch": 8, "batch": 5650, "batches_per_epoch": 14609, "loss": 0.7322832942008972, "lr": 7.96234280492936e-05}
{"epoch": 8, "batch": 5700, "batches_per_epoch": 14609, "loss": 0.7119083404541016, "lr": 7.942681085002198e-05}
{"epoch": 8, "batch": 5750, "batches_per_epoch": 14609, "loss": 0.7002446055412292, "lr": 7.92303908519278e-05}
{"epoch": 8, "batch": 5800, "batches_per_epoch": 14609, "loss": 0.7012030482292175, "lr": 7.903416828209379e-05}
{"epoch": 8, "batch": 5850, "batches_per_epoch": 14609, "loss": 0.6839691996574402, "lr": 7.88381433673748e-05}
{"epoch": 8, "batch": 5900, "batches_per_epoch": 14609, "loss": 0.677734375, "lr": 7.864231633439678e-05}
{"epoch": 8, "batch": 5950, "batches_per_epoch": 14609, "loss": 0.721335232257843, "lr": 7.844668740955709e-05}
{"checkpoint": "/content/GenAI/task1_llm/member_denisha/checkpoints/gpt_from_scratch_latest.pt", "epoch": 8, "batch": 6000}
{"epoch": 8, "batch": 6000, "batches_per_epoch": 14609, "loss": 0.7579420208930969, "lr": 7.82512568190242e-05}
{"epoch": 8, "batch": 6050, "batches_per_epoch": 14609, "loss": 0.7292020320892334, "lr": 7.805602478873713e-05}
{"epoch": 8, "batch": 6100, "batches_per_epoch": 14609, "loss": 0.71600341796875, "lr": 7.786099154440529e-05}
{"epoch": 8, "batch": 6150, "batches_per_epoch": 14609, "loss": 0.7502212524414062, "lr": 7.76661573115084e-05}
{"epoch": 8, "batch": 6200, "batches_per_epoch": 14609, "loss": 0.7108144760131836, "lr": 7.747152231529594e-05}
{"epoch": 8, "batch": 6250, "batches_per_epoch": 14609, "loss": 0.7696986794471741, "lr": 7.727708678078732e-05}
{"epoch": 8, "batch": 6300, "batches_per_epoch": 14609, "loss": 0.7019900679588318, "lr": 7.70828509327711e-05}
{"epoch": 8, "batch": 6350, "batches_per_epoch": 14609, "loss": 0.7094946503639221, "lr": 7.688881499580508e-05}
{"epoch": 8, "batch": 6400, "batches_per_epoch": 14609, "loss": 0.7420616149902344, "lr": 7.669497919421589e-05}
{"epoch": 8, "batch": 6450, "batches_per_epoch": 14609, "loss": 0.6625274419784546, "lr": 7.65013437520988e-05}
{"checkpoint": "/content/GenAI/task1_llm/member_denisha/checkpoints/gpt_from_scratch_latest.pt", "epoch": 8, "batch": 6500}
{"epoch": 8, "batch": 6500, "batches_per_epoch": 14609, "loss": 0.7541489601135254, "lr": 7.63079088933176e-05}
{"epoch": 8, "batch": 6550, "batches_per_epoch": 14609, "loss": 0.7269403338432312, "lr": 7.611467484150395e-05}
{"epoch": 8, "batch": 6600, "batches_per_epoch": 14609, "loss": 0.6967506408691406, "lr": 7.592164182005748e-05}
{"epoch": 8, "batch": 6650, "batches_per_epoch": 14609, "loss": 0.7455830574035645, "lr": 7.572881005214532e-05}
{"epoch": 8, "batch": 6700, "batches_per_epoch": 14609, "loss": 0.7176778316497803, "lr": 7.553617976070199e-05}
{"epoch": 8, "batch": 6750, "batches_per_epoch": 14609, "loss": 0.7347052097320557, "lr": 7.534375116842918e-05}
{"epoch": 8, "batch": 6800, "batches_per_epoch": 14609, "loss": 0.7179247736930847, "lr": 7.515152449779522e-05}
{"epoch": 8, "batch": 6850, "batches_per_epoch": 14609, "loss": 0.7248611450195312, "lr": 7.49594999710351e-05}
{"epoch": 8, "batch": 6900, "batches_per_epoch": 14609, "loss": 0.7107006907463074, "lr": 7.476767781015003e-05}
{"epoch": 8, "batch": 6950, "batches_per_epoch": 14609, "loss": 0.719473123550415, "lr": 7.45760582369073e-05}
{"checkpoint": "/content/GenAI/task1_llm/member_denisha/checkpoints/gpt_from_scratch_latest.pt", "epoch": 8, "batch": 7000}
{"epoch": 8, "batch": 7000, "batches_per_epoch": 14609, "loss": 0.7022078633308411, "lr": 7.438464147284008e-05}
{"epoch": 8, "batch": 7050, "batches_per_epoch": 14609, "loss": 0.6886760592460632, "lr": 7.419342773924698e-05}
{"epoch": 8, "batch": 7100, "batches_per_epoch": 14609, "loss": 0.7169365882873535, "lr": 7.400241725719184e-05}
{"epoch": 8, "batch": 7150, "batches_per_epoch": 14609, "loss": 0.7300257682800293, "lr": 7.38116102475036e-05}
{"epoch": 8, "batch": 7200, "batches_per_epoch": 14609, "loss": 0.7129294872283936, "lr": 7.362100693077586e-05}
{"epoch": 8, "batch": 7250, "batches_per_epoch": 14609, "loss": 0.7104550004005432, "lr": 7.343060752736696e-05}
{"epoch": 8, "batch": 7300, "batches_per_epoch": 14609, "loss": 0.6978080868721008, "lr": 7.324041225739925e-05}
{"epoch": 8, "batch": 7350, "batches_per_epoch": 14609, "loss": 0.7265917658805847, "lr": 7.305042134075917e-05}
{"epoch": 8, "batch": 7400, "batches_per_epoch": 14609, "loss": 0.7149160504341125, "lr": 7.286063499709694e-05}
{"epoch": 8, "batch": 7450, "batches_per_epoch": 14609, "loss": 0.7021411061286926, "lr": 7.267105344582612e-05}
{"checkpoint": "/content/GenAI/task1_llm/member_denisha/checkpoints/gpt_from_scratch_latest.pt", "epoch": 8, "batch": 7500}
{"epoch": 8, "batch": 7500, "batches_per_epoch": 14609, "loss": 0.70706707239151, "lr": 7.248167690612375e-05}
{"epoch": 8, "batch": 7550, "batches_per_epoch": 14609, "loss": 0.6700210571289062, "lr": 7.229250559692974e-05}
{"epoch": 8, "batch": 7600, "batches_per_epoch": 14609, "loss": 0.7440060973167419, "lr": 7.210353973694663e-05}
{"epoch": 8, "batch": 7650, "batches_per_epoch": 14609, "loss": 0.7170505523681641, "lr": 7.191477954463956e-05}
{"epoch": 8, "batch": 7700, "batches_per_epoch": 14609, "loss": 0.6961854100227356, "lr": 7.172622523823583e-05}
{"epoch": 8, "batch": 7750, "batches_per_epoch": 14609, "loss": 0.7070418000221252, "lr": 7.153787703572484e-05}
{"epoch": 8, "batch": 7800, "batches_per_epoch": 14609, "loss": 0.7394514083862305, "lr": 7.134973515485755e-05}
{"epoch": 8, "batch": 7850, "batches_per_epoch": 14609, "loss": 0.7093032002449036, "lr": 7.116179981314646e-05}
{"epoch": 8, "batch": 7900, "batches_per_epoch": 14609, "loss": 0.7179990410804749, "lr": 7.097407122786534e-05}
{"epoch": 8, "batch": 7950, "batches_per_epoch": 14609, "loss": 0.7260368466377258, "lr": 7.078654961604871e-05}
{"checkpoint": "/content/GenAI/task1_llm/member_denisha/checkpoints/gpt_from_scratch_latest.pt", "epoch": 8, "batch": 8000}
{"epoch": 8, "batch": 8000, "batches_per_epoch": 14609, "loss": 0.7052870392799377, "lr": 7.059923519449218e-05}
{"epoch": 8, "batch": 8050, "batches_per_epoch": 14609, "loss": 0.7135102152824402, "lr": 7.041212817975151e-05}
{"epoch": 8, "batch": 8100, "batches_per_epoch": 14609, "loss": 0.719700038433075, "lr": 7.022522878814281e-05}
{"epoch": 8, "batch": 8150, "batches_per_epoch": 14609, "loss": 0.6875707507133484, "lr": 7.003853723574211e-05}
{"epoch": 8, "batch": 8200, "batches_per_epoch": 14609, "loss": 0.7304506897926331, "lr": 6.985205373838507e-05}
{"epoch": 8, "batch": 8250, "batches_per_epoch": 14609, "loss": 0.7080704569816589, "lr": 6.966577851166708e-05}
{"epoch": 8, "batch": 8300, "batches_per_epoch": 14609, "loss": 0.7293669581413269, "lr": 6.947971177094256e-05}
{"epoch": 8, "batch": 8350, "batches_per_epoch": 14609, "loss": 0.7306807637214661, "lr": 6.929385373132483e-05}
{"epoch": 8, "batch": 8400, "batches_per_epoch": 14609, "loss": 0.7188965678215027, "lr": 6.910820460768602e-05}
{"epoch": 8, "batch": 8450, "batches_per_epoch": 14609, "loss": 0.745114803314209, "lr": 6.892276461465683e-05}
{"checkpoint": "/content/GenAI/task1_llm/member_denisha/checkpoints/gpt_from_scratch_latest.pt", "epoch": 8, "batch": 8500}
{"epoch": 8, "batch": 8500, "batches_per_epoch": 14609, "loss": 0.752337634563446, "lr": 6.873753396662602e-05}
{"epoch": 8, "batch": 8550, "batches_per_epoch": 14609, "loss": 0.6936118006706238, "lr": 6.855251287774039e-05}
{"epoch": 8, "batch": 8600, "batches_per_epoch": 14609, "loss": 0.7206516861915588, "lr": 6.836770156190447e-05}
{"epoch": 8, "batch": 8650, "batches_per_epoch": 14609, "loss": 0.6909025311470032, "lr": 6.818310023278019e-05}
{"epoch": 8, "batch": 8700, "batches_per_epoch": 14609, "loss": 0.7008442878723145, "lr": 6.799870910378689e-05}
{"epoch": 8, "batch": 8750, "batches_per_epoch": 14609, "loss": 0.6742560267448425, "lr": 6.781452838810075e-05}
{"epoch": 8, "batch": 8800, "batches_per_epoch": 14609, "loss": 0.7192345261573792, "lr": 6.763055829865474e-05}
{"epoch": 8, "batch": 8850, "batches_per_epoch": 14609, "loss": 0.7033470273017883, "lr": 6.744679904813833e-05}
{"epoch": 8, "batch": 8900, "batches_per_epoch": 14609, "loss": 0.6928257942199707, "lr": 6.726325084899709e-05}
{"epoch": 8, "batch": 8950, "batches_per_epoch": 14609, "loss": 0.6862685680389404, "lr": 6.707991391343287e-05}
{"checkpoint": "/content/GenAI/task1_llm/member_denisha/checkpoints/gpt_from_scratch_latest.pt", "epoch": 8, "batch": 9000}
{"epoch": 8, "batch": 9000, "batches_per_epoch": 14609, "loss": 0.7335479855537415, "lr": 6.689678845340318e-05}
{"epoch": 8, "batch": 9050, "batches_per_epoch": 14609, "loss": 0.7425544261932373, "lr": 6.671387468062076e-05}
{"epoch": 8, "batch": 9100, "batches_per_epoch": 14609, "loss": 0.7221462726593018, "lr": 6.653117280655402e-05}
{"epoch": 8, "batch": 9150, "batches_per_epoch": 14609, "loss": 0.6948294043540955, "lr": 6.634868304242611e-05}
{"epoch": 8, "batch": 9200, "batches_per_epoch": 14609, "loss": 0.7331104278564453, "lr": 6.616640559921519e-05}
{"epoch": 8, "batch": 9250, "batches_per_epoch": 14609, "loss": 0.7190144658088684, "lr": 6.598434068765383e-05}
{"epoch": 8, "batch": 9300, "batches_per_epoch": 14609, "loss": 0.6985633373260498, "lr": 6.580248851822871e-05}
{"epoch": 8, "batch": 9350, "batches_per_epoch": 14609, "loss": 0.7348267436027527, "lr": 6.56208493011809e-05}
{"epoch": 8, "batch": 9400, "batches_per_epoch": 14609, "loss": 0.7215983271598816, "lr": 6.543942324650498e-05}
{"epoch": 8, "batch": 9450, "batches_per_epoch": 14609, "loss": 0.6890390515327454, "lr": 6.52582105639494e-05}
{"checkpoint": "/content/GenAI/task1_llm/member_denisha/checkpoints/gpt_from_scratch_latest.pt", "epoch": 8, "batch": 9500}
{"epoch": 8, "batch": 9500, "batches_per_epoch": 14609, "loss": 0.722364604473114, "lr": 6.507721146301573e-05}
{"epoch": 8, "batch": 9550, "batches_per_epoch": 14609, "loss": 0.7258491516113281, "lr": 6.48964261529584e-05}
{"epoch": 8, "batch": 9600, "batches_per_epoch": 14609, "loss": 0.7264869213104248, "lr": 6.471585484278516e-05}
{"epoch": 8, "batch": 9650, "batches_per_epoch": 14609, "loss": 0.6974137425422668, "lr": 6.453549774125592e-05}
{"epoch": 8, "batch": 9700, "batches_per_epoch": 14609, "loss": 0.7006366848945618, "lr": 6.435535505688331e-05}
{"epoch": 8, "batch": 9750, "batches_per_epoch": 14609, "loss": 0.7451601624488831, "lr": 6.417542699793186e-05}
{"epoch": 8, "batch": 9800, "batches_per_epoch": 14609, "loss": 0.7242460250854492, "lr": 6.399571377241781e-05}
{"epoch": 8, "batch": 9850, "batches_per_epoch": 14609, "loss": 0.7570082545280457, "lr": 6.381621558810938e-05}
{"epoch": 8, "batch": 9900, "batches_per_epoch": 14609, "loss": 0.7124826312065125, "lr": 6.36369326525259e-05}
{"epoch": 8, "batch": 9950, "batches_per_epoch": 14609, "loss": 0.7072858214378357, "lr": 6.34578651729381e-05}
{"checkpoint": "/content/GenAI/task1_llm/member_denisha/checkpoints/gpt_from_scratch_latest.pt", "epoch": 8, "batch": 10000}
{"epoch": 8, "batch": 10000, "batches_per_epoch": 14609, "loss": 0.6890203356742859, "lr": 6.327901335636751e-05}
{"epoch": 8, "batch": 10050, "batches_per_epoch": 14609, "loss": 0.7438080906867981, "lr": 6.310037740958605e-05}
{"epoch": 8, "batch": 10100, "batches_per_epoch": 14609, "loss": 0.693148136138916, "lr": 6.292195753911654e-05}
{"epoch": 8, "batch": 10150, "batches_per_epoch": 14609, "loss": 0.7042989730834961, "lr": 6.274375395123164e-05}
{"epoch": 8, "batch": 10200, "batches_per_epoch": 14609, "loss": 0.7010469436645508, "lr": 6.256576685195426e-05}
{"epoch": 8, "batch": 10250, "batches_per_epoch": 14609, "loss": 0.6955962181091309, "lr": 6.238799644705684e-05}
{"epoch": 8, "batch": 10300, "batches_per_epoch": 14609, "loss": 0.7250606417655945, "lr": 6.221044294206112e-05}
{"epoch": 8, "batch": 10350, "batches_per_epoch": 14609, "loss": 0.6966814398765564, "lr": 6.203310654223851e-05}
{"epoch": 8, "batch": 10400, "batches_per_epoch": 14609, "loss": 0.7673454284667969, "lr": 6.1855987452609e-05}
{"epoch": 8, "batch": 10450, "batches_per_epoch": 14609, "loss": 0.6800491213798523, "lr": 6.167908587794174e-05}
{"checkpoint": "/content/GenAI/task1_llm/member_denisha/checkpoints/gpt_from_scratch_latest.pt", "epoch": 8, "batch": 10500}
{"epoch": 8, "batch": 10500, "batches_per_epoch": 14609, "loss": 0.7281277775764465, "lr": 6.15024020227542e-05}
{"epoch": 8, "batch": 10550, "batches_per_epoch": 14609, "loss": 0.734006404876709, "lr": 6.132593609131193e-05}
{"epoch": 8, "batch": 10600, "batches_per_epoch": 14609, "loss": 0.7107688784599304, "lr": 6.114968828762895e-05}
{"epoch": 8, "batch": 10650, "batches_per_epoch": 14609, "loss": 0.7253548502922058, "lr": 6.0973658815466794e-05}
{"epoch": 8, "batch": 10700, "batches_per_epoch": 14609, "loss": 0.7156439423561096, "lr": 6.079784787833489e-05}
{"epoch": 8, "batch": 10750, "batches_per_epoch": 14609, "loss": 0.7150785326957703, "lr": 6.062225567948965e-05}
{"epoch": 8, "batch": 10800, "batches_per_epoch": 14609, "loss": 0.7079353332519531, "lr": 6.044688242193475e-05}
{"epoch": 8, "batch": 10850, "batches_per_epoch": 14609, "loss": 0.7212793231010437, "lr": 6.0271728308420896e-05}
{"epoch": 8, "batch": 10900, "batches_per_epoch": 14609, "loss": 0.7245571613311768, "lr": 6.0096793541445176e-05}
{"epoch": 8, "batch": 10950, "batches_per_epoch": 14609, "loss": 0.7458726763725281, "lr": 5.992207832325144e-05}
{"checkpoint": "/content/GenAI/task1_llm/member_denisha/checkpoints/gpt_from_scratch_latest.pt", "epoch": 8, "batch": 11000}
{"epoch": 8, "batch": 11000, "batches_per_epoch": 14609, "loss": 0.703757107257843, "lr": 5.974758285582929e-05}
{"epoch": 8, "batch": 11050, "batches_per_epoch": 14609, "loss": 0.7791039943695068, "lr": 5.957330734091451e-05}
{"epoch": 8, "batch": 11100, "batches_per_epoch": 14609, "loss": 0.733579158782959, "lr": 5.939925197998869e-05}
{"epoch": 8, "batch": 11150, "batches_per_epoch": 14609, "loss": 0.7049837708473206, "lr": 5.922541697427861e-05}
{"epoch": 8, "batch": 11200, "batches_per_epoch": 14609, "loss": 0.7397530674934387, "lr": 5.9051802524756726e-05}
{"epoch": 8, "batch": 11250, "batches_per_epoch": 14609, "loss": 0.7009523510932922, "lr": 5.887840883213991e-05}
{"epoch": 8, "batch": 11300, "batches_per_epoch": 14609, "loss": 0.7138280868530273, "lr": 5.870523609689038e-05}
{"epoch": 8, "batch": 11350, "batches_per_epoch": 14609, "loss": 0.7179582715034485, "lr": 5.8532284519214634e-05}
{"epoch": 8, "batch": 11400, "batches_per_epoch": 14609, "loss": 0.6910035014152527, "lr": 5.83595542990634e-05}
{"epoch": 8, "batch": 11450, "batches_per_epoch": 14609, "loss": 0.7051224708557129, "lr": 5.818704563613186e-05}
{"checkpoint": "/content/GenAI/task1_llm/member_denisha/checkpoints/gpt_from_scratch_latest.pt", "epoch": 8, "batch": 11500}
{"epoch": 8, "batch": 11500, "batches_per_epoch": 14609, "loss": 0.7034401297569275, "lr": 5.8014758729858533e-05}
{"epoch": 8, "batch": 11550, "batches_per_epoch": 14609, "loss": 0.7063629031181335, "lr": 5.7842693779426025e-05}
{"epoch": 8, "batch": 11600, "batches_per_epoch": 14609, "loss": 0.7028465270996094, "lr": 5.7670850983760125e-05}
{"epoch": 8, "batch": 11650, "batches_per_epoch": 14609, "loss": 0.7062190175056458, "lr": 5.7499230541529693e-05}
{"epoch": 8, "batch": 11700, "batches_per_epoch": 14609, "loss": 0.6927289962768555, "lr": 5.7327832651146886e-05}
{"epoch": 8, "batch": 11750, "batches_per_epoch": 14609, "loss": 0.7011697888374329, "lr": 5.715665751076604e-05}
{"epoch": 8, "batch": 11800, "batches_per_epoch": 14609, "loss": 0.7303642630577087, "lr": 5.6985705318284454e-05}
{"epoch": 8, "batch": 11850, "batches_per_epoch": 14609, "loss": 0.7464659810066223, "lr": 5.681497627134141e-05}
{"epoch": 8, "batch": 11900, "batches_per_epoch": 14609, "loss": 0.6858741641044617, "lr": 5.664447056731823e-05}
{"epoch": 8, "batch": 11950, "batches_per_epoch": 14609, "loss": 0.7531803250312805, "lr": 5.6474188403338234e-05}
{"checkpoint": "/content/GenAI/task1_llm/member_denisha/checkpoints/gpt_from_scratch_latest.pt", "epoch": 8, "batch": 12000}
{"epoch": 8, "batch": 12000, "batches_per_epoch": 14609, "loss": 0.7225015163421631, "lr": 5.630412997626588e-05}
{"epoch": 8, "batch": 12050, "batches_per_epoch": 14609, "loss": 0.7320988774299622, "lr": 5.6134295482707456e-05}
{"epoch": 8, "batch": 12100, "batches_per_epoch": 14609, "loss": 0.7145455479621887, "lr": 5.596468511901004e-05}
{"epoch": 8, "batch": 12150, "batches_per_epoch": 14609, "loss": 0.726038932800293, "lr": 5.5795299081261605e-05}
{"epoch": 8, "batch": 12200, "batches_per_epoch": 14609, "loss": 0.6846868395805359, "lr": 5.562613756529106e-05}
{"epoch": 8, "batch": 12250, "batches_per_epoch": 14609, "loss": 0.7473483085632324, "lr": 5.545720076666727e-05}
{"epoch": 8, "batch": 12300, "batches_per_epoch": 14609, "loss": 0.7144506573677063, "lr": 5.528848888069976e-05}
{"epoch": 8, "batch": 12350, "batches_per_epoch": 14609, "loss": 0.744440495967865, "lr": 5.5120002102437786e-05}
{"epoch": 8, "batch": 12400, "batches_per_epoch": 14609, "loss": 0.701852023601532, "lr": 5.495174062667038e-05}
{"epoch": 8, "batch": 12450, "batches_per_epoch": 14609, "loss": 0.7203157544136047, "lr": 5.478370464792615e-05}
{"checkpoint": "/content/GenAI/task1_llm/member_denisha/checkpoints/gpt_from_scratch_latest.pt", "epoch": 8, "batch": 12500}
{"epoch": 8, "batch": 12500, "batches_per_epoch": 14609, "loss": 0.700700581073761, "lr": 5.46158943604729e-05}
{"epoch": 8, "batch": 12550, "batches_per_epoch": 14609, "loss": 0.7009992003440857, "lr": 5.444830995831776e-05}
{"epoch": 8, "batch": 12600, "batches_per_epoch": 14609, "loss": 0.760223388671875, "lr": 5.4280951635206436e-05}
{"epoch": 8, "batch": 12650, "batches_per_epoch": 14609, "loss": 0.7138134837150574, "lr": 5.411381958462339e-05}
{"epoch": 8, "batch": 12700, "batches_per_epoch": 14609, "loss": 0.7267985343933105, "lr": 5.3946913999791456e-05}
{"epoch": 8, "batch": 12750, "batches_per_epoch": 14609, "loss": 0.712435245513916, "lr": 5.3780235073671605e-05}
{"epoch": 8, "batch": 12800, "batches_per_epoch": 14609, "loss": 0.7318148016929626, "lr": 5.3613782998962966e-05}
{"epoch": 8, "batch": 12850, "batches_per_epoch": 14609, "loss": 0.7475726008415222, "lr": 5.344755796810219e-05}
{"epoch": 8, "batch": 12900, "batches_per_epoch": 14609, "loss": 0.7292456030845642, "lr": 5.328156017326347e-05}
{"epoch": 8, "batch": 12950, "batches_per_epoch": 14609, "loss": 0.7133691906929016, "lr": 5.3115789806358365e-05}
{"checkpoint": "/content/GenAI/task1_llm/member_denisha/checkpoints/gpt_from_scratch_latest.pt", "epoch": 8, "batch": 13000}
{"epoch": 8, "batch": 13000, "batches_per_epoch": 14609, "loss": 0.7112831473350525, "lr": 5.295024705903542e-05}
{"epoch": 8, "batch": 13050, "batches_per_epoch": 14609, "loss": 0.7345423102378845, "lr": 5.278493212268015e-05}
{"epoch": 8, "batch": 13100, "batches_per_epoch": 14609, "loss": 0.6973348259925842, "lr": 5.2619845188414616e-05}
{"epoch": 8, "batch": 13150, "batches_per_epoch": 14609, "loss": 0.7334778904914856, "lr": 5.245498644709723e-05}
{"epoch": 8, "batch": 13200, "batches_per_epoch": 14609, "loss": 0.6836779713630676, "lr": 5.22903560893227e-05}
{"epoch": 8, "batch": 13250, "batches_per_epoch": 14609, "loss": 0.7449920773506165, "lr": 5.2125954305421523e-05}
{"epoch": 8, "batch": 13300, "batches_per_epoch": 14609, "loss": 0.7045414447784424, "lr": 5.196178128546025e-05}
{"epoch": 8, "batch": 13350, "batches_per_epoch": 14609, "loss": 0.7181215286254883, "lr": 5.179783721924064e-05}
{"epoch": 8, "batch": 13400, "batches_per_epoch": 14609, "loss": 0.7201521992683411, "lr": 5.163412229629993e-05}
{"epoch": 8, "batch": 13450, "batches_per_epoch": 14609, "loss": 0.7188239693641663, "lr": 5.1470636705910374e-05}
{"checkpoint": "/content/GenAI/task1_llm/member_denisha/checkpoints/gpt_from_scratch_latest.pt", "epoch": 8, "batch": 13500}
{"epoch": 8, "batch": 13500, "batches_per_epoch": 14609, "loss": 0.6923038363456726, "lr": 5.1307380637079014e-05}
{"epoch": 8, "batch": 13550, "batches_per_epoch": 14609, "loss": 0.7539334297180176, "lr": 5.1144354278547854e-05}
{"epoch": 8, "batch": 13600, "batches_per_epoch": 14609, "loss": 0.6865250468254089, "lr": 5.0981557818792986e-05}
{"epoch": 8, "batch": 13650, "batches_per_epoch": 14609, "loss": 0.6777101159095764, "lr": 5.0818991446024834e-05}
{"epoch": 8, "batch": 13700, "batches_per_epoch": 14609, "loss": 0.7229278683662415, "lr": 5.0656655348187864e-05}
{"epoch": 8, "batch": 13750, "batches_per_epoch": 14609, "loss": 0.7495203018188477, "lr": 5.049454971296022e-05}
{"epoch": 8, "batch": 13800, "batches_per_epoch": 14609, "loss": 0.7051100134849548, "lr": 5.033267472775374e-05}
{"epoch": 8, "batch": 13850, "batches_per_epoch": 14609, "loss": 0.7041667103767395, "lr": 5.017103057971342e-05}
{"epoch": 8, "batch": 13900, "batches_per_epoch": 14609, "loss": 0.7402179837226868, "lr": 5.000961745571772e-05}
{"epoch": 8, "batch": 13950, "batches_per_epoch": 14609, "loss": 0.7046898007392883, "lr": 5e-05}
{"checkpoint": "/content/GenAI/task1_llm/member_denisha/checkpoints/gpt_from_scratch_latest.pt", "epoch": 8, "batch": 14000}
{"epoch": 8, "batch": 14000, "batches_per_epoch": 14609, "loss": 0.6795457005500793, "lr": 5e-05}
{"epoch": 8, "batch": 14050, "batches_per_epoch": 14609, "loss": 0.6646158695220947, "lr": 5e-05}
{"epoch": 8, "batch": 14100, "batches_per_epoch": 14609, "loss": 0.7441135048866272, "lr": 5e-05}
{"epoch": 8, "batch": 14150, "batches_per_epoch": 14609, "loss": 0.7094948291778564, "lr": 5e-05}
{"epoch": 8, "batch": 14200, "batches_per_epoch": 14609, "loss": 0.7009525299072266, "lr": 5e-05}
{"epoch": 8, "batch": 14250, "batches_per_epoch": 14609, "loss": 0.6896527409553528, "lr": 5e-05}
{"epoch": 8, "batch": 14300, "batches_per_epoch": 14609, "loss": 0.7255404591560364, "lr": 5e-05}
{"epoch": 8, "batch": 14350, "batches_per_epoch": 14609, "loss": 0.7139524817466736, "lr": 5e-05}
{"epoch": 8, "batch": 14400, "batches_per_epoch": 14609, "loss": 0.6905179023742676, "lr": 5e-05}
{"epoch": 8, "batch": 14450, "batches_per_epoch": 14609, "loss": 0.6931036114692688, "lr": 5e-05}
{"checkpoint": "/content/GenAI/task1_llm/member_denisha/checkpoints/gpt_from_scratch_latest.pt", "epoch": 8, "batch": 14500}
{"epoch": 8, "batch": 14500, "batches_per_epoch": 14609, "loss": 0.6780442595481873, "lr": 5e-05}
{"epoch": 8, "batch": 14550, "batches_per_epoch": 14609, "loss": 0.7125937342643738, "lr": 5e-05}
{"epoch": 8, "batch": 14600, "batches_per_epoch": 14609, "loss": 0.7468271255493164, "lr": 5e-05}
{"epoch": 8, "train_loss": 0.717914520429385, "val_loss": 0.6850474065929424, "val_accuracy": 0.7813225179853542, "grad_norm": 0.24481551349163055, "lr": 5e-05}
{"epoch": 9, "batch": 50, "batches_per_epoch": 14609, "loss": 0.6930487751960754, "lr": 5e-05}
{"epoch": 9, "batch": 100, "batches_per_epoch": 14609, "loss": 0.7256173491477966, "lr": 5e-05}
{"epoch": 9, "batch": 150, "batches_per_epoch": 14609, "loss": 0.7155746817588806, "lr": 5e-05}
{"epoch": 9, "batch": 200, "batches_per_epoch": 14609, "loss": 0.6989319324493408, "lr": 5e-05}
{"epoch": 9, "batch": 250, "batches_per_epoch": 14609, "loss": 0.7082555890083313, "lr": 5e-05}
{"epoch": 9, "batch": 300, "batches_per_epoch": 14609, "loss": 0.7182396054267883, "lr": 5e-05}
{"epoch": 9, "batch": 350, "batches_per_epoch": 14609, "loss": 0.7207682728767395, "lr": 5e-05}
{"epoch": 9, "batch": 400, "batches_per_epoch": 14609, "loss": 0.6939544677734375, "lr": 5e-05}
{"epoch": 9, "batch": 450, "batches_per_epoch": 14609, "loss": 0.6852481961250305, "lr": 5e-05}
{"checkpoint": "/content/GenAI/task1_llm/member_denisha/checkpoints/gpt_from_scratch_latest.pt", "epoch": 9, "batch": 500}
{"epoch": 9, "batch": 500, "batches_per_epoch": 14609, "loss": 0.6939308047294617, "lr": 5e-05}
{"epoch": 9, "batch": 550, "batches_per_epoch": 14609, "loss": 0.6581532955169678, "lr": 5e-05}
{"epoch": 9, "batch": 600, "batches_per_epoch": 14609, "loss": 0.7212708592414856, "lr": 5e-05}
{"epoch": 9, "batch": 650, "batches_per_epoch": 14609, "loss": 0.7131760716438293, "lr": 5e-05}
{"epoch": 9, "batch": 700, "batches_per_epoch": 14609, "loss": 0.6931345462799072, "lr": 5e-05}
{"epoch": 9, "batch": 750, "batches_per_epoch": 14609, "loss": 0.6777048110961914, "lr": 5e-05}
{"epoch": 9, "batch": 800, "batches_per_epoch": 14609, "loss": 0.7272189259529114, "lr": 5e-05}
{"epoch": 9, "batch": 850, "batches_per_epoch": 14609, "loss": 0.7421628832817078, "lr": 5e-05}
{"epoch": 9, "batch": 900, "batches_per_epoch": 14609, "loss": 0.6832135319709778, "lr": 5e-05}
{"epoch": 9, "batch": 950, "batches_per_epoch": 14609, "loss": 0.7180538177490234, "lr": 5e-05}
{"checkpoint": "/content/GenAI/task1_llm/member_denisha/checkpoints/gpt_from_scratch_latest.pt", "epoch": 9, "batch": 1000}
{"epoch": 9, "batch": 1000, "batches_per_epoch": 14609, "loss": 0.7012929916381836, "lr": 5e-05}
{"epoch": 9, "batch": 1050, "batches_per_epoch": 14609, "loss": 0.6623428463935852, "lr": 5e-05}
{"epoch": 9, "batch": 1100, "batches_per_epoch": 14609, "loss": 0.7165997624397278, "lr": 5e-05}
{"epoch": 9, "batch": 1150, "batches_per_epoch": 14609, "loss": 0.7451324462890625, "lr": 5e-05}
{"epoch": 9, "batch": 1200, "batches_per_epoch": 14609, "loss": 0.7289092540740967, "lr": 5e-05}
{"epoch": 9, "batch": 1250, "batches_per_epoch": 14609, "loss": 0.6962429881095886, "lr": 5e-05}
{"epoch": 9, "batch": 1300, "batches_per_epoch": 14609, "loss": 0.752284824848175, "lr": 5e-05}
{"epoch": 9, "batch": 1350, "batches_per_epoch": 14609, "loss": 0.700883686542511, "lr": 5e-05}
{"epoch": 9, "batch": 1400, "batches_per_epoch": 14609, "loss": 0.7358400225639343, "lr": 5e-05}
{"epoch": 9, "batch": 1450, "batches_per_epoch": 14609, "loss": 0.7289112210273743, "lr": 5e-05}
{"checkpoint": "/content/GenAI/task1_llm/member_denisha/checkpoints/gpt_from_scratch_latest.pt", "epoch": 9, "batch": 1500}
{"epoch": 9, "batch": 1500, "batches_per_epoch": 14609, "loss": 0.7120080590248108, "lr": 5e-05}
{"epoch": 9, "batch": 1550, "batches_per_epoch": 14609, "loss": 0.6896865367889404, "lr": 5e-05}
{"epoch": 9, "batch": 1600, "batches_per_epoch": 14609, "loss": 0.6955924034118652, "lr": 5e-05}
{"epoch": 9, "batch": 1650, "batches_per_epoch": 14609, "loss": 0.735042154788971, "lr": 5e-05}
{"epoch": 9, "batch": 1700, "batches_per_epoch": 14609, "loss": 0.7240373492240906, "lr": 5e-05}
{"epoch": 9, "batch": 1750, "batches_per_epoch": 14609, "loss": 0.7077990174293518, "lr": 5e-05}
{"epoch": 9, "batch": 1800, "batches_per_epoch": 14609, "loss": 0.6939565539360046, "lr": 5e-05}
{"epoch": 9, "batch": 1850, "batches_per_epoch": 14609, "loss": 0.7513537406921387, "lr": 5e-05}
{"epoch": 9, "batch": 1900, "batches_per_epoch": 14609, "loss": 0.7010979652404785, "lr": 5e-05}
{"epoch": 9, "batch": 1950, "batches_per_epoch": 14609, "loss": 0.7095006108283997, "lr": 5e-05}
{"checkpoint": "/content/GenAI/task1_llm/member_denisha/checkpoints/gpt_from_scratch_latest.pt", "epoch": 9, "batch": 2000}
{"epoch": 9, "batch": 2000, "batches_per_epoch": 14609, "loss": 0.6739053726196289, "lr": 5e-05}
{"epoch": 9, "batch": 2050, "batches_per_epoch": 14609, "loss": 0.7238782048225403, "lr": 5e-05}
{"epoch": 9, "batch": 2100, "batches_per_epoch": 14609, "loss": 0.7211723327636719, "lr": 5e-05}
{"epoch": 9, "batch": 2150, "batches_per_epoch": 14609, "loss": 0.6905128359794617, "lr": 5e-05}
{"epoch": 9, "batch": 2200, "batches_per_epoch": 14609, "loss": 0.6986117362976074, "lr": 5e-05}
{"epoch": 9, "batch": 2250, "batches_per_epoch": 14609, "loss": 0.7098991870880127, "lr": 5e-05}
{"epoch": 9, "batch": 2300, "batches_per_epoch": 14609, "loss": 0.766972005367279, "lr": 5e-05}
{"epoch": 9, "batch": 2350, "batches_per_epoch": 14609, "loss": 0.7187073230743408, "lr": 5e-05}
{"epoch": 9, "batch": 2400, "batches_per_epoch": 14609, "loss": 0.7013924717903137, "lr": 5e-05}
{"epoch": 9, "batch": 2450, "batches_per_epoch": 14609, "loss": 0.7057353854179382, "lr": 5e-05}
{"checkpoint": "/content/GenAI/task1_llm/member_denisha/checkpoints/gpt_from_scratch_latest.pt", "epoch": 9, "batch": 2500}
{"epoch": 9, "batch": 2500, "batches_per_epoch": 14609, "loss": 0.7144849896430969, "lr": 5e-05}
{"epoch": 9, "batch": 2550, "batches_per_epoch": 14609, "loss": 0.7162840962409973, "lr": 5e-05}
{"epoch": 9, "batch": 2600, "batches_per_epoch": 14609, "loss": 0.711341381072998, "lr": 5e-05}
{"epoch": 9, "batch": 2650, "batches_per_epoch": 14609, "loss": 0.7076339721679688, "lr": 5e-05}
{"epoch": 9, "batch": 2700, "batches_per_epoch": 14609, "loss": 0.7396071553230286, "lr": 5e-05}
{"epoch": 9, "batch": 2750, "batches_per_epoch": 14609, "loss": 0.7035548090934753, "lr": 5e-05}
{"epoch": 9, "batch": 2800, "batches_per_epoch": 14609, "loss": 0.6973837018013, "lr": 5e-05}
{"epoch": 9, "batch": 2850, "batches_per_epoch": 14609, "loss": 0.7154603004455566, "lr": 5e-05}
{"epoch": 9, "batch": 2900, "batches_per_epoch": 14609, "loss": 0.715904951095581, "lr": 5e-05}
{"epoch": 9, "batch": 2950, "batches_per_epoch": 14609, "loss": 0.6858914494514465, "lr": 5e-05}
{"checkpoint": "/content/GenAI/task1_llm/member_denisha/checkpoints/gpt_from_scratch_latest.pt", "epoch": 9, "batch": 3000}
{"epoch": 9, "batch": 3000, "batches_per_epoch": 14609, "loss": 0.7478117942810059, "lr": 5e-05}
{"epoch": 9, "batch": 3050, "batches_per_epoch": 14609, "loss": 0.7012367248535156, "lr": 5e-05}
{"epoch": 9, "batch": 3100, "batches_per_epoch": 14609, "loss": 0.7181060314178467, "lr": 5e-05}
{"epoch": 9, "batch": 3150, "batches_per_epoch": 14609, "loss": 0.717095673084259, "lr": 5e-05}
{"epoch": 9, "batch": 3200, "batches_per_epoch": 14609, "loss": 0.7250474095344543, "lr": 5e-05}
{"epoch": 9, "batch": 3250, "batches_per_epoch": 14609, "loss": 0.7248616814613342, "lr": 5e-05}
{"epoch": 9, "batch": 3300, "batches_per_epoch": 14609, "loss": 0.7038342356681824, "lr": 5e-05}
{"epoch": 9, "batch": 3350, "batches_per_epoch": 14609, "loss": 0.7495582699775696, "lr": 5e-05}
{"epoch": 9, "batch": 3400, "batches_per_epoch": 14609, "loss": 0.7317665219306946, "lr": 5e-05}
{"epoch": 9, "batch": 3450, "batches_per_epoch": 14609, "loss": 0.6951658725738525, "lr": 5e-05}
{"checkpoint": "/content/GenAI/task1_llm/member_denisha/checkpoints/gpt_from_scratch_latest.pt", "epoch": 9, "batch": 3500}
{"epoch": 9, "batch": 3500, "batches_per_epoch": 14609, "loss": 0.6923545002937317, "lr": 5e-05}
{"epoch": 9, "batch": 3550, "batches_per_epoch": 14609, "loss": 0.7300904393196106, "lr": 5e-05}
{"epoch": 9, "batch": 3600, "batches_per_epoch": 14609, "loss": 0.6645445227622986, "lr": 5e-05}
{"epoch": 9, "batch": 3650, "batches_per_epoch": 14609, "loss": 0.7127166390419006, "lr": 5e-05}
{"epoch": 9, "batch": 3700, "batches_per_epoch": 14609, "loss": 0.7356001734733582, "lr": 5e-05}
{"epoch": 9, "batch": 3750, "batches_per_epoch": 14609, "loss": 0.7309466004371643, "lr": 5e-05}
{"epoch": 9, "batch": 3800, "batches_per_epoch": 14609, "loss": 0.7214837670326233, "lr": 5e-05}
{"epoch": 9, "batch": 3850, "batches_per_epoch": 14609, "loss": 0.7210178375244141, "lr": 5e-05}
{"epoch": 9, "batch": 3900, "batches_per_epoch": 14609, "loss": 0.7263755202293396, "lr": 5e-05}
{"epoch": 9, "batch": 3950, "batches_per_epoch": 14609, "loss": 0.6854466795921326, "lr": 5e-05}
{"checkpoint": "/content/GenAI/task1_llm/member_denisha/checkpoints/gpt_from_scratch_latest.pt", "epoch": 9, "batch": 4000}
{"epoch": 9, "batch": 4000, "batches_per_epoch": 14609, "loss": 0.6957833170890808, "lr": 5e-05}
{"epoch": 9, "batch": 4050, "batches_per_epoch": 14609, "loss": 0.7479767799377441, "lr": 5e-05}
{"epoch": 9, "batch": 4100, "batches_per_epoch": 14609, "loss": 0.7032756805419922, "lr": 5e-05}
{"epoch": 9, "batch": 4150, "batches_per_epoch": 14609, "loss": 0.750863254070282, "lr": 5e-05}
{"epoch": 9, "batch": 4200, "batches_per_epoch": 14609, "loss": 0.6988582611083984, "lr": 5e-05}
{"epoch": 9, "batch": 4250, "batches_per_epoch": 14609, "loss": 0.7505731582641602, "lr": 5e-05}
{"epoch": 9, "batch": 4300, "batches_per_epoch": 14609, "loss": 0.743370532989502, "lr": 5e-05}
{"epoch": 9, "batch": 4350, "batches_per_epoch": 14609, "loss": 0.7000283598899841, "lr": 5e-05}
{"epoch": 9, "batch": 4400, "batches_per_epoch": 14609, "loss": 0.69209223985672, "lr": 5e-05}
{"epoch": 9, "batch": 4450, "batches_per_epoch": 14609, "loss": 0.6988371014595032, "lr": 5e-05}
{"checkpoint": "/content/GenAI/task1_llm/member_denisha/checkpoints/gpt_from_scratch_latest.pt", "epoch": 9, "batch": 4500}
{"epoch": 9, "batch": 4500, "batches_per_epoch": 14609, "loss": 0.7452046275138855, "lr": 5e-05}
{"epoch": 9, "batch": 4550, "batches_per_epoch": 14609, "loss": 0.7152588963508606, "lr": 5e-05}
{"epoch": 9, "batch": 4600, "batches_per_epoch": 14609, "loss": 0.7225417494773865, "lr": 5e-05}
{"epoch": 9, "batch": 4650, "batches_per_epoch": 14609, "loss": 0.719676673412323, "lr": 5e-05}
{"epoch": 9, "batch": 4700, "batches_per_epoch": 14609, "loss": 0.7315180897712708, "lr": 5e-05}
{"epoch": 9, "batch": 4750, "batches_per_epoch": 14609, "loss": 0.69868403673172, "lr": 5e-05}
{"epoch": 9, "batch": 4800, "batches_per_epoch": 14609, "loss": 0.7272090911865234, "lr": 5e-05}
{"epoch": 9, "batch": 4850, "batches_per_epoch": 14609, "loss": 0.7167242169380188, "lr": 5e-05}
{"epoch": 9, "batch": 4900, "batches_per_epoch": 14609, "loss": 0.7454109191894531, "lr": 5e-05}
{"epoch": 9, "batch": 4950, "batches_per_epoch": 14609, "loss": 0.7128040790557861, "lr": 5e-05}
{"checkpoint": "/content/GenAI/task1_llm/member_denisha/checkpoints/gpt_from_scratch_latest.pt", "epoch": 9, "batch": 5000}
{"epoch": 9, "batch": 5000, "batches_per_epoch": 14609, "loss": 0.6924566626548767, "lr": 5e-05}
{"epoch": 9, "batch": 5050, "batches_per_epoch": 14609, "loss": 0.7452114224433899, "lr": 5e-05}
{"epoch": 9, "batch": 5100, "batches_per_epoch": 14609, "loss": 0.6823155283927917, "lr": 5e-05}
{"epoch": 9, "batch": 5150, "batches_per_epoch": 14609, "loss": 0.7192088961601257, "lr": 5e-05}
{"epoch": 9, "batch": 5200, "batches_per_epoch": 14609, "loss": 0.6876661777496338, "lr": 5e-05}
{"epoch": 9, "batch": 5250, "batches_per_epoch": 14609, "loss": 0.7179138660430908, "lr": 5e-05}
{"epoch": 9, "batch": 5300, "batches_per_epoch": 14609, "loss": 0.7184033393859863, "lr": 5e-05}
{"epoch": 9, "batch": 5350, "batches_per_epoch": 14609, "loss": 0.7329508662223816, "lr": 5e-05}
{"epoch": 9, "batch": 5400, "batches_per_epoch": 14609, "loss": 0.7091392874717712, "lr": 5e-05}
{"epoch": 9, "batch": 5450, "batches_per_epoch": 14609, "loss": 0.6836116909980774, "lr": 5e-05}
{"checkpoint": "/content/GenAI/task1_llm/member_denisha/checkpoints/gpt_from_scratch_latest.pt", "epoch": 9, "batch": 5500}
{"epoch": 9, "batch": 5500, "batches_per_epoch": 14609, "loss": 0.7472388744354248, "lr": 5e-05}
{"epoch": 9, "batch": 5550, "batches_per_epoch": 14609, "loss": 0.7025446891784668, "lr": 5e-05}
{"epoch": 9, "batch": 5600, "batches_per_epoch": 14609, "loss": 0.7160660624504089, "lr": 5e-05}
{"epoch": 9, "batch": 5650, "batches_per_epoch": 14609, "loss": 0.7230870127677917, "lr": 5e-05}
{"epoch": 9, "batch": 5700, "batches_per_epoch": 14609, "loss": 0.719513475894928, "lr": 5e-05}
{"epoch": 9, "batch": 5750, "batches_per_epoch": 14609, "loss": 0.7100830078125, "lr": 5e-05}
{"epoch": 9, "batch": 5800, "batches_per_epoch": 14609, "loss": 0.7255389094352722, "lr": 5e-05}
{"epoch": 9, "batch": 5850, "batches_per_epoch": 14609, "loss": 0.6949697136878967, "lr": 5e-05}
{"epoch": 9, "batch": 5900, "batches_per_epoch": 14609, "loss": 0.7370845675468445, "lr": 5e-05}
{"epoch": 9, "batch": 5950, "batches_per_epoch": 14609, "loss": 0.6928077340126038, "lr": 5e-05}
{"checkpoint": "/content/GenAI/task1_llm/member_denisha/checkpoints/gpt_from_scratch_latest.pt", "epoch": 9, "batch": 6000}
{"epoch": 9, "batch": 6000, "batches_per_epoch": 14609, "loss": 0.7639430165290833, "lr": 5e-05}
{"epoch": 9, "batch": 6050, "batches_per_epoch": 14609, "loss": 0.6990013122558594, "lr": 5e-05}
{"epoch": 9, "batch": 6100, "batches_per_epoch": 14609, "loss": 0.7425251007080078, "lr": 5e-05}
{"epoch": 9, "batch": 6150, "batches_per_epoch": 14609, "loss": 0.760596752166748, "lr": 5e-05}
{"epoch": 9, "batch": 6200, "batches_per_epoch": 14609, "loss": 0.7351841926574707, "lr": 5e-05}
{"epoch": 9, "batch": 6250, "batches_per_epoch": 14609, "loss": 0.7393918037414551, "lr": 5e-05}
{"epoch": 9, "batch": 6300, "batches_per_epoch": 14609, "loss": 0.700329601764679, "lr": 5e-05}
{"epoch": 9, "batch": 6350, "batches_per_epoch": 14609, "loss": 0.7190396189689636, "lr": 5e-05}
{"epoch": 9, "batch": 6400, "batches_per_epoch": 14609, "loss": 0.7057681679725647, "lr": 5e-05}
{"epoch": 9, "batch": 6450, "batches_per_epoch": 14609, "loss": 0.7315509915351868, "lr": 5e-05}
{"checkpoint": "/content/GenAI/task1_llm/member_denisha/checkpoints/gpt_from_scratch_latest.pt", "epoch": 9, "batch": 6500}
{"epoch": 9, "batch": 6500, "batches_per_epoch": 14609, "loss": 0.7125863432884216, "lr": 5e-05}
{"epoch": 9, "batch": 6550, "batches_per_epoch": 14609, "loss": 0.6932318210601807, "lr": 5e-05}
{"epoch": 9, "batch": 6600, "batches_per_epoch": 14609, "loss": 0.7225386500358582, "lr": 5e-05}
{"epoch": 9, "batch": 6650, "batches_per_epoch": 14609, "loss": 0.7093601226806641, "lr": 5e-05}
{"epoch": 9, "batch": 6700, "batches_per_epoch": 14609, "loss": 0.6779657006263733, "lr": 5e-05}
{"epoch": 9, "batch": 6750, "batches_per_epoch": 14609, "loss": 0.7060238718986511, "lr": 5e-05}
{"epoch": 9, "batch": 6800, "batches_per_epoch": 14609, "loss": 0.6875917315483093, "lr": 5e-05}
{"epoch": 9, "batch": 6850, "batches_per_epoch": 14609, "loss": 0.7029682993888855, "lr": 5e-05}
{"epoch": 9, "batch": 6900, "batches_per_epoch": 14609, "loss": 0.7271801829338074, "lr": 5e-05}
{"epoch": 9, "batch": 6950, "batches_per_epoch": 14609, "loss": 0.7327374815940857, "lr": 5e-05}
{"checkpoint": "/content/GenAI/task1_llm/member_denisha/checkpoints/gpt_from_scratch_latest.pt", "epoch": 9, "batch": 7000}
{"epoch": 9, "batch": 7000, "batches_per_epoch": 14609, "loss": 0.7130864262580872, "lr": 5e-05}
{"epoch": 9, "batch": 7050, "batches_per_epoch": 14609, "loss": 0.6862848401069641, "lr": 5e-05}
{"epoch": 9, "batch": 7100, "batches_per_epoch": 14609, "loss": 0.7285849452018738, "lr": 5e-05}
{"epoch": 9, "batch": 7150, "batches_per_epoch": 14609, "loss": 0.6830722689628601, "lr": 5e-05}
{"epoch": 9, "batch": 7200, "batches_per_epoch": 14609, "loss": 0.716866672039032, "lr": 5e-05}
{"epoch": 9, "batch": 7250, "batches_per_epoch": 14609, "loss": 0.7115373611450195, "lr": 5e-05}
{"epoch": 9, "batch": 7300, "batches_per_epoch": 14609, "loss": 0.7595078349113464, "lr": 5e-05}
{"epoch": 9, "batch": 7350, "batches_per_epoch": 14609, "loss": 0.7357729077339172, "lr": 5e-05}
{"epoch": 9, "batch": 7400, "batches_per_epoch": 14609, "loss": 0.708117663860321, "lr": 5e-05}
{"epoch": 9, "batch": 7450, "batches_per_epoch": 14609, "loss": 0.6925361156463623, "lr": 5e-05}
{"checkpoint": "/content/GenAI/task1_llm/member_denisha/checkpoints/gpt_from_scratch_latest.pt", "epoch": 9, "batch": 7500}
{"epoch": 9, "batch": 7500, "batches_per_epoch": 14609, "loss": 0.7245003581047058, "lr": 5e-05}
{"epoch": 9, "batch": 7550, "batches_per_epoch": 14609, "loss": 0.7116571068763733, "lr": 5e-05}
{"epoch": 9, "batch": 7600, "batches_per_epoch": 14609, "loss": 0.7134798169136047, "lr": 5e-05}
{"epoch": 9, "batch": 7650, "batches_per_epoch": 14609, "loss": 0.7150948643684387, "lr": 5e-05}
{"epoch": 9, "batch": 7700, "batches_per_epoch": 14609, "loss": 0.7189900279045105, "lr": 5e-05}
{"epoch": 9, "batch": 7750, "batches_per_epoch": 14609, "loss": 0.6861039996147156, "lr": 5e-05}
{"epoch": 9, "batch": 7800, "batches_per_epoch": 14609, "loss": 0.69708251953125, "lr": 5e-05}
{"epoch": 9, "batch": 7850, "batches_per_epoch": 14609, "loss": 0.7401809692382812, "lr": 5e-05}
{"epoch": 9, "batch": 7900, "batches_per_epoch": 14609, "loss": 0.701239287853241, "lr": 5e-05}
{"epoch": 9, "batch": 7950, "batches_per_epoch": 14609, "loss": 0.7220188975334167, "lr": 5e-05}
{"checkpoint": "/content/GenAI/task1_llm/member_denisha/checkpoints/gpt_from_scratch_latest.pt", "epoch": 9, "batch": 8000}
{"epoch": 9, "batch": 8000, "batches_per_epoch": 14609, "loss": 0.7201786041259766, "lr": 5e-05}
{"epoch": 9, "batch": 8050, "batches_per_epoch": 14609, "loss": 0.7501537203788757, "lr": 5e-05}
{"epoch": 9, "batch": 8100, "batches_per_epoch": 14609, "loss": 0.7164463400840759, "lr": 5e-05}
{"epoch": 9, "batch": 8150, "batches_per_epoch": 14609, "loss": 0.696342408657074, "lr": 5e-05}
{"epoch": 9, "batch": 8200, "batches_per_epoch": 14609, "loss": 0.7093820571899414, "lr": 5e-05}
{"epoch": 9, "batch": 8250, "batches_per_epoch": 14609, "loss": 0.7118207812309265, "lr": 5e-05}
{"epoch": 9, "batch": 8300, "batches_per_epoch": 14609, "loss": 0.7049824595451355, "lr": 5e-05}
{"epoch": 9, "batch": 8350, "batches_per_epoch": 14609, "loss": 0.7121372222900391, "lr": 5e-05}
{"epoch": 9, "batch": 8400, "batches_per_epoch": 14609, "loss": 0.7173700928688049, "lr": 5e-05}
{"epoch": 9, "batch": 8450, "batches_per_epoch": 14609, "loss": 0.7251791954040527, "lr": 5e-05}
{"checkpoint": "/content/GenAI/task1_llm/member_denisha/checkpoints/gpt_from_scratch_latest.pt", "epoch": 9, "batch": 8500}
{"epoch": 9, "batch": 8500, "batches_per_epoch": 14609, "loss": 0.7075851559638977, "lr": 5e-05}
{"epoch": 9, "batch": 8550, "batches_per_epoch": 14609, "loss": 0.7363443374633789, "lr": 5e-05}
{"epoch": 9, "batch": 8600, "batches_per_epoch": 14609, "loss": 0.7134903073310852, "lr": 5e-05}
{"epoch": 9, "batch": 8650, "batches_per_epoch": 14609, "loss": 0.6939125061035156, "lr": 5e-05}
{"epoch": 9, "batch": 8700, "batches_per_epoch": 14609, "loss": 0.7311941981315613, "lr": 5e-05}
{"epoch": 9, "batch": 8750, "batches_per_epoch": 14609, "loss": 0.748772919178009, "lr": 5e-05}
{"epoch": 9, "batch": 8800, "batches_per_epoch": 14609, "loss": 0.7045673727989197, "lr": 5e-05}
{"epoch": 9, "batch": 8850, "batches_per_epoch": 14609, "loss": 0.7261027693748474, "lr": 5e-05}
{"epoch": 9, "batch": 8900, "batches_per_epoch": 14609, "loss": 0.740588903427124, "lr": 5e-05}
{"epoch": 9, "batch": 8950, "batches_per_epoch": 14609, "loss": 0.7010863423347473, "lr": 5e-05}
{"checkpoint": "/content/GenAI/task1_llm/member_denisha/checkpoints/gpt_from_scratch_latest.pt", "epoch": 9, "batch": 9000}
{"epoch": 9, "batch": 9000, "batches_per_epoch": 14609, "loss": 0.7532222867012024, "lr": 5e-05}
{"epoch": 9, "batch": 9050, "batches_per_epoch": 14609, "loss": 0.7444488406181335, "lr": 5e-05}
{"epoch": 9, "batch": 9100, "batches_per_epoch": 14609, "loss": 0.7281267046928406, "lr": 5e-05}
{"epoch": 9, "batch": 9150, "batches_per_epoch": 14609, "loss": 0.7362205386161804, "lr": 5e-05}
{"epoch": 9, "batch": 9200, "batches_per_epoch": 14609, "loss": 0.7045184969902039, "lr": 5e-05}
{"epoch": 9, "batch": 9250, "batches_per_epoch": 14609, "loss": 0.664009153842926, "lr": 5e-05}
{"epoch": 9, "batch": 9300, "batches_per_epoch": 14609, "loss": 0.6608456969261169, "lr": 5e-05}
{"epoch": 9, "batch": 9350, "batches_per_epoch": 14609, "loss": 0.7141661643981934, "lr": 5e-05}
{"epoch": 9, "batch": 9400, "batches_per_epoch": 14609, "loss": 0.6964845657348633, "lr": 5e-05}
{"epoch": 9, "batch": 9450, "batches_per_epoch": 14609, "loss": 0.7065537571907043, "lr": 5e-05}
{"checkpoint": "/content/GenAI/task1_llm/member_denisha/checkpoints/gpt_from_scratch_latest.pt", "epoch": 9, "batch": 9500}
{"epoch": 9, "batch": 9500, "batches_per_epoch": 14609, "loss": 0.6957332491874695, "lr": 5e-05}
{"epoch": 9, "batch": 9550, "batches_per_epoch": 14609, "loss": 0.677926242351532, "lr": 5e-05}
{"epoch": 9, "batch": 9600, "batches_per_epoch": 14609, "loss": 0.7028514742851257, "lr": 5e-05}
{"epoch": 9, "batch": 9650, "batches_per_epoch": 14609, "loss": 0.673356831073761, "lr": 5e-05}
{"epoch": 9, "batch": 9700, "batches_per_epoch": 14609, "loss": 0.6835637092590332, "lr": 5e-05}
{"epoch": 9, "batch": 9750, "batches_per_epoch": 14609, "loss": 0.7171940803527832, "lr": 5e-05}
{"epoch": 9, "batch": 9800, "batches_per_epoch": 14609, "loss": 0.7230345606803894, "lr": 5e-05}
{"epoch": 9, "batch": 9850, "batches_per_epoch": 14609, "loss": 0.6961710453033447, "lr": 5e-05}
{"epoch": 9, "batch": 9900, "batches_per_epoch": 14609, "loss": 0.6952479481697083, "lr": 5e-05}
{"epoch": 9, "batch": 9950, "batches_per_epoch": 14609, "loss": 0.6884598731994629, "lr": 5e-05}
{"checkpoint": "/content/GenAI/task1_llm/member_denisha/checkpoints/gpt_from_scratch_latest.pt", "epoch": 9, "batch": 10000}
{"epoch": 9, "batch": 10000, "batches_per_epoch": 14609, "loss": 0.7391074299812317, "lr": 5e-05}
{"epoch": 9, "batch": 10050, "batches_per_epoch": 14609, "loss": 0.7106702923774719, "lr": 5e-05}
{"epoch": 9, "batch": 10100, "batches_per_epoch": 14609, "loss": 0.6947788596153259, "lr": 5e-05}
{"epoch": 9, "batch": 10150, "batches_per_epoch": 14609, "loss": 0.7005850672721863, "lr": 5e-05}
{"epoch": 9, "batch": 10200, "batches_per_epoch": 14609, "loss": 0.7046499848365784, "lr": 5e-05}
{"epoch": 9, "batch": 10250, "batches_per_epoch": 14609, "loss": 0.7283547520637512, "lr": 5e-05}
{"epoch": 9, "batch": 10300, "batches_per_epoch": 14609, "loss": 0.7265570759773254, "lr": 5e-05}
{"epoch": 9, "batch": 10350, "batches_per_epoch": 14609, "loss": 0.6959958076477051, "lr": 5e-05}
{"epoch": 9, "batch": 10400, "batches_per_epoch": 14609, "loss": 0.7267977595329285, "lr": 5e-05}
{"epoch": 9, "batch": 10450, "batches_per_epoch": 14609, "loss": 0.7677114009857178, "lr": 5e-05}
{"checkpoint": "/content/GenAI/task1_llm/member_denisha/checkpoints/gpt_from_scratch_latest.pt", "epoch": 9, "batch": 10500}
{"epoch": 9, "batch": 10500, "batches_per_epoch": 14609, "loss": 0.7200873494148254, "lr": 5e-05}
{"epoch": 9, "batch": 10550, "batches_per_epoch": 14609, "loss": 0.7732856869697571, "lr": 5e-05}
{"epoch": 9, "batch": 10600, "batches_per_epoch": 14609, "loss": 0.7070035934448242, "lr": 5e-05}
{"epoch": 9, "batch": 10650, "batches_per_epoch": 14609, "loss": 0.6931340098381042, "lr": 5e-05}
{"epoch": 9, "batch": 10700, "batches_per_epoch": 14609, "loss": 0.6950588226318359, "lr": 5e-05}
{"epoch": 9, "batch": 10750, "batches_per_epoch": 14609, "loss": 0.7465806007385254, "lr": 5e-05}
{"epoch": 9, "batch": 10800, "batches_per_epoch": 14609, "loss": 0.6825063228607178, "lr": 5e-05}
{"epoch": 9, "batch": 10850, "batches_per_epoch": 14609, "loss": 0.6839487552642822, "lr": 5e-05}
{"epoch": 9, "batch": 10900, "batches_per_epoch": 14609, "loss": 0.7241086959838867, "lr": 5e-05}
{"epoch": 9, "batch": 10950, "batches_per_epoch": 14609, "loss": 0.7142760753631592, "lr": 5e-05}
{"checkpoint": "/content/GenAI/task1_llm/member_denisha/checkpoints/gpt_from_scratch_latest.pt", "epoch": 9, "batch": 11000}
{"epoch": 9, "batch": 11000, "batches_per_epoch": 14609, "loss": 0.7225627303123474, "lr": 5e-05}
{"epoch": 9, "batch": 11050, "batches_per_epoch": 14609, "loss": 0.7021657824516296, "lr": 5e-05}
{"epoch": 9, "batch": 11100, "batches_per_epoch": 14609, "loss": 0.6796569228172302, "lr": 5e-05}
{"epoch": 9, "batch": 11150, "batches_per_epoch": 14609, "loss": 0.7195115089416504, "lr": 5e-05}
{"epoch": 9, "batch": 11200, "batches_per_epoch": 14609, "loss": 0.7076516151428223, "lr": 5e-05}
{"epoch": 9, "batch": 11250, "batches_per_epoch": 14609, "loss": 0.718768298625946, "lr": 5e-05}
{"epoch": 9, "batch": 11300, "batches_per_epoch": 14609, "loss": 0.7557888031005859, "lr": 5e-05}
{"epoch": 9, "batch": 11350, "batches_per_epoch": 14609, "loss": 0.7200000882148743, "lr": 5e-05}
{"epoch": 9, "batch": 11400, "batches_per_epoch": 14609, "loss": 0.7075958251953125, "lr": 5e-05}
{"epoch": 9, "batch": 11450, "batches_per_epoch": 14609, "loss": 0.6865634918212891, "lr": 5e-05}
{"checkpoint": "/content/GenAI/task1_llm/member_denisha/checkpoints/gpt_from_scratch_latest.pt", "epoch": 9, "batch": 11500}
{"epoch": 9, "batch": 11500, "batches_per_epoch": 14609, "loss": 0.7409289479255676, "lr": 5e-05}
{"epoch": 9, "batch": 11550, "batches_per_epoch": 14609, "loss": 0.6791947484016418, "lr": 5e-05}
{"epoch": 9, "batch": 11600, "batches_per_epoch": 14609, "loss": 0.7116493582725525, "lr": 5e-05}
{"epoch": 9, "batch": 11650, "batches_per_epoch": 14609, "loss": 0.7001020312309265, "lr": 5e-05}
{"epoch": 9, "batch": 11700, "batches_per_epoch": 14609, "loss": 0.683676540851593, "lr": 5e-05}
{"epoch": 9, "batch": 11750, "batches_per_epoch": 14609, "loss": 0.741420567035675, "lr": 5e-05}
{"epoch": 9, "batch": 11800, "batches_per_epoch": 14609, "loss": 0.695753812789917, "lr": 5e-05}
{"epoch": 9, "batch": 11850, "batches_per_epoch": 14609, "loss": 0.6832488179206848, "lr": 5e-05}
{"epoch": 9, "batch": 11900, "batches_per_epoch": 14609, "loss": 0.7224206328392029, "lr": 5e-05}
{"epoch": 9, "batch": 11950, "batches_per_epoch": 14609, "loss": 0.7102727890014648, "lr": 5e-05}
{"checkpoint": "/content/GenAI/task1_llm/member_denisha/checkpoints/gpt_from_scratch_latest.pt", "epoch": 9, "batch": 12000}
{"epoch": 9, "batch": 12000, "batches_per_epoch": 14609, "loss": 0.7291173338890076, "lr": 5e-05}
{"epoch": 9, "batch": 12050, "batches_per_epoch": 14609, "loss": 0.6748285293579102, "lr": 5e-05}
{"epoch": 9, "batch": 12100, "batches_per_epoch": 14609, "loss": 0.7086212038993835, "lr": 5e-05}
{"epoch": 9, "batch": 12150, "batches_per_epoch": 14609, "loss": 0.6952436566352844, "lr": 5e-05}
{"epoch": 9, "batch": 12200, "batches_per_epoch": 14609, "loss": 0.6846160888671875, "lr": 5e-05}
{"epoch": 9, "batch": 12250, "batches_per_epoch": 14609, "loss": 0.7124876976013184, "lr": 5e-05}
{"epoch": 9, "batch": 12300, "batches_per_epoch": 14609, "loss": 0.6848066449165344, "lr": 5e-05}
{"epoch": 9, "batch": 12350, "batches_per_epoch": 14609, "loss": 0.7129113078117371, "lr": 5e-05}
{"epoch": 9, "batch": 12400, "batches_per_epoch": 14609, "loss": 0.7043339610099792, "lr": 5e-05}
{"epoch": 9, "batch": 12450, "batches_per_epoch": 14609, "loss": 0.7045567631721497, "lr": 5e-05}
{"checkpoint": "/content/GenAI/task1_llm/member_denisha/checkpoints/gpt_from_scratch_latest.pt", "epoch": 9, "batch": 12500}
{"epoch": 9, "batch": 12500, "batches_per_epoch": 14609, "loss": 0.7171756625175476, "lr": 5e-05}
{"epoch": 9, "batch": 12550, "batches_per_epoch": 14609, "loss": 0.7309883236885071, "lr": 5e-05}
{"epoch": 9, "batch": 12600, "batches_per_epoch": 14609, "loss": 0.6985809206962585, "lr": 5e-05}
{"epoch": 9, "batch": 12650, "batches_per_epoch": 14609, "loss": 0.7332994341850281, "lr": 5e-05}
{"epoch": 9, "batch": 12700, "batches_per_epoch": 14609, "loss": 0.7421299815177917, "lr": 5e-05}
{"epoch": 9, "batch": 12750, "batches_per_epoch": 14609, "loss": 0.70026034116745, "lr": 5e-05}
{"epoch": 9, "batch": 12800, "batches_per_epoch": 14609, "loss": 0.7001568675041199, "lr": 5e-05}
{"epoch": 9, "batch": 12850, "batches_per_epoch": 14609, "loss": 0.7268457412719727, "lr": 5e-05}
{"epoch": 9, "batch": 12900, "batches_per_epoch": 14609, "loss": 0.7343091368675232, "lr": 5e-05}
{"epoch": 9, "batch": 12950, "batches_per_epoch": 14609, "loss": 0.6783208250999451, "lr": 5e-05}
{"checkpoint": "/content/GenAI/task1_llm/member_denisha/checkpoints/gpt_from_scratch_latest.pt", "epoch": 9, "batch": 13000}
{"epoch": 9, "batch": 13000, "batches_per_epoch": 14609, "loss": 0.7300966382026672, "lr": 5e-05}
{"epoch": 9, "batch": 13050, "batches_per_epoch": 14609, "loss": 0.6810207366943359, "lr": 5e-05}
{"epoch": 9, "batch": 13100, "batches_per_epoch": 14609, "loss": 0.6689200401306152, "lr": 5e-05}
{"epoch": 9, "batch": 13150, "batches_per_epoch": 14609, "loss": 0.6934874653816223, "lr": 5e-05}
{"epoch": 9, "batch": 13200, "batches_per_epoch": 14609, "loss": 0.7223713994026184, "lr": 5e-05}
{"epoch": 9, "batch": 13250, "batches_per_epoch": 14609, "loss": 0.6989820599555969, "lr": 5e-05}
{"epoch": 9, "batch": 13300, "batches_per_epoch": 14609, "loss": 0.6958339214324951, "lr": 5e-05}
{"epoch": 9, "batch": 13350, "batches_per_epoch": 14609, "loss": 0.6996142268180847, "lr": 5e-05}
{"epoch": 9, "batch": 13400, "batches_per_epoch": 14609, "loss": 0.6759860515594482, "lr": 5e-05}
{"epoch": 9, "batch": 13450, "batches_per_epoch": 14609, "loss": 0.7110227942466736, "lr": 5e-05}
{"checkpoint": "/content/GenAI/task1_llm/member_denisha/checkpoints/gpt_from_scratch_latest.pt", "epoch": 9, "batch": 13500}
{"epoch": 9, "batch": 13500, "batches_per_epoch": 14609, "loss": 0.6952504515647888, "lr": 5e-05}
{"epoch": 9, "batch": 13550, "batches_per_epoch": 14609, "loss": 0.7494394183158875, "lr": 5e-05}
{"epoch": 9, "batch": 13600, "batches_per_epoch": 14609, "loss": 0.7184746861457825, "lr": 5e-05}
{"epoch": 9, "batch": 13650, "batches_per_epoch": 14609, "loss": 0.7291218638420105, "lr": 5e-05}
{"epoch": 9, "batch": 13700, "batches_per_epoch": 14609, "loss": 0.7426511645317078, "lr": 5e-05}
{"epoch": 9, "batch": 13750, "batches_per_epoch": 14609, "loss": 0.6796215176582336, "lr": 5e-05}
{"epoch": 9, "batch": 13800, "batches_per_epoch": 14609, "loss": 0.6834709048271179, "lr": 5e-05}
{"epoch": 9, "batch": 13850, "batches_per_epoch": 14609, "loss": 0.71929532289505, "lr": 5e-05}
{"epoch": 9, "batch": 13900, "batches_per_epoch": 14609, "loss": 0.7029535174369812, "lr": 5e-05}
{"epoch": 9, "batch": 13950, "batches_per_epoch": 14609, "loss": 0.7436869740486145, "lr": 5e-05}
{"checkpoint": "/content/GenAI/task1_llm/member_denisha/checkpoints/gpt_from_scratch_latest.pt", "epoch": 9, "batch": 14000}
{"epoch": 9, "batch": 14000, "batches_per_epoch": 14609, "loss": 0.6810684204101562, "lr": 5e-05}
{"epoch": 9, "batch": 14050, "batches_per_epoch": 14609, "loss": 0.6965928673744202, "lr": 5e-05}
{"epoch": 9, "batch": 14100, "batches_per_epoch": 14609, "loss": 0.7680537700653076, "lr": 5e-05}
{"epoch": 9, "batch": 14150, "batches_per_epoch": 14609, "loss": 0.7374681830406189, "lr": 5e-05}
{"epoch": 9, "batch": 14200, "batches_per_epoch": 14609, "loss": 0.6984448432922363, "lr": 5e-05}
{"epoch": 9, "batch": 14250, "batches_per_epoch": 14609, "loss": 0.7119719386100769, "lr": 5e-05}
{"epoch": 9, "batch": 14300, "batches_per_epoch": 14609, "loss": 0.723432719707489, "lr": 5e-05}
{"epoch": 9, "batch": 14350, "batches_per_epoch": 14609, "loss": 0.7219905853271484, "lr": 5e-05}
{"epoch": 9, "batch": 14400, "batches_per_epoch": 14609, "loss": 0.7398127913475037, "lr": 5e-05}
{"epoch": 9, "batch": 14450, "batches_per_epoch": 14609, "loss": 0.7303393483161926, "lr": 5e-05}
{"checkpoint": "/content/GenAI/task1_llm/member_denisha/checkpoints/gpt_from_scratch_latest.pt", "epoch": 9, "batch": 14500}
{"epoch": 9, "batch": 14500, "batches_per_epoch": 14609, "loss": 0.7472383379936218, "lr": 5e-05}
{"epoch": 9, "batch": 14550, "batches_per_epoch": 14609, "loss": 0.7301689982414246, "lr": 5e-05}
{"epoch": 9, "batch": 14600, "batches_per_epoch": 14609, "loss": 0.69535893201828, "lr": 5e-05}
{"epoch": 9, "train_loss": 0.714078141907923, "val_loss": 0.6834004022865799, "val_accuracy": 0.7817921529505992, "grad_norm": 0.254585862159729, "lr": 5e-05}
{"epoch": 10, "batch": 50, "batches_per_epoch": 14609, "loss": 0.7228379845619202, "lr": 5e-05}
{"epoch": 10, "batch": 100, "batches_per_epoch": 14609, "loss": 0.7403345108032227, "lr": 5e-05}
{"epoch": 10, "batch": 150, "batches_per_epoch": 14609, "loss": 0.6883504390716553, "lr": 5e-05}
{"epoch": 10, "batch": 200, "batches_per_epoch": 14609, "loss": 0.725893497467041, "lr": 5e-05}
{"epoch": 10, "batch": 250, "batches_per_epoch": 14609, "loss": 0.7032551169395447, "lr": 5e-05}
{"epoch": 10, "batch": 300, "batches_per_epoch": 14609, "loss": 0.6984148025512695, "lr": 5e-05}
{"epoch": 10, "batch": 350, "batches_per_epoch": 14609, "loss": 0.7151599526405334, "lr": 5e-05}
{"epoch": 10, "batch": 400, "batches_per_epoch": 14609, "loss": 0.7119840979576111, "lr": 5e-05}
{"epoch": 10, "batch": 450, "batches_per_epoch": 14609, "loss": 0.6739560961723328, "lr": 5e-05}
{"checkpoint": "/content/GenAI/task1_llm/member_denisha/checkpoints/gpt_from_scratch_latest.pt", "epoch": 10, "batch": 500}
{"epoch": 10, "batch": 500, "batches_per_epoch": 14609, "loss": 0.7227449417114258, "lr": 5e-05}
{"epoch": 10, "batch": 550, "batches_per_epoch": 14609, "loss": 0.7002291679382324, "lr": 5e-05}
{"epoch": 10, "batch": 600, "batches_per_epoch": 14609, "loss": 0.7067871689796448, "lr": 5e-05}
{"epoch": 10, "batch": 650, "batches_per_epoch": 14609, "loss": 0.6946039199829102, "lr": 5e-05}
{"epoch": 10, "batch": 700, "batches_per_epoch": 14609, "loss": 0.7112919688224792, "lr": 5e-05}
{"epoch": 10, "batch": 750, "batches_per_epoch": 14609, "loss": 0.696419894695282, "lr": 5e-05}
{"epoch": 10, "batch": 800, "batches_per_epoch": 14609, "loss": 0.6855707168579102, "lr": 5e-05}
{"epoch": 10, "batch": 850, "batches_per_epoch": 14609, "loss": 0.7165881991386414, "lr": 5e-05}
{"epoch": 10, "batch": 900, "batches_per_epoch": 14609, "loss": 0.7244958877563477, "lr": 5e-05}
{"epoch": 10, "batch": 950, "batches_per_epoch": 14609, "loss": 0.6937044262886047, "lr": 5e-05}
{"checkpoint": "/content/GenAI/task1_llm/member_denisha/checkpoints/gpt_from_scratch_latest.pt", "epoch": 10, "batch": 1000}
{"epoch": 10, "batch": 1000, "batches_per_epoch": 14609, "loss": 0.6957342624664307, "lr": 5e-05}
{"epoch": 10, "batch": 1050, "batches_per_epoch": 14609, "loss": 0.7204671502113342, "lr": 5e-05}
{"epoch": 10, "batch": 1100, "batches_per_epoch": 14609, "loss": 0.6728890538215637, "lr": 5e-05}
{"epoch": 10, "batch": 1150, "batches_per_epoch": 14609, "loss": 0.6631547808647156, "lr": 5e-05}
{"epoch": 10, "batch": 1200, "batches_per_epoch": 14609, "loss": 0.703894317150116, "lr": 5e-05}
{"epoch": 10, "batch": 1250, "batches_per_epoch": 14609, "loss": 0.7291426062583923, "lr": 5e-05}
{"epoch": 10, "batch": 1300, "batches_per_epoch": 14609, "loss": 0.7307207584381104, "lr": 5e-05}
{"epoch": 10, "batch": 1350, "batches_per_epoch": 14609, "loss": 0.751743495464325, "lr": 5e-05}
{"epoch": 10, "batch": 1400, "batches_per_epoch": 14609, "loss": 0.7256298065185547, "lr": 5e-05}
{"epoch": 10, "batch": 1450, "batches_per_epoch": 14609, "loss": 0.7664149403572083, "lr": 5e-05}
{"checkpoint": "/content/GenAI/task1_llm/member_denisha/checkpoints/gpt_from_scratch_latest.pt", "epoch": 10, "batch": 1500}
{"epoch": 10, "batch": 1500, "batches_per_epoch": 14609, "loss": 0.6781479716300964, "lr": 5e-05}
{"epoch": 10, "batch": 1550, "batches_per_epoch": 14609, "loss": 0.7069222331047058, "lr": 5e-05}
{"epoch": 10, "batch": 1600, "batches_per_epoch": 14609, "loss": 0.7319245338439941, "lr": 5e-05}
{"epoch": 10, "batch": 1650, "batches_per_epoch": 14609, "loss": 0.7224776148796082, "lr": 5e-05}
{"epoch": 10, "batch": 1700, "batches_per_epoch": 14609, "loss": 0.73335200548172, "lr": 5e-05}
{"epoch": 10, "batch": 1750, "batches_per_epoch": 14609, "loss": 0.7002894282341003, "lr": 5e-05}
{"epoch": 10, "batch": 1800, "batches_per_epoch": 14609, "loss": 0.7316704392433167, "lr": 5e-05}
{"epoch": 10, "batch": 1850, "batches_per_epoch": 14609, "loss": 0.6790611147880554, "lr": 5e-05}
{"epoch": 10, "batch": 1900, "batches_per_epoch": 14609, "loss": 0.6940326690673828, "lr": 5e-05}
{"epoch": 10, "batch": 1950, "batches_per_epoch": 14609, "loss": 0.688575029373169, "lr": 5e-05}
{"checkpoint": "/content/GenAI/task1_llm/member_denisha/checkpoints/gpt_from_scratch_latest.pt", "epoch": 10, "batch": 2000}
{"epoch": 10, "batch": 2000, "batches_per_epoch": 14609, "loss": 0.6941164135932922, "lr": 5e-05}
{"epoch": 10, "batch": 2050, "batches_per_epoch": 14609, "loss": 0.7254929542541504, "lr": 5e-05}
{"epoch": 10, "batch": 2100, "batches_per_epoch": 14609, "loss": 0.7198842167854309, "lr": 5e-05}
{"epoch": 10, "batch": 2150, "batches_per_epoch": 14609, "loss": 0.704228401184082, "lr": 5e-05}
{"epoch": 10, "batch": 2200, "batches_per_epoch": 14609, "loss": 0.7137816548347473, "lr": 5e-05}
{"epoch": 10, "batch": 2250, "batches_per_epoch": 14609, "loss": 0.6577951908111572, "lr": 5e-05}
{"epoch": 10, "batch": 2300, "batches_per_epoch": 14609, "loss": 0.6990799307823181, "lr": 5e-05}
{"epoch": 10, "batch": 2350, "batches_per_epoch": 14609, "loss": 0.7066941857337952, "lr": 5e-05}
{"epoch": 10, "batch": 2400, "batches_per_epoch": 14609, "loss": 0.7157753109931946, "lr": 5e-05}
{"epoch": 10, "batch": 2450, "batches_per_epoch": 14609, "loss": 0.7087201476097107, "lr": 5e-05}
{"checkpoint": "/content/GenAI/task1_llm/member_denisha/checkpoints/gpt_from_scratch_latest.pt", "epoch": 10, "batch": 2500}
{"epoch": 10, "batch": 2500, "batches_per_epoch": 14609, "loss": 0.7396921515464783, "lr": 5e-05}
{"epoch": 10, "batch": 2550, "batches_per_epoch": 14609, "loss": 0.7335491180419922, "lr": 5e-05}
{"epoch": 10, "batch": 2600, "batches_per_epoch": 14609, "loss": 0.7020439505577087, "lr": 5e-05}
{"epoch": 10, "batch": 2650, "batches_per_epoch": 14609, "loss": 0.7151632308959961, "lr": 5e-05}
{"epoch": 10, "batch": 2700, "batches_per_epoch": 14609, "loss": 0.7287979125976562, "lr": 5e-05}
{"epoch": 10, "batch": 2750, "batches_per_epoch": 14609, "loss": 0.7197799682617188, "lr": 5e-05}
{"epoch": 10, "batch": 2800, "batches_per_epoch": 14609, "loss": 0.6762558817863464, "lr": 5e-05}
{"epoch": 10, "batch": 2850, "batches_per_epoch": 14609, "loss": 0.712878406047821, "lr": 5e-05}
{"epoch": 10, "batch": 2900, "batches_per_epoch": 14609, "loss": 0.70709228515625, "lr": 5e-05}
{"epoch": 10, "batch": 2950, "batches_per_epoch": 14609, "loss": 0.7077541351318359, "lr": 5e-05}
{"checkpoint": "/content/GenAI/task1_llm/member_denisha/checkpoints/gpt_from_scratch_latest.pt", "epoch": 10, "batch": 3000}
{"epoch": 10, "batch": 3000, "batches_per_epoch": 14609, "loss": 0.6898687481880188, "lr": 5e-05}
{"epoch": 10, "batch": 3050, "batches_per_epoch": 14609, "loss": 0.746385395526886, "lr": 5e-05}
{"epoch": 10, "batch": 3100, "batches_per_epoch": 14609, "loss": 0.7244443893432617, "lr": 5e-05}
{"epoch": 10, "batch": 3150, "batches_per_epoch": 14609, "loss": 0.6685042381286621, "lr": 5e-05}
{"epoch": 10, "batch": 3200, "batches_per_epoch": 14609, "loss": 0.6824972033500671, "lr": 5e-05}
{"epoch": 10, "batch": 3250, "batches_per_epoch": 14609, "loss": 0.7310795783996582, "lr": 5e-05}
{"epoch": 10, "batch": 3300, "batches_per_epoch": 14609, "loss": 0.6918593049049377, "lr": 5e-05}
{"epoch": 10, "batch": 3350, "batches_per_epoch": 14609, "loss": 0.7359583973884583, "lr": 5e-05}
{"epoch": 10, "batch": 3400, "batches_per_epoch": 14609, "loss": 0.7247480750083923, "lr": 5e-05}
{"epoch": 10, "batch": 3450, "batches_per_epoch": 14609, "loss": 0.7278644442558289, "lr": 5e-05}
{"checkpoint": "/content/GenAI/task1_llm/member_denisha/checkpoints/gpt_from_scratch_latest.pt", "epoch": 10, "batch": 3500}
{"epoch": 10, "batch": 3500, "batches_per_epoch": 14609, "loss": 0.7296894192695618, "lr": 5e-05}
{"epoch": 10, "batch": 3550, "batches_per_epoch": 14609, "loss": 0.7544970512390137, "lr": 5e-05}
{"epoch": 10, "batch": 3600, "batches_per_epoch": 14609, "loss": 0.7564290165901184, "lr": 5e-05}
{"epoch": 10, "batch": 3650, "batches_per_epoch": 14609, "loss": 0.697033703327179, "lr": 5e-05}
{"epoch": 10, "batch": 3700, "batches_per_epoch": 14609, "loss": 0.7399230599403381, "lr": 5e-05}
{"epoch": 10, "batch": 3750, "batches_per_epoch": 14609, "loss": 0.7206932902336121, "lr": 5e-05}
{"epoch": 10, "batch": 3800, "batches_per_epoch": 14609, "loss": 0.697845458984375, "lr": 5e-05}
{"epoch": 10, "batch": 3850, "batches_per_epoch": 14609, "loss": 0.7036034464836121, "lr": 5e-05}
{"epoch": 10, "batch": 3900, "batches_per_epoch": 14609, "loss": 0.7086049914360046, "lr": 5e-05}
{"epoch": 10, "batch": 3950, "batches_per_epoch": 14609, "loss": 0.7490653395652771, "lr": 5e-05}
{"checkpoint": "/content/GenAI/task1_llm/member_denisha/checkpoints/gpt_from_scratch_latest.pt", "epoch": 10, "batch": 4000}
{"epoch": 10, "batch": 4000, "batches_per_epoch": 14609, "loss": 0.7459716796875, "lr": 5e-05}
{"epoch": 10, "batch": 4050, "batches_per_epoch": 14609, "loss": 0.708576500415802, "lr": 5e-05}
{"epoch": 10, "batch": 4100, "batches_per_epoch": 14609, "loss": 0.6932136416435242, "lr": 5e-05}
{"epoch": 10, "batch": 4150, "batches_per_epoch": 14609, "loss": 0.7305329442024231, "lr": 5e-05}
{"epoch": 10, "batch": 4200, "batches_per_epoch": 14609, "loss": 0.7360356450080872, "lr": 5e-05}
{"epoch": 10, "batch": 4250, "batches_per_epoch": 14609, "loss": 0.7269420623779297, "lr": 5e-05}
{"epoch": 10, "batch": 4300, "batches_per_epoch": 14609, "loss": 0.7390164732933044, "lr": 5e-05}
{"epoch": 10, "batch": 4350, "batches_per_epoch": 14609, "loss": 0.7122129797935486, "lr": 5e-05}
{"epoch": 10, "batch": 4400, "batches_per_epoch": 14609, "loss": 0.7191929817199707, "lr": 5e-05}
{"epoch": 10, "batch": 4450, "batches_per_epoch": 14609, "loss": 0.7032174468040466, "lr": 5e-05}
{"checkpoint": "/content/GenAI/task1_llm/member_denisha/checkpoints/gpt_from_scratch_latest.pt", "epoch": 10, "batch": 4500}
{"epoch": 10, "batch": 4500, "batches_per_epoch": 14609, "loss": 0.7019030451774597, "lr": 5e-05}
{"epoch": 10, "batch": 4550, "batches_per_epoch": 14609, "loss": 0.7184867858886719, "lr": 5e-05}
{"epoch": 10, "batch": 4600, "batches_per_epoch": 14609, "loss": 0.7276098132133484, "lr": 5e-05}
{"epoch": 10, "batch": 4650, "batches_per_epoch": 14609, "loss": 0.707703173160553, "lr": 5e-05}
{"epoch": 10, "batch": 4700, "batches_per_epoch": 14609, "loss": 0.7517924308776855, "lr": 5e-05}
{"epoch": 10, "batch": 4750, "batches_per_epoch": 14609, "loss": 0.7331600189208984, "lr": 5e-05}
{"epoch": 10, "batch": 4800, "batches_per_epoch": 14609, "loss": 0.6958327293395996, "lr": 5e-05}
{"epoch": 10, "batch": 4850, "batches_per_epoch": 14609, "loss": 0.7176433205604553, "lr": 5e-05}
{"epoch": 10, "batch": 4900, "batches_per_epoch": 14609, "loss": 0.6752746105194092, "lr": 5e-05}
{"epoch": 10, "batch": 4950, "batches_per_epoch": 14609, "loss": 0.7031822800636292, "lr": 5e-05}
{"checkpoint": "/content/GenAI/task1_llm/member_denisha/checkpoints/gpt_from_scratch_latest.pt", "epoch": 10, "batch": 5000}
{"epoch": 10, "batch": 5000, "batches_per_epoch": 14609, "loss": 0.726020336151123, "lr": 5e-05}
{"epoch": 10, "batch": 5050, "batches_per_epoch": 14609, "loss": 0.7005388736724854, "lr": 5e-05}
{"epoch": 10, "batch": 5100, "batches_per_epoch": 14609, "loss": 0.6740009784698486, "lr": 5e-05}
{"epoch": 10, "batch": 5150, "batches_per_epoch": 14609, "loss": 0.7072479128837585, "lr": 5e-05}
{"epoch": 10, "batch": 5200, "batches_per_epoch": 14609, "loss": 0.7277854084968567, "lr": 5e-05}
{"epoch": 10, "batch": 5250, "batches_per_epoch": 14609, "loss": 0.6648683547973633, "lr": 5e-05}
{"epoch": 10, "batch": 5300, "batches_per_epoch": 14609, "loss": 0.6960093379020691, "lr": 5e-05}
{"epoch": 10, "batch": 5350, "batches_per_epoch": 14609, "loss": 0.7086442112922668, "lr": 5e-05}
{"epoch": 10, "batch": 5400, "batches_per_epoch": 14609, "loss": 0.6934611797332764, "lr": 5e-05}
{"epoch": 10, "batch": 5450, "batches_per_epoch": 14609, "loss": 0.715321958065033, "lr": 5e-05}
{"checkpoint": "/content/GenAI/task1_llm/member_denisha/checkpoints/gpt_from_scratch_latest.pt", "epoch": 10, "batch": 5500}
{"epoch": 10, "batch": 5500, "batches_per_epoch": 14609, "loss": 0.7293488383293152, "lr": 5e-05}
{"epoch": 10, "batch": 5550, "batches_per_epoch": 14609, "loss": 0.6755550503730774, "lr": 5e-05}
{"epoch": 10, "batch": 5600, "batches_per_epoch": 14609, "loss": 0.7202394008636475, "lr": 5e-05}
{"epoch": 10, "batch": 5650, "batches_per_epoch": 14609, "loss": 0.7090162634849548, "lr": 5e-05}
{"epoch": 10, "batch": 5700, "batches_per_epoch": 14609, "loss": 0.7216311097145081, "lr": 5e-05}
{"epoch": 10, "batch": 5750, "batches_per_epoch": 14609, "loss": 0.6923303604125977, "lr": 5e-05}
{"epoch": 10, "batch": 5800, "batches_per_epoch": 14609, "loss": 0.6738772392272949, "lr": 5e-05}
{"epoch": 10, "batch": 5850, "batches_per_epoch": 14609, "loss": 0.706705629825592, "lr": 5e-05}
{"epoch": 10, "batch": 5900, "batches_per_epoch": 14609, "loss": 0.7451379895210266, "lr": 5e-05}
{"epoch": 10, "batch": 5950, "batches_per_epoch": 14609, "loss": 0.7303481101989746, "lr": 5e-05}
{"checkpoint": "/content/GenAI/task1_llm/member_denisha/checkpoints/gpt_from_scratch_latest.pt", "epoch": 10, "batch": 6000}
{"epoch": 10, "batch": 6000, "batches_per_epoch": 14609, "loss": 0.7178651690483093, "lr": 5e-05}
{"epoch": 10, "batch": 6050, "batches_per_epoch": 14609, "loss": 0.7255436778068542, "lr": 5e-05}
{"epoch": 10, "batch": 6100, "batches_per_epoch": 14609, "loss": 0.7154648900032043, "lr": 5e-05}
{"epoch": 10, "batch": 6150, "batches_per_epoch": 14609, "loss": 0.7008094787597656, "lr": 5e-05}
{"epoch": 10, "batch": 6200, "batches_per_epoch": 14609, "loss": 0.7213210463523865, "lr": 5e-05}
{"epoch": 10, "batch": 6250, "batches_per_epoch": 14609, "loss": 0.7537720799446106, "lr": 5e-05}
{"epoch": 10, "batch": 6300, "batches_per_epoch": 14609, "loss": 0.7330084443092346, "lr": 5e-05}
{"epoch": 10, "batch": 6350, "batches_per_epoch": 14609, "loss": 0.7094218134880066, "lr": 5e-05}
{"epoch": 10, "batch": 6400, "batches_per_epoch": 14609, "loss": 0.6962382197380066, "lr": 5e-05}
{"epoch": 10, "batch": 6450, "batches_per_epoch": 14609, "loss": 0.736893355846405, "lr": 5e-05}
{"checkpoint": "/content/GenAI/task1_llm/member_denisha/checkpoints/gpt_from_scratch_latest.pt", "epoch": 10, "batch": 6500}
{"epoch": 10, "batch": 6500, "batches_per_epoch": 14609, "loss": 0.7219640612602234, "lr": 5e-05}
{"epoch": 10, "batch": 6550, "batches_per_epoch": 14609, "loss": 0.7375314831733704, "lr": 5e-05}
{"epoch": 10, "batch": 6600, "batches_per_epoch": 14609, "loss": 0.7382084727287292, "lr": 5e-05}
{"epoch": 10, "batch": 6650, "batches_per_epoch": 14609, "loss": 0.6945088505744934, "lr": 5e-05}
{"epoch": 10, "batch": 6700, "batches_per_epoch": 14609, "loss": 0.733816385269165, "lr": 5e-05}
{"epoch": 10, "batch": 6750, "batches_per_epoch": 14609, "loss": 0.6700491905212402, "lr": 5e-05}
{"epoch": 10, "batch": 6800, "batches_per_epoch": 14609, "loss": 0.6890903115272522, "lr": 5e-05}
{"epoch": 10, "batch": 6850, "batches_per_epoch": 14609, "loss": 0.7209094166755676, "lr": 5e-05}
{"epoch": 10, "batch": 6900, "batches_per_epoch": 14609, "loss": 0.7501389384269714, "lr": 5e-05}
{"epoch": 10, "batch": 6950, "batches_per_epoch": 14609, "loss": 0.7209697365760803, "lr": 5e-05}
{"checkpoint": "/content/GenAI/task1_llm/member_denisha/checkpoints/gpt_from_scratch_latest.pt", "epoch": 10, "batch": 7000}
{"epoch": 10, "batch": 7000, "batches_per_epoch": 14609, "loss": 0.7227597236633301, "lr": 5e-05}
{"epoch": 10, "batch": 7050, "batches_per_epoch": 14609, "loss": 0.6651806831359863, "lr": 5e-05}
{"epoch": 10, "batch": 7100, "batches_per_epoch": 14609, "loss": 0.7065725922584534, "lr": 5e-05}
{"epoch": 10, "batch": 7150, "batches_per_epoch": 14609, "loss": 0.7051202654838562, "lr": 5e-05}
{"epoch": 10, "batch": 7200, "batches_per_epoch": 14609, "loss": 0.682420015335083, "lr": 5e-05}
{"epoch": 10, "batch": 7250, "batches_per_epoch": 14609, "loss": 0.6895166039466858, "lr": 5e-05}
{"epoch": 10, "batch": 7300, "batches_per_epoch": 14609, "loss": 0.6908225417137146, "lr": 5e-05}
{"epoch": 10, "batch": 7350, "batches_per_epoch": 14609, "loss": 0.7083476185798645, "lr": 5e-05}
{"epoch": 10, "batch": 7400, "batches_per_epoch": 14609, "loss": 0.7199549674987793, "lr": 5e-05}
{"epoch": 10, "batch": 7450, "batches_per_epoch": 14609, "loss": 0.7133731245994568, "lr": 5e-05}
{"checkpoint": "/content/GenAI/task1_llm/member_denisha/checkpoints/gpt_from_scratch_latest.pt", "epoch": 10, "batch": 7500}
{"epoch": 10, "batch": 7500, "batches_per_epoch": 14609, "loss": 0.7161848545074463, "lr": 5e-05}
{"epoch": 10, "batch": 7550, "batches_per_epoch": 14609, "loss": 0.6866495609283447, "lr": 5e-05}
{"epoch": 10, "batch": 7600, "batches_per_epoch": 14609, "loss": 0.6979727149009705, "lr": 5e-05}
{"epoch": 10, "batch": 7650, "batches_per_epoch": 14609, "loss": 0.7426155209541321, "lr": 5e-05}
{"epoch": 10, "batch": 7700, "batches_per_epoch": 14609, "loss": 0.7461983561515808, "lr": 5e-05}
{"epoch": 10, "batch": 7750, "batches_per_epoch": 14609, "loss": 0.7480108141899109, "lr": 5e-05}
{"epoch": 10, "batch": 7800, "batches_per_epoch": 14609, "loss": 0.7334127426147461, "lr": 5e-05}
{"epoch": 10, "batch": 7850, "batches_per_epoch": 14609, "loss": 0.7087510228157043, "lr": 5e-05}
{"epoch": 10, "batch": 7900, "batches_per_epoch": 14609, "loss": 0.7190716862678528, "lr": 5e-05}
{"epoch": 10, "batch": 7950, "batches_per_epoch": 14609, "loss": 0.6939587593078613, "lr": 5e-05}
{"checkpoint": "/content/GenAI/task1_llm/member_denisha/checkpoints/gpt_from_scratch_latest.pt", "epoch": 10, "batch": 8000}
{"epoch": 10, "batch": 8000, "batches_per_epoch": 14609, "loss": 0.7191919684410095, "lr": 5e-05}
{"epoch": 10, "batch": 8050, "batches_per_epoch": 14609, "loss": 0.7248699069023132, "lr": 5e-05}
{"epoch": 10, "batch": 8100, "batches_per_epoch": 14609, "loss": 0.7030908465385437, "lr": 5e-05}
{"epoch": 10, "batch": 8150, "batches_per_epoch": 14609, "loss": 0.6815471649169922, "lr": 5e-05}
{"epoch": 10, "batch": 8200, "batches_per_epoch": 14609, "loss": 0.7422062754631042, "lr": 5e-05}
{"epoch": 10, "batch": 8250, "batches_per_epoch": 14609, "loss": 0.6888633370399475, "lr": 5e-05}
{"epoch": 10, "batch": 8300, "batches_per_epoch": 14609, "loss": 0.700286328792572, "lr": 5e-05}
{"epoch": 10, "batch": 8350, "batches_per_epoch": 14609, "loss": 0.6879901885986328, "lr": 5e-05}
{"epoch": 10, "batch": 8400, "batches_per_epoch": 14609, "loss": 0.7358529567718506, "lr": 5e-05}
{"epoch": 10, "batch": 8450, "batches_per_epoch": 14609, "loss": 0.7189127802848816, "lr": 5e-05}
{"checkpoint": "/content/GenAI/task1_llm/member_denisha/checkpoints/gpt_from_scratch_latest.pt", "epoch": 10, "batch": 8500}
{"epoch": 10, "batch": 8500, "batches_per_epoch": 14609, "loss": 0.7118627429008484, "lr": 5e-05}
{"epoch": 10, "batch": 8550, "batches_per_epoch": 14609, "loss": 0.7267505526542664, "lr": 5e-05}
{"epoch": 10, "batch": 8600, "batches_per_epoch": 14609, "loss": 0.6844586730003357, "lr": 5e-05}
{"epoch": 10, "batch": 8650, "batches_per_epoch": 14609, "loss": 0.7271035313606262, "lr": 5e-05}
{"epoch": 10, "batch": 8700, "batches_per_epoch": 14609, "loss": 0.7364284992218018, "lr": 5e-05}
{"epoch": 10, "batch": 8750, "batches_per_epoch": 14609, "loss": 0.7408290505409241, "lr": 5e-05}
{"epoch": 10, "batch": 8800, "batches_per_epoch": 14609, "loss": 0.7026426196098328, "lr": 5e-05}
{"epoch": 10, "batch": 8850, "batches_per_epoch": 14609, "loss": 0.6694262623786926, "lr": 5e-05}
{"epoch": 10, "batch": 8900, "batches_per_epoch": 14609, "loss": 0.7389586567878723, "lr": 5e-05}
{"epoch": 10, "batch": 8950, "batches_per_epoch": 14609, "loss": 0.6954421997070312, "lr": 5e-05}
{"checkpoint": "/content/GenAI/task1_llm/member_denisha/checkpoints/gpt_from_scratch_latest.pt", "epoch": 10, "batch": 9000}
{"epoch": 10, "batch": 9000, "batches_per_epoch": 14609, "loss": 0.7102685570716858, "lr": 5e-05}
{"epoch": 10, "batch": 9050, "batches_per_epoch": 14609, "loss": 0.701713502407074, "lr": 5e-05}
{"epoch": 10, "batch": 9100, "batches_per_epoch": 14609, "loss": 0.683793306350708, "lr": 5e-05}
{"epoch": 10, "batch": 9150, "batches_per_epoch": 14609, "loss": 0.7507125735282898, "lr": 5e-05}
{"epoch": 10, "batch": 9200, "batches_per_epoch": 14609, "loss": 0.7071517109870911, "lr": 5e-05}
{"epoch": 10, "batch": 9250, "batches_per_epoch": 14609, "loss": 0.7445229887962341, "lr": 5e-05}
{"epoch": 10, "batch": 9300, "batches_per_epoch": 14609, "loss": 0.6982569694519043, "lr": 5e-05}
{"epoch": 10, "batch": 9350, "batches_per_epoch": 14609, "loss": 0.7188161015510559, "lr": 5e-05}
{"epoch": 10, "batch": 9400, "batches_per_epoch": 14609, "loss": 0.6818410754203796, "lr": 5e-05}
{"epoch": 10, "batch": 9450, "batches_per_epoch": 14609, "loss": 0.7404991984367371, "lr": 5e-05}
{"checkpoint": "/content/GenAI/task1_llm/member_denisha/checkpoints/gpt_from_scratch_latest.pt", "epoch": 10, "batch": 9500}
{"epoch": 10, "batch": 9500, "batches_per_epoch": 14609, "loss": 0.7383497357368469, "lr": 5e-05}
{"epoch": 10, "batch": 9550, "batches_per_epoch": 14609, "loss": 0.7412306666374207, "lr": 5e-05}
{"epoch": 10, "batch": 9600, "batches_per_epoch": 14609, "loss": 0.687645435333252, "lr": 5e-05}
{"epoch": 10, "batch": 9650, "batches_per_epoch": 14609, "loss": 0.7189123630523682, "lr": 5e-05}
{"epoch": 10, "batch": 9700, "batches_per_epoch": 14609, "loss": 0.737306535243988, "lr": 5e-05}
{"epoch": 10, "batch": 9750, "batches_per_epoch": 14609, "loss": 0.7245317101478577, "lr": 5e-05}
{"epoch": 10, "batch": 9800, "batches_per_epoch": 14609, "loss": 0.7157838344573975, "lr": 5e-05}
{"epoch": 10, "batch": 9850, "batches_per_epoch": 14609, "loss": 0.751394510269165, "lr": 5e-05}
{"epoch": 10, "batch": 9900, "batches_per_epoch": 14609, "loss": 0.6960275769233704, "lr": 5e-05}
{"epoch": 10, "batch": 9950, "batches_per_epoch": 14609, "loss": 0.6896772384643555, "lr": 5e-05}
{"checkpoint": "/content/GenAI/task1_llm/member_denisha/checkpoints/gpt_from_scratch_latest.pt", "epoch": 10, "batch": 10000}
{"epoch": 10, "batch": 10000, "batches_per_epoch": 14609, "loss": 0.6881348490715027, "lr": 5e-05}
{"epoch": 10, "batch": 10050, "batches_per_epoch": 14609, "loss": 0.7441573143005371, "lr": 5e-05}
{"epoch": 10, "batch": 10100, "batches_per_epoch": 14609, "loss": 0.6746707558631897, "lr": 5e-05}
{"epoch": 10, "batch": 10150, "batches_per_epoch": 14609, "loss": 0.7244613170623779, "lr": 5e-05}
{"epoch": 10, "batch": 10200, "batches_per_epoch": 14609, "loss": 0.7124579548835754, "lr": 5e-05}
{"epoch": 10, "batch": 10250, "batches_per_epoch": 14609, "loss": 0.7021965980529785, "lr": 5e-05}
{"epoch": 10, "batch": 10300, "batches_per_epoch": 14609, "loss": 0.6950550675392151, "lr": 5e-05}
{"epoch": 10, "batch": 10350, "batches_per_epoch": 14609, "loss": 0.6818552017211914, "lr": 5e-05}
{"epoch": 10, "batch": 10400, "batches_per_epoch": 14609, "loss": 0.7577878832817078, "lr": 5e-05}
{"epoch": 10, "batch": 10450, "batches_per_epoch": 14609, "loss": 0.7430216670036316, "lr": 5e-05}
{"checkpoint": "/content/GenAI/task1_llm/member_denisha/checkpoints/gpt_from_scratch_latest.pt", "epoch": 10, "batch": 10500}
{"epoch": 10, "batch": 10500, "batches_per_epoch": 14609, "loss": 0.7178753018379211, "lr": 5e-05}
{"epoch": 10, "batch": 10550, "batches_per_epoch": 14609, "loss": 0.689812183380127, "lr": 5e-05}
{"epoch": 10, "batch": 10600, "batches_per_epoch": 14609, "loss": 0.7173201441764832, "lr": 5e-05}
{"epoch": 10, "batch": 10650, "batches_per_epoch": 14609, "loss": 0.7369710803031921, "lr": 5e-05}
{"epoch": 10, "batch": 10700, "batches_per_epoch": 14609, "loss": 0.6944270133972168, "lr": 5e-05}
{"epoch": 10, "batch": 10750, "batches_per_epoch": 14609, "loss": 0.7533087134361267, "lr": 5e-05}
{"epoch": 10, "batch": 10800, "batches_per_epoch": 14609, "loss": 0.6996903419494629, "lr": 5e-05}
{"epoch": 10, "batch": 10850, "batches_per_epoch": 14609, "loss": 0.6992794871330261, "lr": 5e-05}
{"epoch": 10, "batch": 10900, "batches_per_epoch": 14609, "loss": 0.7211605906486511, "lr": 5e-05}
{"epoch": 10, "batch": 10950, "batches_per_epoch": 14609, "loss": 0.7042035460472107, "lr": 5e-05}
{"checkpoint": "/content/GenAI/task1_llm/member_denisha/checkpoints/gpt_from_scratch_latest.pt", "epoch": 10, "batch": 11000}
{"epoch": 10, "batch": 11000, "batches_per_epoch": 14609, "loss": 0.7304894924163818, "lr": 5e-05}
{"epoch": 10, "batch": 11050, "batches_per_epoch": 14609, "loss": 0.734015166759491, "lr": 5e-05}
{"epoch": 10, "batch": 11100, "batches_per_epoch": 14609, "loss": 0.7112912535667419, "lr": 5e-05}
{"epoch": 10, "batch": 11150, "batches_per_epoch": 14609, "loss": 0.7264032959938049, "lr": 5e-05}
{"epoch": 10, "batch": 11200, "batches_per_epoch": 14609, "loss": 0.7267284393310547, "lr": 5e-05}
{"epoch": 10, "batch": 11250, "batches_per_epoch": 14609, "loss": 0.7150097489356995, "lr": 5e-05}
{"epoch": 10, "batch": 11300, "batches_per_epoch": 14609, "loss": 0.708374559879303, "lr": 5e-05}
{"epoch": 10, "batch": 11350, "batches_per_epoch": 14609, "loss": 0.7125928997993469, "lr": 5e-05}
{"epoch": 10, "batch": 11400, "batches_per_epoch": 14609, "loss": 0.7006740570068359, "lr": 5e-05}
{"epoch": 10, "batch": 11450, "batches_per_epoch": 14609, "loss": 0.694364070892334, "lr": 5e-05}
{"checkpoint": "/content/GenAI/task1_llm/member_denisha/checkpoints/gpt_from_scratch_latest.pt", "epoch": 10, "batch": 11500}
{"epoch": 10, "batch": 11500, "batches_per_epoch": 14609, "loss": 0.7296305298805237, "lr": 5e-05}
{"epoch": 10, "batch": 11550, "batches_per_epoch": 14609, "loss": 0.7105959057807922, "lr": 5e-05}
{"epoch": 10, "batch": 11600, "batches_per_epoch": 14609, "loss": 0.6617512106895447, "lr": 5e-05}
{"epoch": 10, "batch": 11650, "batches_per_epoch": 14609, "loss": 0.6799774169921875, "lr": 5e-05}
{"epoch": 10, "batch": 11700, "batches_per_epoch": 14609, "loss": 0.7271540760993958, "lr": 5e-05}
{"epoch": 10, "batch": 11750, "batches_per_epoch": 14609, "loss": 0.7266203761100769, "lr": 5e-05}
{"epoch": 10, "batch": 11800, "batches_per_epoch": 14609, "loss": 0.7189828753471375, "lr": 5e-05}
{"epoch": 10, "batch": 11850, "batches_per_epoch": 14609, "loss": 0.7251782417297363, "lr": 5e-05}
{"epoch": 10, "batch": 11900, "batches_per_epoch": 14609, "loss": 0.7250456809997559, "lr": 5e-05}
{"epoch": 10, "batch": 11950, "batches_per_epoch": 14609, "loss": 0.7408542633056641, "lr": 5e-05}
{"checkpoint": "/content/GenAI/task1_llm/member_denisha/checkpoints/gpt_from_scratch_latest.pt", "epoch": 10, "batch": 12000}
{"epoch": 10, "batch": 12000, "batches_per_epoch": 14609, "loss": 0.6995593905448914, "lr": 5e-05}
{"epoch": 10, "batch": 12050, "batches_per_epoch": 14609, "loss": 0.7137091755867004, "lr": 5e-05}
{"epoch": 10, "batch": 12100, "batches_per_epoch": 14609, "loss": 0.7064456343650818, "lr": 5e-05}
{"epoch": 10, "batch": 12150, "batches_per_epoch": 14609, "loss": 0.6905876994132996, "lr": 5e-05}
{"epoch": 10, "batch": 12200, "batches_per_epoch": 14609, "loss": 0.6797857284545898, "lr": 5e-05}
{"epoch": 10, "batch": 12250, "batches_per_epoch": 14609, "loss": 0.7107588648796082, "lr": 5e-05}
{"epoch": 10, "batch": 12300, "batches_per_epoch": 14609, "loss": 0.6893059611320496, "lr": 5e-05}
{"epoch": 10, "batch": 12350, "batches_per_epoch": 14609, "loss": 0.6872355341911316, "lr": 5e-05}
{"epoch": 10, "batch": 12400, "batches_per_epoch": 14609, "loss": 0.7298791408538818, "lr": 5e-05}
{"epoch": 10, "batch": 12450, "batches_per_epoch": 14609, "loss": 0.7545552253723145, "lr": 5e-05}
{"checkpoint": "/content/GenAI/task1_llm/member_denisha/checkpoints/gpt_from_scratch_latest.pt", "epoch": 10, "batch": 12500}
{"epoch": 10, "batch": 12500, "batches_per_epoch": 14609, "loss": 0.6949151158332825, "lr": 5e-05}
{"epoch": 10, "batch": 12550, "batches_per_epoch": 14609, "loss": 0.6855039596557617, "lr": 5e-05}
{"epoch": 10, "batch": 12600, "batches_per_epoch": 14609, "loss": 0.6997385025024414, "lr": 5e-05}
{"epoch": 10, "batch": 12650, "batches_per_epoch": 14609, "loss": 0.7118489146232605, "lr": 5e-05}
{"epoch": 10, "batch": 12700, "batches_per_epoch": 14609, "loss": 0.7398020625114441, "lr": 5e-05}
{"epoch": 10, "batch": 12750, "batches_per_epoch": 14609, "loss": 0.7308869957923889, "lr": 5e-05}
{"epoch": 10, "batch": 12800, "batches_per_epoch": 14609, "loss": 0.6932587623596191, "lr": 5e-05}
{"epoch": 10, "batch": 12850, "batches_per_epoch": 14609, "loss": 0.7079645991325378, "lr": 5e-05}
{"epoch": 10, "batch": 12900, "batches_per_epoch": 14609, "loss": 0.706876277923584, "lr": 5e-05}
{"epoch": 10, "batch": 12950, "batches_per_epoch": 14609, "loss": 0.6930469870567322, "lr": 5e-05}
{"checkpoint": "/content/GenAI/task1_llm/member_denisha/checkpoints/gpt_from_scratch_latest.pt", "epoch": 10, "batch": 13000}
{"epoch": 10, "batch": 13000, "batches_per_epoch": 14609, "loss": 0.7193675637245178, "lr": 5e-05}
{"epoch": 10, "batch": 13050, "batches_per_epoch": 14609, "loss": 0.6956549286842346, "lr": 5e-05}
{"epoch": 10, "batch": 13100, "batches_per_epoch": 14609, "loss": 0.6813373565673828, "lr": 5e-05}
{"epoch": 10, "batch": 13150, "batches_per_epoch": 14609, "loss": 0.7184543609619141, "lr": 5e-05}
{"epoch": 10, "batch": 13200, "batches_per_epoch": 14609, "loss": 0.6589195132255554, "lr": 5e-05}
{"epoch": 10, "batch": 13250, "batches_per_epoch": 14609, "loss": 0.6776108741760254, "lr": 5e-05}
{"epoch": 10, "batch": 13300, "batches_per_epoch": 14609, "loss": 0.7629950642585754, "lr": 5e-05}
{"epoch": 10, "batch": 13350, "batches_per_epoch": 14609, "loss": 0.6900865435600281, "lr": 5e-05}
{"epoch": 10, "batch": 13400, "batches_per_epoch": 14609, "loss": 0.7254278659820557, "lr": 5e-05}
{"epoch": 10, "batch": 13450, "batches_per_epoch": 14609, "loss": 0.7187607288360596, "lr": 5e-05}
{"checkpoint": "/content/GenAI/task1_llm/member_denisha/checkpoints/gpt_from_scratch_latest.pt", "epoch": 10, "batch": 13500}
{"epoch": 10, "batch": 13500, "batches_per_epoch": 14609, "loss": 0.6634814143180847, "lr": 5e-05}
{"epoch": 10, "batch": 13550, "batches_per_epoch": 14609, "loss": 0.7085407376289368, "lr": 5e-05}
{"epoch": 10, "batch": 13600, "batches_per_epoch": 14609, "loss": 0.7190282940864563, "lr": 5e-05}
{"epoch": 10, "batch": 13650, "batches_per_epoch": 14609, "loss": 0.6871962547302246, "lr": 5e-05}
{"epoch": 10, "batch": 13700, "batches_per_epoch": 14609, "loss": 0.7433748245239258, "lr": 5e-05}
{"epoch": 10, "batch": 13750, "batches_per_epoch": 14609, "loss": 0.7182300686836243, "lr": 5e-05}
{"epoch": 10, "batch": 13800, "batches_per_epoch": 14609, "loss": 0.753643810749054, "lr": 5e-05}
{"epoch": 10, "batch": 13850, "batches_per_epoch": 14609, "loss": 0.7290207743644714, "lr": 5e-05}
{"epoch": 10, "batch": 13900, "batches_per_epoch": 14609, "loss": 0.6994158625602722, "lr": 5e-05}
{"epoch": 10, "batch": 13950, "batches_per_epoch": 14609, "loss": 0.6812593340873718, "lr": 5e-05}
{"checkpoint": "/content/GenAI/task1_llm/member_denisha/checkpoints/gpt_from_scratch_latest.pt", "epoch": 10, "batch": 14000}
{"epoch": 10, "batch": 14000, "batches_per_epoch": 14609, "loss": 0.684208869934082, "lr": 5e-05}
{"epoch": 10, "batch": 14050, "batches_per_epoch": 14609, "loss": 0.7356923222541809, "lr": 5e-05}
{"epoch": 10, "batch": 14100, "batches_per_epoch": 14609, "loss": 0.6724198460578918, "lr": 5e-05}
{"epoch": 10, "batch": 14150, "batches_per_epoch": 14609, "loss": 0.7079150080680847, "lr": 5e-05}
{"epoch": 10, "batch": 14200, "batches_per_epoch": 14609, "loss": 0.695328414440155, "lr": 5e-05}
{"epoch": 10, "batch": 14250, "batches_per_epoch": 14609, "loss": 0.6973487734794617, "lr": 5e-05}
{"epoch": 10, "batch": 14300, "batches_per_epoch": 14609, "loss": 0.7152440547943115, "lr": 5e-05}
{"epoch": 10, "batch": 14350, "batches_per_epoch": 14609, "loss": 0.7218611836433411, "lr": 5e-05}
{"epoch": 10, "batch": 14400, "batches_per_epoch": 14609, "loss": 0.6874179244041443, "lr": 5e-05}
{"epoch": 10, "batch": 14450, "batches_per_epoch": 14609, "loss": 0.7318697571754456, "lr": 5e-05}
{"checkpoint": "/content/GenAI/task1_llm/member_denisha/checkpoints/gpt_from_scratch_latest.pt", "epoch": 10, "batch": 14500}
{"epoch": 10, "batch": 14500, "batches_per_epoch": 14609, "loss": 0.6829073429107666, "lr": 5e-05}
{"epoch": 10, "batch": 14550, "batches_per_epoch": 14609, "loss": 0.6962001919746399, "lr": 5e-05}
{"epoch": 10, "batch": 14600, "batches_per_epoch": 14609, "loss": 0.6887786984443665, "lr": 5e-05}
{"epoch": 10, "train_loss": 0.712783145977165, "val_loss": 0.6822180123602506, "val_accuracy": 0.782189716882634, "grad_norm": 0.2318199872970581, "lr": 5e-05}
{
  "train_loss": 0.712783145977165,
  "validation_loss": 0.6822180123602506,
  "perplexity": 1.9782606763534245,
  "bits_per_character": 0.9842325432372591,
  "generalization_gap": -0.030565133616914375,
  "top1_next_character_accuracy": 0.782189716882634,
  "final_grad_norm": 0.2318199872970581,
  "max_grad_norm": 0.28718411922454834,
  "gradient_nan_count": 0,
  "parameter_count": 3250688,
  "training_tokens_per_second": 224657.93113441812,
  "generation_tokens_per_second": 268.03633555696325,
  "peak_memory_mb": 408.31884765625,
  "training_time_seconds": 3995.2879271507263,
  "device": "cuda",
  "vocabulary_size": 114,
  "distinct_1": 0.10802469135802469,
  "distinct_2": 0.4582043343653251,
  "distinct_3": 0.7360248447204969,
  "repeated_4gram_rate": 0.1526479750778816
}
